scenario_id,scenario_date,flight_plan_id,aircraft_id,aircraft_type_id,seat_capacity,passenger_count,passenger_load_factor,origin_vertiport_id,origin_vertiport_name,destination_vertiport_id,destination_vertiport_name,demand_hour,departure_stand_id,departure_fato_id,arrival_stand_id,arrival_fato_id,off_block_time,departure_handoff_time,touchdown_time,in_block_time,turnaround_complete_time,off_block_to_departure_handoff_sec,departure_handoff_to_touchdown_sec,touchdown_to_in_block_sec,block_time_sec,departure_resource_wait_sec,arrival_resource_wait_sec,flight_status,lift_off_time,airborne_time_sec,route_waypoint_count,route_path
7b768b2566f7,2026-10-10,FPL000001,UAM0001,a4,4,4,1.0,VP001,여의도,VP013,강남,6,G1,F1,G8,F2,06:30:00,06:35:14,06:47:25,07:04:28,07:14:28,314.08,730.64,1022.88,2067.6,0,839.52,ready,06:34:57,747.44,12,"[""여의도 F1"", ""지점 32"", ""여의동 2"", ""이촌2동"", ""이촌동 2"", ""이촌동"", ""반포동"", ""잠원동 2"", ""잠원동"", ""주흥교"", ""반포1동"", ""강남 F2""]"
7b768b2566f7,2026-10-10,FPL000002,UAM0019,a4,4,4,1.0,VP001,여의도,VP015,마곡,6,G2,F1,G7,F2,06:30:20,06:40:35,06:52:14,07:04:08,07:14:08,614.72,699.4,713.48,2027.6,320.64,430.28,ready,06:40:18,716.2,9,"[""여의도 F1"", ""지점 11"", ""선유도 17고지"", ""성산대교 중간지점"", ""상암동"", ""덕은동"", ""개화동"", ""하야동 2"", ""마곡 F2""]"
7b768b2566f7,2026-10-10,FPL000003,UAM0020,a4,4,4,1.0,VP001,여의도,VP008,사당,6,G3,F1,G4,F2,06:30:54,06:45:55,06:55:43,07:00:26,07:10:26,901.28,587.5,283.2,1771.98,655.36,0.0,ready,06:45:39,604.3,9,"[""여의도 F1"", ""영등포"", ""신림동 2"", ""신림동"", ""은천동"", ""봉천동"", ""행운동"", ""인헌동"", ""사당 F2""]"
7b768b2566f7,2026-10-10,FPL000004,UAM0021,a4,4,4,1.0,VP001,여의도,VP009,성수,6,G4,F1,G3,F2,06:31:14,06:51:16,07:02:06,07:06:49,07:16:49,1201.92,649.8,283.2,2134.92,976.0,0.0,ready,06:50:59,666.6,12,"[""여의도 F1"", ""지점 32"", ""여의동 2"", ""이촌2동"", ""이촌동 2"", ""이촌동"", ""반포동"", ""잠원동 2"", ""신사동 2"", ""신사동"", ""성수대교 남단"", ""성수 F2""]"
7b768b2566f7,2026-10-10,FPL000005,UAM0002,a4,4,4,1.0,VP002,잠실,VP009,성수,6,G1,F1,G3,F2,06:30:00,06:35:28,06:41:42,06:46:26,06:56:26,328.16,374.2,283.2,985.56,0,0.0,ready,06:35:11,391.0,5,"[""잠실 F1"", ""지점 3"", ""청담대교 중간지점"", ""지점 2"", ""성수 F2""]"
7b768b2566f7,2026-10-10,FPL000006,UAM0022,a4,4,4,1.0,VP002,잠실,VP011,천호,6,G2,F1,G8,F2,06:30:20,06:40:49,06:48:35,07:04:28,07:14:28,628.8,466.22,952.58,2047.6,320.64,693.0,ready,06:40:32,483.02,7,"[""잠실 F1"", ""지점 3"", ""자양2동"", ""잠실대교 중간지점"", ""지점 4"", ""천호대교 중간지점"", ""천호 F2""]"
7b768b2566f7,2026-10-10,FPL000007,UAM0023,a4,4,4,1.0,VP002,잠실,VP015,마곡,6,G3,F1,G4,F2,06:30:54,06:46:09,07:17:07,07:22:18,07:32:18,915.36,1857.52,311.36,3084.24,655.36,665.12,ready,06:45:53,1874.32,25,"[""잠실 F1"", ""지점 3"", ""청담대교 중간지점"", ""지점 2"", ""성수대교 남단"", ""신사동"", ""약수동"", ""지점 39"", ""후암동"", ""회현동2가"", ""남영동"", ""충정로3가"", ""아현동"", ""대현동"", ""20통"", ""동교동"", ""서교동"", ""합정동"", ""선유도 17고지"", ""성산대교 중간지점"", ""상암동"", ""덕은동"", ""개화동"", ""하야동 2"", ""마곡 F2""]"
7b768b2566f7,2026-10-10,FPL000008,UAM0024,a4,4,4,1.0,VP002,잠실,VP001,여의도,6,G4,F1,G2,F2,06:31:14,06:51:30,07:07:45,07:12:43,07:22:43,1216.0,975.14,297.28,2488.42,976.0,220.74,ready,06:51:13,991.94,15,"[""잠실 F1"", ""지점 3"", ""청담대교 중간지점"", ""지점 2"", ""성수대교 남단"", ""신사동"", ""신사동 2"", ""잠원동 2"", ""반포동"", ""이촌동"", ""이촌동 2"", ""이촌2동"", ""여의동 2"", ""지점 32"", ""여의도 F2""]"
7b768b2566f7,2026-10-10,FPL000009,UAM0025,a4,4,4,1.0,VP002,잠실,VP009,성수,6,G5,F1,G1,F2,06:36:49,06:56:51,07:06:26,07:11:24,07:21:24,1201.92,575.72,297.28,2074.92,1310.72,201.52,ready,06:56:34,592.52,5,"[""잠실 F1"", ""지점 3"", ""청담대교 중간지점"", ""지점 2"", ""성수 F2""]"
7b768b2566f7,2026-10-10,FPL000010,UAM0026,a4,4,4,1.0,VP002,잠실,VP014,가산,6,G6,F1,G5,F2,06:42:09,07:02:11,07:31:40,07:36:23,07:46:23,1201.92,1768.36,283.2,3253.48,1631.36,828.96,ready,07:01:55,1785.16,23,"[""잠실 F1"", ""잠실7동"", ""대치교"", ""지점 6"", ""지점 7"", ""지점 8"", ""지점 10"", ""양재동"", ""경부고속도로 양재천 다리"", ""지점 19"", ""방배동"", ""방배2동"", ""남현동"", ""인헌동"", ""행운동"", ""봉천동"", ""은천동"", ""신림동"", ""신림동 2"", ""신사동 3"", ""지점 9"", ""가산동"", ""가산 F2""]"
7b768b2566f7,2026-10-10,FPL000011,UAM0003,a4,4,4,1.0,VP003,상암,VP011,천호,6,G1,F1,G5,F2,06:30:00,06:35:14,07:04:05,07:09:02,07:19:02,314.08,1730.96,297.28,2342.32,0,839.46,ready,06:34:57,1747.76,21,"[""상암 F1"", ""서교동"", ""동교동"", ""20통"", ""대현동"", ""아현동"", ""충정로3가"", ""남영동"", ""회현동2가"", ""후암동"", ""지점 39"", ""약수동"", ""신사동"", ""성수대교 남단"", ""지점 2"", ""청담대교 중간지점"", ""자양2동"", ""잠실대교 중간지점"", ""지점 4"", ""천호대교 중간지점"", ""천호 F2""]"
7b768b2566f7,2026-10-10,FPL000012,UAM0027,a4,4,4,1.0,VP003,상암,VP016,망우,6,G2,F1,G4,F2,06:30:20,06:40:35,07:00:10,07:04:53,07:14:53,614.72,1174.94,283.2,2072.86,320.64,181.54,ready,06:40:18,1191.74,22,"[""상암 F1"", ""서교동"", ""동교동"", ""20통"", ""대현동"", ""아현동"", ""충정로3가"", ""남영동"", ""회현동2가"", ""후암동"", ""지점 39"", ""약수동"", ""신사동"", ""응봉동"", ""지점 12"", ""송정동"", ""중곡1동"", ""지점"", ""중랑천 제방길"", ""중랑철교"", ""중화동"", ""망우 F2""]"
7b768b2566f7,2026-10-10,FPL000013,UAM0028,a4,4,4,1.0,VP003,상암,VP015,마곡,6,G3,F1,G8,F2,06:30:54,06:45:55,06:56:35,07:04:28,07:14:28,901.28,639.4,472.84,2013.52,655.36,280.04,ready,06:45:39,656.2,6,"[""상암 F1"", ""지점 25"", ""덕은동"", ""개화동"", ""하야동 2"", ""마곡 F2""]"
7b768b2566f7,2026-10-10,FPL000014,UAM0029,a4,4,4,1.0,VP003,상암,VP018,인천,6,G4,F1,G5,F2,06:31:14,06:51:16,07:11:37,07:16:34,07:26:34,1201.92,1221.2,297.28,2720.4,976.0,0.0,ready,06:50:59,1238.0,14,"[""상암 F1"", ""지점 25"", ""덕은동"", ""개화동"", ""하야동 2"", ""하야동"", ""선주지동"", ""목상동"", ""시천동 아라로"", ""지점 22"", ""영종대교"", ""영종동"", ""운북동"", ""인천 F2""]"
7b768b2566f7,2026-10-10,FPL000015,UAM0004,a4,4,4,1.0,VP004,용산,VP012,광화문,6,G1,F1,G3,F2,06:30:00,06:35:14,06:41:08,06:45:52,06:55:52,314.08,354.4,283.2,951.68,0,0.0,ready,06:34:57,371.2,6,"[""용산 F1"", ""한강로2가"", ""한강로1가"", ""청파동1가"", ""남영동"", ""광화문 F2""]"
7b768b2566f7,2026-10-10,FPL000016,UAM0030,a4,4,3,0.75,VP004,용산,VP011,천호,6,G2,F1,G6,F2,06:30:20,06:40:35,07:08:26,07:13:23,07:23:23,614.72,1670.96,297.28,2582.96,320.64,877.96,ready,06:40:18,1687.76,18,"[""용산 F1"", ""한강로2가"", ""한강로1가"", ""청파동1가"", ""남영동"", ""회현동2가"", ""후암동"", ""지점 39"", ""약수동"", ""신사동"", ""성수대교 남단"", ""지점 2"", ""청담대교 중간지점"", ""자양2동"", ""잠실대교 중간지점"", ""지점 4"", ""천호대교 중간지점"", ""천호 F2""]"
7b768b2566f7,2026-10-10,FPL000017,UAM0031,a4,4,3,0.75,VP004,용산,VP002,잠실,6,G3,F1,G1,F2,06:30:54,06:45:55,07:01:51,07:07:02,07:17:02,901.28,955.6,311.36,2168.24,655.36,277.6,ready,06:45:39,972.4,15,"[""용산 F1"", ""한강로2가"", ""한강로1가"", ""청파동1가"", ""남영동"", ""회현동2가"", ""후암동"", ""지점 39"", ""약수동"", ""신사동"", ""성수대교 남단"", ""지점 2"", ""청담대교 중간지점"", ""지점 3"", ""잠실 F2""]"
7b768b2566f7,2026-10-10,FPL000018,UAM0032,a4,4,3,0.75,VP004,용산,VP008,사당,6,G4,F1,G1,F2,06:31:14,06:51:16,07:01:12,07:06:09,07:16:09,1201.92,595.8,297.28,2095.0,976.0,0.0,ready,06:50:59,612.6,11,"[""용산 F1"", ""한강로3가"", ""이촌동 2"", ""상도터널"", ""상도1동"", ""상도1동 2"", ""지점 38"", ""봉천동"", ""행운동"", ""인헌동"", ""사당 F2""]"
7b768b2566f7,2026-10-10,FPL000019,UAM0005,a4,4,4,1.0,VP005,목동,VP018,인천,6,G1,F1,G7,F2,06:30:00,06:35:42,06:56:36,07:04:08,07:14:08,342.24,1254.2,451.16,2047.6,0,167.96,ready,06:35:25,1271.0,15,"[""목동 F1"", ""신정6동"", ""구로동"", ""지점 17"", ""지점 31"", ""지점 30"", ""지점 29"", ""지점 37"", ""간석3동"", ""지점 28"", ""지점 27"", ""지점 26"", ""영종동"", ""운북동"", ""인천 F2""]"
7b768b2566f7,2026-10-10,FPL000020,UAM0034,a4,4,4,1.0,VP005,목동,VP014,가산,6,G3,F1,G5,F2,06:30:34,06:41:03,06:48:43,06:53:26,07:03:26,628.8,459.8,283.2,1371.8,334.72,0.0,ready,06:40:46,476.6,4,"[""목동 F1"", ""신정6동"", ""구로동"", ""가산 F2""]"
7b768b2566f7,2026-10-10,FPL000021,UAM0006,a4,4,4,1.0,VP006,미아,VP013,강남,6,G1,F1,G5,F2,06:30:00,06:35:14,07:04:05,07:09:02,07:19:02,314.08,1730.96,297.28,2342.32,0,835.96,ready,06:34:57,1747.76,20,"[""미아 F1"", ""월계동"", ""월계3동"", ""공릉1동 2"", ""월릉교"", ""중화동"", ""중랑철교"", ""중랑천 제방길"", ""지점"", ""중곡1동"", ""송정동"", ""지점 12"", ""응봉동"", ""신사동"", ""신사동 2"", ""잠원동 2"", ""잠원동"", ""주흥교"", ""반포1동"", ""강남 F2""]"
7b768b2566f7,2026-10-10,FPL000022,UAM0040,a4,4,4,1.0,VP006,미아,VP018,인천,6,G2,F1,G7,F2,06:30:20,06:40:35,07:17:24,07:22:07,07:32:07,614.72,2208.9,283.2,3106.82,320.64,0.0,ready,06:40:18,2225.7,41,"[""미아 F1"", ""월계동"", ""월계3동"", ""공릉1동 2"", ""월릉교"", ""중화동"", ""중랑철교"", ""중랑천 제방길"", ""지점"", ""중곡1동"", ""송정동"", ""지점 12"", ""응봉동"", ""신사동"", ""약수동"", ""지점 39"", ""후암동"", ""회현동2가"", ""남영동"", ""충정로3가"", ""아현동"", ""대현동"", ""20통"", ""동교동"", ""서교동"", ""합정동"", ""선유도 17고지"", ""성산대교 중간지점"", ""상암동"", ""덕은동"", ""개화동"", ""하야동 2"", ""하야동"", ""선주지동"", ""목상동"", ""시천동 아라로"", ""지점 22"", ""영종대교"", ""영종동"", ""운북동"", ""인천 F2""]"
7b768b2566f7,2026-10-10,FPL000023,UAM0041,a4,4,4,1.0,VP006,미아,VP015,마곡,6,G3,F1,G2,F2,06:30:54,06:45:55,07:25:48,07:31:14,07:41:14,901.28,2392.88,325.44,3619.6,655.36,855.88,ready,06:45:39,2409.68,33,"[""미아 F1"", ""월계동"", ""월계3동"", ""공릉1동 2"", ""월릉교"", ""중화동"", ""중랑철교"", ""중랑천 제방길"", ""지점"", ""중곡1동"", ""송정동"", ""지점 12"", ""응봉동"", ""신사동"", ""약수동"", ""지점 39"", ""후암동"", ""회현동2가"", ""남영동"", ""충정로3가"", ""아현동"", ""대현동"", ""20통"", ""동교동"", ""서교동"", ""합정동"", ""선유도 17고지"", ""성산대교 중간지점"", ""상암동"", ""덕은동"", ""개화동"", ""하야동 2"", ""마곡 F2""]"
7b768b2566f7,2026-10-10,FPL000024,UAM0042,a4,4,4,1.0,VP006,미아,VP002,잠실,6,G4,F1,G5,F2,06:31:14,06:51:16,07:06:12,07:10:55,07:20:55,1201.92,895.6,283.2,2380.72,976.0,132.3,ready,06:50:59,912.4,15,"[""미아 F1"", ""월계동"", ""월계3동"", ""공릉1동 2"", ""월릉교"", ""중화동"", ""중랑철교"", ""중랑천 제방길"", ""지점"", ""중곡1동"", ""송정동"", ""건대입구"", ""청담대교 중간지점"", ""지점 3"", ""잠실 F2""]"
7b768b2566f7,2026-10-10,FPL000025,UAM0007,a4,4,4,1.0,VP007,봉천,VP002,잠실,6,G1,F1,G6,F2,06:30:00,06:35:14,06:46:18,06:53:32,07:03:32,314.08,664.0,434.16,1412.24,0,150.96,ready,06:34:57,680.8,17,"[""봉천 F1"", ""봉천동"", ""행운동"", ""인헌동"", ""남현동"", ""방배2동"", ""방배동"", ""지점 19"", ""경부고속도로 양재천 다리"", ""양재동"", ""지점 10"", ""지점 8"", ""지점 7"", ""지점 6"", ""대치교"", ""잠실7동"", ""잠실 F2""]"
7b768b2566f7,2026-10-10,FPL000026,UAM0043,a4,4,4,1.0,VP007,봉천,VP011,천호,6,G2,F1,G3,F2,06:30:20,06:40:35,07:12:46,07:17:58,07:27:58,614.72,1931.6,311.36,2857.68,320.64,1070.4,ready,06:40:18,1948.4,22,"[""봉천 F1"", ""봉천동"", ""행운동"", ""인헌동"", ""남현동"", ""방배2동"", ""방배동"", ""지점 19"", ""경부고속도로 양재천 다리"", ""양재동"", ""지점 10"", ""지점 8"", ""지점 7"", ""지점 6"", ""대치교"", ""잠실7동"", ""지점 3"", ""자양2동"", ""잠실대교 중간지점"", ""지점 4"", ""천호대교 중간지점"", ""천호 F2""]"
7b768b2566f7,2026-10-10,FPL000027,UAM0044,a4,4,4,1.0,VP007,봉천,VP014,가산,6,G3,F1,G3,F2,06:30:54,06:45:55,06:58:24,07:03:21,07:13:21,901.28,748.6,297.28,1947.16,655.36,207.3,ready,06:45:39,765.4,7,"[""봉천 F1"", ""신림동"", ""신림동 2"", ""신사동 3"", ""지점 9"", ""가산동"", ""가산 F2""]"
7b768b2566f7,2026-10-10,FPL000028,UAM0045,a4,4,4,1.0,VP007,봉천,VP012,광화문,6,G4,F1,G1,F2,06:31:14,06:51:16,07:08:45,07:13:42,07:23:42,1201.92,1049.0,297.28,2548.2,976.0,402.1,ready,06:50:59,1065.8,13,"[""봉천 F1"", ""봉천동"", ""지점 38"", ""상도1동 2"", ""상도1동"", ""상도터널"", ""이촌동 2"", ""한강로3가"", ""한강로2가"", ""한강로1가"", ""청파동1가"", ""남영동"", ""광화문 F2""]"
7b768b2566f7,2026-10-10,FPL000029,UAM0008,a4,4,4,1.0,VP008,사당,VP018,인천,6,G1,F1,G8,F2,06:30:00,06:35:14,07:00:57,07:05:40,07:15:40,314.08,1543.0,283.2,2140.28,0,125.1,ready,06:34:57,1559.8,22,"[""사당 F1"", ""인헌동"", ""행운동"", ""봉천동"", ""은천동"", ""신림동"", ""신림동 2"", ""신사동 3"", ""지점 9"", ""가산동"", ""지점 17"", ""지점 31"", ""지점 30"", ""지점 29"", ""지점 37"", ""간석3동"", ""지점 28"", ""지점 27"", ""지점 26"", ""영종동"", ""운북동"", ""인천 F2""]"
7b768b2566f7,2026-10-10,FPL000030,UAM0046,a4,4,4,1.0,VP008,사당,VP016,망우,6,G2,F1,G3,F2,06:30:20,06:40:35,06:55:49,07:00:32,07:10:32,614.72,914.3,283.2,1812.22,320.64,0.0,ready,06:40:18,931.1,21,"[""사당 F1"", ""방배동"", ""지점 19"", ""경부고속도로 양재천 다리"", ""양재동"", ""지점 10"", ""지점 8"", ""지점 7"", ""지점 6"", ""대치교"", ""잠실7동"", ""지점 3"", ""청담대교 중간지점"", ""건대입구"", ""송정동"", ""중곡1동"", ""지점"", ""중랑천 제방길"", ""중랑철교"", ""중화동"", ""망우 F2""]"
7b768b2566f7,2026-10-10,FPL000031,UAM0047,a4,4,4,1.0,VP008,사당,VP017,수서,6,G3,F1,G6,F2,06:30:54,06:45:55,06:55:39,07:00:22,07:10:22,901.28,583.7,283.2,1768.18,655.36,0.0,ready,06:45:39,600.5,13,"[""사당 F1"", ""방배동"", ""지점 19"", ""경부고속도로 양재천 다리"", ""양재동"", ""지점 10"", ""지점 8"", ""지점 7"", ""지점 6"", ""대치교"", ""잠실7동"", ""개포3동"", ""수서 F2""]"
7b768b2566f7,2026-10-10,FPL000032,UAM0048,a4,4,4,1.0,VP008,사당,VP011,천호,6,G4,F1,G7,F2,06:31:14,06:51:16,07:30:09,07:34:52,07:44:52,1201.92,2332.88,283.2,3818.0,976.0,1588.68,ready,06:50:59,2349.68,17,"[""사당 F1"", ""방배동"", ""지점 19"", ""경부고속도로 양재천 다리"", ""양재동"", ""지점 10"", ""지점 8"", ""지점 7"", ""지점 6"", ""대치교"", ""잠실7동"", ""지점 3"", ""자양2동"", ""잠실대교 중간지점"", ""지점 4"", ""천호대교 중간지점"", ""천호 F2""]"
7b768b2566f7,2026-10-10,FPL000033,UAM0009,a4,4,4,1.0,VP009,성수,VP013,강남,6,G1,F1,G7,F2,06:30:00,06:35:14,06:43:04,07:04:08,07:14:08,314.08,470.0,1263.52,2047.6,0,980.32,ready,06:34:57,486.8,9,"[""성수 F1"", ""성수대교 남단"", ""신사동"", ""신사동 2"", ""잠원동 2"", ""잠원동"", ""주흥교"", ""반포1동"", ""강남 F2""]"
7b768b2566f7,2026-10-10,FPL000034,UAM0049,a4,4,4,1.0,VP009,성수,VP004,용산,6,G2,F1,G3,F2,06:30:20,06:40:35,06:50:17,06:55:00,07:05:00,614.72,582.4,283.2,1480.32,320.64,0.0,ready,06:40:18,599.2,12,"[""성수 F1"", ""성수대교 남단"", ""신사동"", ""약수동"", ""지점 39"", ""후암동"", ""회현동2가"", ""남영동"", ""청파동1가"", ""한강로1가"", ""한강로2가"", ""용산 F2""]"
7b768b2566f7,2026-10-10,FPL000035,UAM0050,a4,4,4,1.0,VP009,성수,VP002,잠실,6,G3,F1,G3,F2,06:30:54,06:45:55,06:53:10,06:58:07,07:08:07,901.28,434.32,297.28,1632.88,655.36,59.02,ready,06:45:39,451.12,5,"[""성수 F1"", ""지점 2"", ""청담대교 중간지점"", ""지점 3"", ""잠실 F2""]"
7b768b2566f7,2026-10-10,FPL000036,UAM0051,a4,4,4,1.0,VP009,성수,VP015,마곡,6,G4,F1,G1,F2,06:31:14,06:51:16,07:21:28,07:26:53,07:36:53,1201.92,1811.6,325.44,3338.96,976.0,720.8,ready,06:50:59,1828.4,22,"[""성수 F1"", ""성수대교 남단"", ""신사동"", ""약수동"", ""지점 39"", ""후암동"", ""회현동2가"", ""남영동"", ""충정로3가"", ""아현동"", ""대현동"", ""20통"", ""동교동"", ""서교동"", ""합정동"", ""선유도 17고지"", ""성산대교 중간지점"", ""상암동"", ""덕은동"", ""개화동"", ""하야동 2"", ""마곡 F2""]"
7b768b2566f7,2026-10-10,FPL000037,UAM0010,a4,4,4,1.0,VP010,연신내,VP011,천호,6,G1,F1,G1,F2,06:30:00,06:35:28,07:21:28,07:26:53,07:36:53,328.16,2759.44,325.44,3413.04,0,1476.14,ready,06:35:11,2776.24,30,"[""연신내 F1"", ""지점 23"", ""향동동"", ""지점 24"", ""수색교"", ""지점 25"", ""상암동"", ""성산대교 중간지점"", ""선유도 17고지"", ""합정동"", ""서교동"", ""동교동"", ""20통"", ""대현동"", ""아현동"", ""충정로3가"", ""남영동"", ""회현동2가"", ""후암동"", ""지점 39"", ""약수동"", ""신사동"", ""성수대교 남단"", ""지점 2"", ""청담대교 중간지점"", ""자양2동"", ""잠실대교 중간지점"", ""지점 4"", ""천호대교 중간지점"", ""천호 F2""]"
7b768b2566f7,2026-10-10,FPL000038,UAM0052,a4,4,4,1.0,VP010,연신내,VP016,망우,6,G2,F1,G1,F2,06:30:20,06:40:49,07:04:30,07:09:28,07:19:28,628.8,1421.5,297.28,2347.58,320.64,36.3,ready,06:40:32,1438.3,31,"[""연신내 F1"", ""지점 23"", ""향동동"", ""지점 24"", ""수색교"", ""지점 25"", ""상암동"", ""성산대교 중간지점"", ""선유도 17고지"", ""합정동"", ""서교동"", ""동교동"", ""20통"", ""대현동"", ""아현동"", ""충정로3가"", ""남영동"", ""회현동2가"", ""후암동"", ""지점 39"", ""약수동"", ""신사동"", ""응봉동"", ""지점 12"", ""송정동"", ""중곡1동"", ""지점"", ""중랑천 제방길"", ""중랑철교"", ""중화동"", ""망우 F2""]"
7b768b2566f7,2026-10-10,FPL000039,UAM0053,a4,4,4,1.0,VP010,연신내,VP015,마곡,6,G3,F1,G5,F2,06:30:54,06:46:09,07:04:05,07:09:02,07:19:02,915.36,1075.6,297.28,2288.24,655.36,397.8,ready,06:45:53,1092.4,10,"[""연신내 F1"", ""지점 23"", ""향동동"", ""지점 24"", ""수색교"", ""지점 25"", ""덕은동"", ""개화동"", ""하야동 2"", ""마곡 F2""]"
7b768b2566f7,2026-10-10,FPL000040,UAM0054,a4,4,4,1.0,VP010,연신내,VP013,강남,6,G4,F1,G3,F2,06:31:14,06:51:30,07:12:46,07:17:58,07:27:58,1216.0,1276.24,311.36,2803.6,976.0,237.04,ready,06:51:13,1293.04,22,"[""연신내 F1"", ""지점 23"", ""향동동"", ""지점 24"", ""수색교"", ""지점 25"", ""상암동"", ""성산대교 중간지점"", ""선유도 17고지"", ""지점 5"", ""서강대교 중간지점"", ""지점 32"", ""여의동 2"", ""이촌2동"", ""이촌동 2"", ""이촌동"", ""반포동"", ""잠원동 2"", ""잠원동"", ""주흥교"", ""반포1동"", ""강남 F2""]"
7b768b2566f7,2026-10-10,FPL000041,UAM0055,a4,4,4,1.0,VP010,연신내,VP014,가산,6,G5,F1,G6,F2,06:36:49,06:56:51,07:09:57,07:14:40,07:24:40,1201.92,785.8,283.2,2270.92,1310.72,0.0,ready,06:56:34,802.6,14,"[""연신내 F1"", ""지점 23"", ""향동동"", ""지점 24"", ""수색교"", ""지점 25"", ""상암동"", ""지점 18"", ""양평동"", ""목1동"", ""신도림동 2"", ""신정6동"", ""구로동"", ""가산 F2""]"
7b768b2566f7,2026-10-10,FPL000042,UAM0056,a4,4,4,1.0,VP010,연신내,VP018,인천,6,G6,F1,G8,F2,06:42:09,07:02:11,07:24:41,07:29:24,07:39:24,1201.92,1349.7,283.2,2834.82,1631.36,0.0,ready,07:01:55,1366.5,18,"[""연신내 F1"", ""지점 23"", ""향동동"", ""지점 24"", ""수색교"", ""지점 25"", ""덕은동"", ""개화동"", ""하야동 2"", ""하야동"", ""선주지동"", ""목상동"", ""시천동 아라로"", ""지점 22"", ""영종대교"", ""영종동"", ""운북동"", ""인천 F2""]"
7b768b2566f7,2026-10-10,FPL000043,UAM0011,a4,4,4,1.0,VP011,천호,VP017,수서,6,G1,F1,G5,F2,06:30:00,06:35:42,06:44:37,06:53:12,07:03:12,342.24,534.4,515.6,1392.24,0,232.4,ready,06:35:25,551.2,9,"[""천호 F1"", ""천호대교 중간지점"", ""지점 4"", ""잠실대교 중간지점"", ""자양2동"", ""지점 3"", ""잠실7동"", ""개포3동"", ""수서 F2""]"
7b768b2566f7,2026-10-10,FPL000044,UAM0057,a4,4,4,1.0,VP011,천호,VP013,강남,6,G2,F1,G6,F2,06:30:20,06:41:03,07:08:26,07:13:23,07:23:23,642.88,1642.8,297.28,2582.96,320.64,851.8,ready,06:40:46,1659.6,17,"[""천호 F1"", ""천호대교 중간지점"", ""지점 4"", ""잠실대교 중간지점"", ""자양2동"", ""지점 3"", ""잠실7동"", ""대치교"", ""지점 6"", ""지점 7"", ""지점 8"", ""지점 10"", ""양재동"", ""경부고속도로 양재천 다리"", ""지점 21"", ""서초2동 2"", ""강남 F2""]"
7b768b2566f7,2026-10-10,FPL000045,UAM0058,a4,4,4,1.0,VP011,천호,VP001,여의도,6,G3,F1,G1,F2,06:30:54,06:46:24,07:03:25,07:08:22,07:18:22,929.44,1021.06,297.28,2247.78,655.36,163.06,ready,06:46:07,1037.86,18,"[""천호 F1"", ""천호대교 중간지점"", ""지점 4"", ""잠실대교 중간지점"", ""자양2동"", ""청담대교 중간지점"", ""지점 2"", ""성수대교 남단"", ""신사동"", ""신사동 2"", ""잠원동 2"", ""반포동"", ""이촌동"", ""이촌동 2"", ""이촌2동"", ""여의동 2"", ""지점 32"", ""여의도 F2""]"
7b768b2566f7,2026-10-10,FPL000046,UAM0059,a4,4,4,1.0,VP011,천호,VP014,가산,6,G4,F1,G4,F2,06:31:14,06:51:44,07:14:17,07:19:14,07:29:14,1230.08,1353.0,297.28,2880.36,976.0,259.1,ready,06:51:27,1369.8,24,"[""천호 F1"", ""천호대교 중간지점"", ""지점 4"", ""잠실대교 중간지점"", ""자양2동"", ""청담대교 중간지점"", ""지점 2"", ""성수대교 남단"", ""신사동"", ""신사동 2"", ""잠원동 2"", ""반포동"", ""이촌동"", ""이촌동 2"", ""이촌2동"", ""지점 14"", ""지점 13"", ""영등포"", ""신도림동"", ""문래동5가"", ""신도림동 2"", ""신정6동"", ""구로동"", ""가산 F2""]"
7b768b2566f7,2026-10-10,FPL000047,UAM0060,a4,4,4,1.0,VP011,천호,VP010,연신내,6,G5,F1,G5,F2,06:31:48,06:57:05,07:18:19,07:23:02,07:33:02,1516.64,1274.2,283.2,3074.04,1310.72,0.0,ready,06:56:48,1291.0,30,"[""천호 F1"", ""천호대교 중간지점"", ""지점 4"", ""잠실대교 중간지점"", ""자양2동"", ""청담대교 중간지점"", ""지점 2"", ""성수대교 남단"", ""신사동"", ""약수동"", ""지점 39"", ""후암동"", ""회현동2가"", ""남영동"", ""충정로3가"", ""아현동"", ""대현동"", ""20통"", ""동교동"", ""서교동"", ""합정동"", ""선유도 17고지"", ""성산대교 중간지점"", ""상암동"", ""지점 25"", ""수색교"", ""지점 24"", ""향동동"", ""지점 23"", ""연신내 F2""]"
7b768b2566f7,2026-10-10,FPL000048,UAM0061,a4,4,4,1.0,VP011,천호,VP015,마곡,6,G6,F1,G5,F2,06:37:09,07:02:25,07:38:50,07:43:47,07:53:47,1516.64,2184.72,297.28,3998.64,1631.36,888.92,ready,07:02:09,2201.52,28,"[""천호 F1"", ""천호대교 중간지점"", ""지점 4"", ""잠실대교 중간지점"", ""자양2동"", ""청담대교 중간지점"", ""지점 2"", ""성수대교 남단"", ""신사동"", ""약수동"", ""지점 39"", ""후암동"", ""회현동2가"", ""남영동"", ""충정로3가"", ""아현동"", ""대현동"", ""20통"", ""동교동"", ""서교동"", ""합정동"", ""선유도 17고지"", ""성산대교 중간지점"", ""상암동"", ""덕은동"", ""개화동"", ""하야동 2"", ""마곡 F2""]"
7b768b2566f7,2026-10-10,FPL000049,UAM0062,a4,4,4,1.0,VP011,천호,VP015,마곡,6,G7,F1,G3,F2,06:47:44,07:07:46,07:47:31,07:52:43,08:02:43,1201.92,2385.36,311.36,3898.64,1966.08,1089.56,ready,07:07:29,2402.16,28,"[""천호 F1"", ""천호대교 중간지점"", ""지점 4"", ""잠실대교 중간지점"", ""자양2동"", ""청담대교 중간지점"", ""지점 2"", ""성수대교 남단"", ""신사동"", ""약수동"", ""지점 39"", ""후암동"", ""회현동2가"", ""남영동"", ""충정로3가"", ""아현동"", ""대현동"", ""20통"", ""동교동"", ""서교동"", ""합정동"", ""선유도 17고지"", ""성산대교 중간지점"", ""상암동"", ""덕은동"", ""개화동"", ""하야동 2"", ""마곡 F2""]"
7b768b2566f7,2026-10-10,FPL000050,UAM0063,a4,4,4,1.0,VP011,천호,VP002,잠실,6,G8,F1,G3,F2,06:53:05,07:13:07,07:20:21,07:25:19,07:35:19,1201.92,434.7,297.28,1933.9,2286.72,0.0,ready,07:12:50,451.5,7,"[""천호 F1"", ""천호대교 중간지점"", ""지점 4"", ""잠실대교 중간지점"", ""자양2동"", ""지점 3"", ""잠실 F2""]"
7b768b2566f7,2026-10-10,FPL000051,UAM0012,a4,4,4,1.0,VP012,광화문,VP008,사당,6,G1,F1,G3,F2,06:30:00,06:35:14,06:46:54,06:51:37,07:01:37,314.08,699.9,283.2,1297.18,0,0.0,ready,06:34:57,716.7,15,"[""광화문 F1"", ""남영동"", ""청파동1가"", ""한강로1가"", ""한강로2가"", ""한강로3가"", ""이촌동 2"", ""상도터널"", ""상도1동"", ""상도1동 2"", ""지점 38"", ""봉천동"", ""행운동"", ""인헌동"", ""사당 F2""]"
7b768b2566f7,2026-10-10,FPL000052,UAM0064,a4,4,4,1.0,VP012,광화문,VP010,연신내,6,G2,F1,G5,F2,06:30:20,06:40:35,06:53:59,06:58:42,07:08:42,614.72,803.9,283.2,1701.82,320.64,0.0,ready,06:40:18,820.7,17,"[""광화문 F1"", ""충정로3가"", ""아현동"", ""대현동"", ""20통"", ""동교동"", ""서교동"", ""합정동"", ""선유도 17고지"", ""성산대교 중간지점"", ""상암동"", ""지점 25"", ""수색교"", ""지점 24"", ""향동동"", ""지점 23"", ""연신내 F2""]"
7b768b2566f7,2026-10-10,FPL000053,UAM0065,a4,4,4,1.0,VP012,광화문,VP015,마곡,6,G3,F1,G3,F2,06:30:54,06:45:55,07:12:46,07:17:58,07:27:58,901.28,1610.96,311.36,2823.6,655.36,785.46,ready,06:45:39,1627.76,15,"[""광화문 F1"", ""충정로3가"", ""아현동"", ""대현동"", ""20통"", ""동교동"", ""서교동"", ""합정동"", ""선유도 17고지"", ""성산대교 중간지점"", ""상암동"", ""덕은동"", ""개화동"", ""하야동 2"", ""마곡 F2""]"
7b768b2566f7,2026-10-10,FPL000054,UAM0066,a4,4,4,1.0,VP012,광화문,VP014,가산,6,G4,F1,G5,F2,06:31:14,06:51:16,07:04:42,07:09:25,07:19:25,1201.92,805.8,283.2,2290.92,976.0,0.0,ready,06:50:59,822.6,16,"[""광화문 F1"", ""남영동"", ""청파동1가"", ""한강로1가"", ""한강로2가"", ""한강로3가"", ""이촌2동"", ""지점 14"", ""지점 13"", ""영등포"", ""신도림동"", ""문래동5가"", ""신도림동 2"", ""신정6동"", ""구로동"", ""가산 F2""]"
7b768b2566f7,2026-10-10,FPL000055,UAM0013,a4,4,4,1.0,VP013,강남,VP012,광화문,6,G1,F1,G4,F2,06:30:00,06:35:42,06:45:29,06:50:12,07:00:12,342.24,586.88,283.2,1212.32,0,49.08,ready,06:35:25,603.68,12,"[""강남 F1"", ""반포1동"", ""주흥교"", ""잠원동"", ""잠원동 2"", ""신사동 2"", ""신사동"", ""약수동"", ""지점 39"", ""후암동"", ""회현동2가"", ""광화문 F2""]"
7b768b2566f7,2026-10-10,FPL000056,UAM0067,a4,4,4,1.0,VP013,강남,VP015,마곡,6,G2,F1,G6,F2,06:30:20,06:41:03,07:08:26,07:13:23,07:23:23,642.88,1642.8,297.28,2582.96,320.64,581.6,ready,06:40:46,1659.6,20,"[""강남 F1"", ""반포1동"", ""주흥교"", ""잠원동"", ""잠원동 2"", ""반포동"", ""이촌동"", ""이촌동 2"", ""이촌2동"", ""여의동 2"", ""지점 32"", ""서강대교 중간지점"", ""지점 5"", ""선유도 17고지"", ""성산대교 중간지점"", ""상암동"", ""덕은동"", ""개화동"", ""하야동 2"", ""마곡 F2""]"
7b768b2566f7,2026-10-10,FPL000057,UAM0068,a4,4,4,1.0,VP013,강남,VP001,여의도,6,G3,F1,G4,F2,06:30:54,06:46:24,06:59:04,07:03:47,07:13:47,929.44,760.42,283.2,1973.06,655.36,124.42,ready,06:46:07,777.22,12,"[""강남 F1"", ""반포1동"", ""주흥교"", ""잠원동"", ""잠원동 2"", ""반포동"", ""이촌동"", ""이촌동 2"", ""이촌2동"", ""여의동 2"", ""지점 32"", ""여의도 F2""]"
7b768b2566f7,2026-10-10,FPL000058,UAM0069,a4,4,4,1.0,VP013,강남,VP017,수서,6,G4,F1,G3,F2,06:31:14,06:51:44,07:02:27,07:07:25,07:17:25,1230.08,643.1,297.28,2170.46,976.0,0.0,ready,06:51:27,659.9,13,"[""강남 F1"", ""서초2동 2"", ""지점 21"", ""경부고속도로 양재천 다리"", ""양재동"", ""지점 10"", ""지점 8"", ""지점 7"", ""지점 6"", ""대치교"", ""잠실7동"", ""개포3동"", ""수서 F2""]"
7b768b2566f7,2026-10-10,FPL000059,UAM0070,a4,4,4,1.0,VP013,강남,VP009,성수,6,G5,F1,G4,F2,06:31:48,06:57:05,07:15:08,07:19:51,07:29:51,1516.64,1082.92,283.2,2882.76,1310.72,624.82,ready,06:56:48,1099.72,9,"[""강남 F1"", ""반포1동"", ""주흥교"", ""잠원동"", ""잠원동 2"", ""신사동 2"", ""신사동"", ""성수대교 남단"", ""성수 F2""]"
7b768b2566f7,2026-10-10,FPL000060,UAM0071,a4,4,4,1.0,VP013,강남,VP018,인천,6,G6,F1,G5,F2,06:37:09,07:02:25,07:30:42,07:35:40,07:45:40,1516.64,1696.8,297.28,3510.72,1631.36,0.0,ready,07:02:09,1713.6,29,"[""강남 F1"", ""서초2동 2"", ""지점 21"", ""경부고속도로 양재천 다리"", ""지점 19"", ""방배동"", ""방배2동"", ""남현동"", ""인헌동"", ""행운동"", ""봉천동"", ""은천동"", ""신림동"", ""신림동 2"", ""신사동 3"", ""지점 9"", ""가산동"", ""지점 17"", ""지점 31"", ""지점 30"", ""지점 29"", ""지점 37"", ""간석3동"", ""지점 28"", ""지점 27"", ""지점 26"", ""영종동"", ""운북동"", ""인천 F2""]"
7b768b2566f7,2026-10-10,FPL000061,UAM0072,a4,4,4,1.0,VP013,강남,VP015,마곡,6,G7,F1,G6,F2,06:47:44,07:07:46,07:43:11,07:48:08,07:58:08,1201.92,2124.72,297.28,3623.92,1966.08,1063.52,ready,07:07:29,2141.52,20,"[""강남 F1"", ""반포1동"", ""주흥교"", ""잠원동"", ""잠원동 2"", ""반포동"", ""이촌동"", ""이촌동 2"", ""이촌2동"", ""여의동 2"", ""지점 32"", ""서강대교 중간지점"", ""지점 5"", ""선유도 17고지"", ""성산대교 중간지점"", ""상암동"", ""덕은동"", ""개화동"", ""하야동 2"", ""마곡 F2""]"
7b768b2566f7,2026-10-10,FPL000062,UAM0073,a4,4,4,1.0,VP013,강남,VP009,성수,6,G8,F1,G1,F2,06:53:05,07:13:07,07:42:39,07:47:36,07:57:36,1201.92,1771.92,297.28,3271.12,2286.72,1313.82,ready,07:12:50,1788.72,9,"[""강남 F1"", ""반포1동"", ""주흥교"", ""잠원동"", ""잠원동 2"", ""신사동 2"", ""신사동"", ""성수대교 남단"", ""성수 F2""]"
7b768b2566f7,2026-10-10,FPL000063,UAM0014,a4,4,4,1.0,VP014,가산,VP005,목동,6,G1,F1,G3,F2,06:30:00,06:35:28,06:43:12,06:48:24,06:58:24,328.16,464.3,311.36,1103.82,0,0.0,ready,06:35:11,481.1,4,"[""가산 F1"", ""구로동"", ""신정6동"", ""목동 F2""]"
7b768b2566f7,2026-10-10,FPL000064,UAM0074,a4,4,4,1.0,VP014,가산,VP005,목동,6,G2,F1,G1,F2,06:30:20,06:40:49,06:48:33,06:53:59,07:03:59,628.8,464.3,325.44,1418.54,320.64,0.0,ready,06:40:32,481.1,4,"[""가산 F1"", ""구로동"", ""신정6동"", ""목동 F2""]"
7b768b2566f7,2026-10-10,FPL000065,UAM0075,a4,4,4,1.0,VP014,가산,VP016,망우,6,G3,F1,G2,F2,06:30:54,06:46:09,07:08:51,07:13:48,07:23:48,915.36,1361.5,297.28,2574.14,655.36,184.2,ready,06:45:53,1378.3,25,"[""가산 F1"", ""구로동"", ""신정6동"", ""신도림동 2"", ""문래동5가"", ""신도림동"", ""영등포"", ""지점 13"", ""지점 14"", ""이촌2동"", ""이촌동 2"", ""이촌동"", ""반포동"", ""잠원동 2"", ""신사동 2"", ""신사동"", ""응봉동"", ""지점 12"", ""송정동"", ""중곡1동"", ""지점"", ""중랑천 제방길"", ""중랑철교"", ""중화동"", ""망우 F2""]"
7b768b2566f7,2026-10-10,FPL000066,UAM0076,a4,4,4,1.0,VP014,가산,VP003,상암,6,G4,F1,G3,F2,06:31:14,06:51:30,07:02:33,07:07:16,07:17:16,1216.0,663.2,283.2,2162.4,976.0,0.0,ready,06:51:13,680.0,9,"[""가산 F1"", ""구로동"", ""신정6동"", ""신도림동 2"", ""목1동"", ""양평동"", ""지점 18"", ""상암동"", ""상암 F2""]"
7b768b2566f7,2026-10-10,FPL000067,UAM0077,a4,4,4,1.0,VP014,가산,VP002,잠실,6,G5,F1,G6,F2,06:36:49,06:56:51,07:12:43,07:17:26,07:27:26,1201.92,952.0,283.2,2437.12,1310.72,0.0,ready,06:56:34,968.8,23,"[""가산 F1"", ""가산동"", ""지점 9"", ""신사동 3"", ""신림동 2"", ""신림동"", ""은천동"", ""봉천동"", ""행운동"", ""인헌동"", ""남현동"", ""방배2동"", ""방배동"", ""지점 19"", ""경부고속도로 양재천 다리"", ""양재동"", ""지점 10"", ""지점 8"", ""지점 7"", ""지점 6"", ""대치교"", ""잠실7동"", ""잠실 F2""]"
7b768b2566f7,2026-10-10,FPL000068,UAM0078,a4,4,4,1.0,VP014,가산,VP009,성수,6,G6,F1,G1,F2,06:42:09,07:02:11,07:23:49,07:28:46,07:38:46,1201.92,1297.64,297.28,2796.84,1631.36,418.34,ready,07:01:55,1314.44,18,"[""가산 F1"", ""구로동"", ""신정6동"", ""신도림동 2"", ""문래동5가"", ""신도림동"", ""영등포"", ""지점 13"", ""지점 14"", ""이촌2동"", ""이촌동 2"", ""이촌동"", ""반포동"", ""잠원동 2"", ""신사동 2"", ""신사동"", ""성수대교 남단"", ""성수 F2""]"
7b768b2566f7,2026-10-10,FPL000069,UAM0015,a4,4,4,1.0,VP015,마곡,VP003,상암,6,G1,F1,G3,F2,06:30:00,06:35:42,06:45:22,06:50:05,07:00:05,342.24,579.9,283.2,1205.34,0,0.0,ready,06:35:25,596.7,6,"[""마곡 F1"", ""하야동 2"", ""개화동"", ""덕은동"", ""상암동"", ""상암 F2""]"
7b768b2566f7,2026-10-10,FPL000070,UAM0079,a4,4,4,1.0,VP015,마곡,VP011,천호,6,G2,F1,G2,F2,06:30:20,06:41:03,07:25:48,07:31:14,07:41:14,642.88,2685.36,325.44,3653.68,320.64,1384.76,ready,06:40:46,2702.16,28,"[""마곡 F1"", ""하야동 2"", ""개화동"", ""덕은동"", ""상암동"", ""성산대교 중간지점"", ""선유도 17고지"", ""합정동"", ""서교동"", ""동교동"", ""20통"", ""대현동"", ""아현동"", ""충정로3가"", ""남영동"", ""회현동2가"", ""후암동"", ""지점 39"", ""약수동"", ""신사동"", ""성수대교 남단"", ""지점 2"", ""청담대교 중간지점"", ""자양2동"", ""잠실대교 중간지점"", ""지점 4"", ""천호대교 중간지점"", ""천호 F2""]"
7b768b2566f7,2026-10-10,FPL000071,UAM0080,a4,4,4,1.0,VP015,마곡,VP012,광화문,6,G3,F1,G3,F2,06:30:54,06:46:24,07:00:04,07:04:47,07:14:47,929.44,820.2,283.2,2032.84,655.36,0.0,ready,06:46:07,837.0,15,"[""마곡 F1"", ""하야동 2"", ""개화동"", ""덕은동"", ""상암동"", ""성산대교 중간지점"", ""선유도 17고지"", ""합정동"", ""서교동"", ""동교동"", ""20통"", ""대현동"", ""아현동"", ""충정로3가"", ""광화문 F2""]"
7b768b2566f7,2026-10-10,FPL000072,UAM0081,a4,4,4,1.0,VP015,마곡,VP013,강남,6,G4,F1,G4,F2,06:31:14,06:51:44,07:17:07,07:22:18,07:32:18,1230.08,1522.8,311.36,3064.24,976.0,466.4,ready,06:51:27,1539.6,20,"[""마곡 F1"", ""하야동 2"", ""개화동"", ""덕은동"", ""상암동"", ""성산대교 중간지점"", ""선유도 17고지"", ""지점 5"", ""서강대교 중간지점"", ""지점 32"", ""여의동 2"", ""이촌2동"", ""이촌동 2"", ""이촌동"", ""반포동"", ""잠원동 2"", ""잠원동"", ""주흥교"", ""반포1동"", ""강남 F2""]"
7b768b2566f7,2026-10-10,FPL000073,UAM0082,a4,4,4,1.0,VP015,마곡,VP006,미아,6,G5,F1,G3,F2,06:31:48,06:57:05,07:22:47,07:27:30,07:37:30,1516.64,1542.1,283.2,3341.94,1310.72,0.0,ready,06:56:48,1558.9,33,"[""마곡 F1"", ""하야동 2"", ""개화동"", ""덕은동"", ""상암동"", ""성산대교 중간지점"", ""선유도 17고지"", ""합정동"", ""서교동"", ""동교동"", ""20통"", ""대현동"", ""아현동"", ""충정로3가"", ""남영동"", ""회현동2가"", ""후암동"", ""지점 39"", ""약수동"", ""신사동"", ""응봉동"", ""지점 12"", ""송정동"", ""중곡1동"", ""지점"", ""중랑천 제방길"", ""중랑철교"", ""중화동"", ""월릉교"", ""공릉1동 2"", ""월계3동"", ""월계동"", ""미아 F2""]"
7b768b2566f7,2026-10-10,FPL000074,UAM0083,a4,4,4,1.0,VP015,마곡,VP004,용산,6,G6,F1,G3,F2,06:37:09,07:02:25,07:17:20,07:22:04,07:32:04,1516.64,895.0,283.2,2694.84,1631.36,0.0,ready,07:02:09,911.8,14,"[""마곡 F1"", ""하야동 2"", ""개화동"", ""덕은동"", ""상암동"", ""성산대교 중간지점"", ""선유도 17고지"", ""지점 5"", ""서강대교 중간지점"", ""지점 32"", ""여의동 2"", ""이촌2동"", ""한강로3가"", ""용산 F2""]"
7b768b2566f7,2026-10-10,FPL000075,UAM0084,a4,4,4,1.0,VP015,마곡,VP016,망우,6,G7,F1,G1,F2,06:47:44,07:07:46,07:31:09,07:36:06,07:46:06,1201.92,1402.5,297.28,2901.7,1966.08,0.0,ready,07:07:29,1419.3,29,"[""마곡 F1"", ""하야동 2"", ""개화동"", ""덕은동"", ""상암동"", ""성산대교 중간지점"", ""선유도 17고지"", ""합정동"", ""서교동"", ""동교동"", ""20통"", ""대현동"", ""아현동"", ""충정로3가"", ""남영동"", ""회현동2가"", ""후암동"", ""지점 39"", ""약수동"", ""신사동"", ""응봉동"", ""지점 12"", ""송정동"", ""중곡1동"", ""지점"", ""중랑천 제방길"", ""중랑철교"", ""중화동"", ""망우 F2""]"
7b768b2566f7,2026-10-10,FPL000076,UAM0085,a4,4,4,1.0,VP015,마곡,VP003,상암,6,G8,F1,G4,F2,06:53:05,07:13:07,07:26:49,07:31:32,07:41:32,1201.92,821.96,283.2,2307.08,2286.72,242.06,ready,07:12:50,838.76,6,"[""마곡 F1"", ""하야동 2"", ""개화동"", ""덕은동"", ""상암동"", ""상암 F2""]"
7b768b2566f7,2026-10-10,FPL000077,UAM0016,a4,4,4,1.0,VP016,망우,VP011,천호,6,G1,F1,G7,F2,06:30:00,06:35:14,06:44:14,07:04:08,07:14:08,314.08,540.3,1193.22,2047.6,0,910.02,ready,06:34:57,557.1,10,"[""망우 F1"", ""중랑철교"", ""중랑천 제방길"", ""지점"", ""중곡1동"", ""능동"", ""구의동"", ""아차산 고가차도"", ""천호대교 중간지점"", ""천호 F2""]"
7b768b2566f7,2026-10-10,FPL000078,UAM0086,a4,4,4,1.0,VP016,망우,VP009,성수,6,G2,F1,G4,F2,06:30:20,06:40:35,06:50:38,06:55:21,07:05:21,614.72,603.0,283.2,1500.92,320.64,0.0,ready,06:40:18,619.8,10,"[""망우 F1"", ""중랑철교"", ""중랑천 제방길"", ""지점"", ""중곡1동"", ""송정동"", ""건대입구"", ""청담대교 중간지점"", ""지점 2"", ""성수 F2""]"
7b768b2566f7,2026-10-10,FPL000079,UAM0087,a4,4,4,1.0,VP016,망우,VP002,잠실,6,G3,F1,G4,F2,06:30:54,06:45:55,06:57:30,07:02:28,07:12:28,901.28,694.96,297.28,1893.52,655.36,116.56,ready,06:45:39,711.76,10,"[""망우 F1"", ""중랑철교"", ""중랑천 제방길"", ""지점"", ""중곡1동"", ""송정동"", ""건대입구"", ""청담대교 중간지점"", ""지점 3"", ""잠실 F2""]"
7b768b2566f7,2026-10-10,FPL000080,UAM0088,a4,4,4,1.0,VP016,망우,VP015,마곡,6,G4,F1,G7,F2,06:31:14,06:51:16,07:30:09,07:34:52,07:44:52,1201.92,2332.88,283.2,3818.0,976.0,980.58,ready,06:50:59,2349.68,28,"[""망우 F1"", ""중랑철교"", ""중랑천 제방길"", ""지점"", ""중곡1동"", ""송정동"", ""지점 12"", ""응봉동"", ""신사동"", ""약수동"", ""지점 39"", ""후암동"", ""회현동2가"", ""남영동"", ""충정로3가"", ""아현동"", ""대현동"", ""20통"", ""동교동"", ""서교동"", ""합정동"", ""선유도 17고지"", ""성산대교 중간지점"", ""상암동"", ""덕은동"", ""개화동"", ""하야동 2"", ""마곡 F2""]"
7b768b2566f7,2026-10-10,FPL000081,UAM0017,a4,4,4,1.0,VP017,수서,VP002,잠실,6,G1,F1,G5,F2,06:30:00,06:35:28,06:40:50,06:53:12,07:03:12,328.16,322.3,741.78,1392.24,0,458.58,ready,06:35:11,339.1,4,"[""수서 F1"", ""개포3동"", ""잠실7동"", ""잠실 F2""]"
7b768b2566f7,2026-10-10,FPL000082,UAM0089,a4,4,4,1.0,VP017,수서,VP001,여의도,6,G2,F1,G3,F2,06:30:20,06:40:49,06:54:43,06:59:27,07:09:27,628.8,834.5,283.2,1746.5,320.64,0.0,ready,06:40:32,851.3,17,"[""수서 F1"", ""개포3동"", ""잠실7동"", ""지점 3"", ""청담대교 중간지점"", ""지점 2"", ""성수대교 남단"", ""신사동"", ""신사동 2"", ""잠원동 2"", ""반포동"", ""이촌동"", ""이촌동 2"", ""이촌2동"", ""여의동 2"", ""지점 32"", ""여의도 F2""]"
7b768b2566f7,2026-10-10,FPL000083,UAM0090,a4,4,4,1.0,VP017,수서,VP011,천호,6,G3,F1,G4,F2,06:30:54,06:46:09,07:17:07,07:22:18,07:32:18,915.36,1857.52,311.36,3084.24,655.36,1324.62,ready,06:45:53,1874.32,9,"[""수서 F1"", ""개포3동"", ""잠실7동"", ""지점 3"", ""자양2동"", ""잠실대교 중간지점"", ""지점 4"", ""천호대교 중간지점"", ""천호 F2""]"
7b768b2566f7,2026-10-10,FPL000084,UAM0091,a4,4,4,1.0,VP017,수서,VP012,광화문,6,G4,F1,G4,F2,06:31:14,06:51:30,07:04:24,07:09:08,07:19:08,1216.0,774.28,283.2,2273.48,976.0,148.18,ready,06:51:13,791.08,13,"[""수서 F1"", ""개포3동"", ""잠실7동"", ""지점 3"", ""청담대교 중간지점"", ""지점 2"", ""성수대교 남단"", ""신사동"", ""약수동"", ""지점 39"", ""후암동"", ""회현동2가"", ""광화문 F2""]"
7b768b2566f7,2026-10-10,FPL000085,UAM0092,a4,4,4,1.0,VP017,수서,VP009,성수,6,G5,F1,G2,F2,06:36:49,06:56:51,07:10:47,07:15:44,07:25:44,1201.92,836.36,297.28,2335.56,1310.72,382.16,ready,06:56:34,853.16,7,"[""수서 F1"", ""개포3동"", ""잠실7동"", ""지점 3"", ""청담대교 중간지점"", ""지점 2"", ""성수 F2""]"
7b768b2566f7,2026-10-10,FPL000086,UAM0093,a4,4,4,1.0,VP017,수서,VP015,마곡,6,G6,F1,G8,F2,06:42:09,07:02:11,07:34:30,07:39:13,07:49:13,1201.92,1938.16,283.2,3423.28,1631.36,665.66,ready,07:01:55,1954.96,27,"[""수서 F1"", ""개포3동"", ""잠실7동"", ""지점 3"", ""청담대교 중간지점"", ""지점 2"", ""성수대교 남단"", ""신사동"", ""약수동"", ""지점 39"", ""후암동"", ""회현동2가"", ""남영동"", ""충정로3가"", ""아현동"", ""대현동"", ""20통"", ""동교동"", ""서교동"", ""합정동"", ""선유도 17고지"", ""성산대교 중간지점"", ""상암동"", ""덕은동"", ""개화동"", ""하야동 2"", ""마곡 F2""]"
7b768b2566f7,2026-10-10,FPL000087,UAM0018,a4,4,4,1.0,VP018,인천,VP009,성수,6,G1,F1,G3,F2,06:30:00,06:35:42,07:38:18,07:43:01,07:53:01,342.24,3755.76,283.2,4381.2,0,1996.56,ready,06:35:25,3772.56,30,"[""인천 F1"", ""운북동"", ""영종동"", ""영종대교"", ""지점 22"", ""시천동 아라로"", ""목상동"", ""선주지동"", ""하야동"", ""하야동 2"", ""개화동"", ""덕은동"", ""상암동"", ""성산대교 중간지점"", ""선유도 17고지"", ""합정동"", ""서교동"", ""동교동"", ""20통"", ""대현동"", ""아현동"", ""충정로3가"", ""남영동"", ""회현동2가"", ""후암동"", ""지점 39"", ""약수동"", ""신사동"", ""성수대교 남단"", ""성수 F2""]"
7b768b2566f7,2026-10-10,FPL000088,UAM0094,a4,4,4,1.0,VP018,인천,VP009,성수,6,G2,F1,G4,F2,06:30:20,06:41:03,07:33:57,07:38:41,07:48:41,642.88,3174.48,283.2,4100.56,320.64,1415.28,ready,06:40:46,3191.28,30,"[""인천 F1"", ""운북동"", ""영종동"", ""영종대교"", ""지점 22"", ""시천동 아라로"", ""목상동"", ""선주지동"", ""하야동"", ""하야동 2"", ""개화동"", ""덕은동"", ""상암동"", ""성산대교 중간지점"", ""선유도 17고지"", ""합정동"", ""서교동"", ""동교동"", ""20통"", ""대현동"", ""아현동"", ""충정로3가"", ""남영동"", ""회현동2가"", ""후암동"", ""지점 39"", ""약수동"", ""신사동"", ""성수대교 남단"", ""성수 F2""]"
7b768b2566f7,2026-10-10,FPL000089,UAM0095,a4,4,4,1.0,VP018,인천,VP013,강남,6,G3,F1,G7,F2,06:30:54,06:46:24,07:21:28,07:26:11,07:36:11,929.44,2104.08,283.2,3316.72,655.36,402.08,ready,06:46:07,2120.88,29,"[""인천 F1"", ""운북동"", ""영종동"", ""지점 26"", ""지점 27"", ""지점 28"", ""간석3동"", ""지점 37"", ""지점 29"", ""지점 30"", ""지점 31"", ""지점 17"", ""가산동"", ""지점 9"", ""신사동 3"", ""신림동 2"", ""신림동"", ""은천동"", ""봉천동"", ""행운동"", ""인헌동"", ""남현동"", ""방배2동"", ""방배동"", ""지점 19"", ""경부고속도로 양재천 다리"", ""지점 21"", ""서초2동 2"", ""강남 F2""]"
7b768b2566f7,2026-10-10,FPL000090,UAM0096,a4,4,4,1.0,VP018,인천,VP001,여의도,6,G4,F1,G3,F2,06:31:14,06:51:44,07:14:40,07:19:24,07:29:24,1230.08,1376.3,283.2,2889.58,976.0,0.0,ready,06:51:27,1393.1,19,"[""인천 F1"", ""운북동"", ""영종동"", ""지점 26"", ""지점 27"", ""지점 28"", ""간석3동"", ""지점 37"", ""지점 29"", ""지점 30"", ""지점 31"", ""지점 17"", ""구로동"", ""신정6동"", ""신도림동 2"", ""문래동5가"", ""신도림동"", ""영등포"", ""여의도 F2""]"
7b768b2566f7,2026-10-10,FPL000091,UAM0097,a4,4,4,1.0,VP018,인천,VP008,사당,6,G5,F1,G3,F2,06:31:48,06:57:05,07:20:43,07:25:26,07:35:26,1516.64,1417.9,283.2,3217.74,1310.72,0.0,ready,06:56:48,1434.7,22,"[""인천 F1"", ""운북동"", ""영종동"", ""지점 26"", ""지점 27"", ""지점 28"", ""간석3동"", ""지점 37"", ""지점 29"", ""지점 30"", ""지점 31"", ""지점 17"", ""가산동"", ""지점 9"", ""신사동 3"", ""신림동 2"", ""신림동"", ""은천동"", ""봉천동"", ""행운동"", ""인헌동"", ""사당 F2""]"
7b768b2566f7,2026-10-10,FPL000092,UAM0098,a4,4,4,1.0,VP018,인천,VP002,잠실,6,G6,F1,G6,F2,06:37:09,07:02:25,07:31:55,07:36:38,07:46:38,1516.64,1769.3,283.2,3569.14,1631.36,0.0,ready,07:02:09,1786.1,34,"[""인천 F1"", ""운북동"", ""영종동"", ""지점 26"", ""지점 27"", ""지점 28"", ""간석3동"", ""지점 37"", ""지점 29"", ""지점 30"", ""지점 31"", ""지점 17"", ""가산동"", ""지점 9"", ""신사동 3"", ""신림동 2"", ""신림동"", ""은천동"", ""봉천동"", ""행운동"", ""인헌동"", ""남현동"", ""방배2동"", ""방배동"", ""지점 19"", ""경부고속도로 양재천 다리"", ""양재동"", ""지점 10"", ""지점 8"", ""지점 7"", ""지점 6"", ""대치교"", ""잠실7동"", ""잠실 F2""]"
7b768b2566f7,2026-10-10,FPL000093,UAM0099,a4,4,4,1.0,VP018,인천,VP017,수서,6,G7,F1,G6,F2,06:47:44,07:07:46,07:37:52,07:42:36,07:52:36,1201.92,1806.32,283.2,3291.44,1966.08,0.32,ready,07:07:29,1823.12,35,"[""인천 F1"", ""운북동"", ""영종동"", ""지점 26"", ""지점 27"", ""지점 28"", ""간석3동"", ""지점 37"", ""지점 29"", ""지점 30"", ""지점 31"", ""지점 17"", ""가산동"", ""지점 9"", ""신사동 3"", ""신림동 2"", ""신림동"", ""은천동"", ""봉천동"", ""행운동"", ""인헌동"", ""남현동"", ""방배2동"", ""방배동"", ""지점 19"", ""경부고속도로 양재천 다리"", ""양재동"", ""지점 10"", ""지점 8"", ""지점 7"", ""지점 6"", ""대치교"", ""잠실7동"", ""개포3동"", ""수서 F2""]"
7b768b2566f7,2026-10-10,FPL000094,UAM0100,a4,4,4,1.0,VP018,인천,VP016,망우,6,G8,F1,G4,F2,06:53:05,07:13:07,07:51:59,07:56:42,08:06:42,1201.92,2332.36,283.2,3817.48,2286.72,254.56,ready,07:12:50,2349.16,37,"[""인천 F1"", ""운북동"", ""영종동"", ""영종대교"", ""지점 22"", ""시천동 아라로"", ""목상동"", ""선주지동"", ""하야동"", ""하야동 2"", ""개화동"", ""덕은동"", ""상암동"", ""성산대교 중간지점"", ""선유도 17고지"", ""합정동"", ""서교동"", ""동교동"", ""20통"", ""대현동"", ""아현동"", ""충정로3가"", ""남영동"", ""회현동2가"", ""후암동"", ""지점 39"", ""약수동"", ""신사동"", ""응봉동"", ""지점 12"", ""송정동"", ""중곡1동"", ""지점"", ""중랑천 제방길"", ""중랑철교"", ""중화동"", ""망우 F2""]"
7b768b2566f7,2026-10-10,FPL000095,UAM0033,a4,4,4,1.0,VP005,목동,VP014,가산,6,G2,F1,G6,F2,06:35:00,06:46:24,06:54:03,06:58:47,07:08:47,683.52,459.8,283.2,1426.52,341.28,0.0,ready,06:46:07,476.6,4,"[""목동 F1"", ""신정6동"", ""구로동"", ""가산 F2""]"
7b768b2566f7,2026-10-10,FPL000096,UAM0004,a4,4,4,1.0,VP012,광화문,VP014,가산,6,G3,F1,G3,F2,06:55:52,07:00:52,07:22:58,07:27:56,07:37:56,300.0,1326.76,297.28,1924.04,0,520.96,ready,07:00:35,1343.56,16,"[""광화문 F1"", ""남영동"", ""청파동1가"", ""한강로1가"", ""한강로2가"", ""한강로3가"", ""이촌2동"", ""지점 14"", ""지점 13"", ""영등포"", ""신도림동"", ""문래동5가"", ""신도림동 2"", ""신정6동"", ""구로동"", ""가산 F2""]"
7b768b2566f7,2026-10-10,FPL000097,UAM0002,a4,4,4,1.0,VP009,성수,VP014,가산,6,G3,F1,G2,F2,06:56:26,07:01:26,07:27:19,07:32:30,07:42:30,300.0,1553.52,311.36,2164.88,0,664.72,ready,07:01:09,1570.32,18,"[""성수 F1"", ""성수대교 남단"", ""신사동"", ""신사동 2"", ""잠원동 2"", ""반포동"", ""이촌동"", ""이촌동 2"", ""이촌2동"", ""지점 14"", ""지점 13"", ""영등포"", ""신도림동"", ""문래동5가"", ""신도림동 2"", ""신정6동"", ""구로동"", ""가산 F2""]"
7b768b2566f7,2026-10-10,FPL000098,UAM0035,a4,4,4,1.0,VP005,목동,VP014,가산,7,G4,F1,G1,F2,07:00:00,07:05:28,07:18:38,07:23:49,07:33:49,328.16,789.64,311.36,1429.16,0,329.84,ready,07:05:11,806.44,4,"[""목동 F1"", ""신정6동"", ""구로동"", ""가산 F2""]"
7b768b2566f7,2026-10-10,FPL000099,UAM0036,a4,4,4,1.0,VP005,목동,VP014,가산,7,G5,F1,G6,F2,07:00:34,07:10:49,07:36:00,07:40:44,07:50:44,614.72,1511.56,283.2,2409.48,334.72,1051.76,ready,07:10:32,1528.36,4,"[""목동 F1"", ""신정6동"", ""구로동"", ""가산 F2""]"
7b768b2566f7,2026-10-10,FPL000100,UAM0037,a4,4,4,1.0,VP005,목동,VP018,인천,7,G6,F1,G7,F2,07:00:54,07:16:09,07:37:04,07:41:47,07:51:47,915.36,1254.2,283.2,2452.76,655.36,0.0,ready,07:15:53,1271.0,15,"[""목동 F1"", ""신정6동"", ""구로동"", ""지점 17"", ""지점 31"", ""지점 30"", ""지점 29"", ""지점 37"", ""간석3동"", ""지점 28"", ""지점 27"", ""지점 26"", ""영종동"", ""운북동"", ""인천 F2""]"
7b768b2566f7,2026-10-10,FPL000101,UAM0038,a4,4,4,1.0,VP005,목동,VP018,인천,7,G7,F1,G8,F2,07:01:28,07:21:30,07:42:24,07:47:07,07:57:07,1201.92,1254.2,283.2,2739.32,990.08,0.0,ready,07:21:13,1271.0,15,"[""목동 F1"", ""신정6동"", ""구로동"", ""지점 17"", ""지점 31"", ""지점 30"", ""지점 29"", ""지점 37"", ""간석3동"", ""지점 28"", ""지점 27"", ""지점 26"", ""영종동"", ""운북동"", ""인천 F2""]"
7b768b2566f7,2026-10-10,FPL000102,UAM0015,a4,4,4,1.0,VP003,상암,VP016,망우,7,G3,F1,G3,F2,07:00:05,07:05:05,07:21:39,07:26:22,07:36:22,300.0,993.4,283.2,1576.6,0,0.0,ready,07:04:49,1010.2,22,"[""상암 F1"", ""서교동"", ""동교동"", ""20통"", ""대현동"", ""아현동"", ""충정로3가"", ""남영동"", ""회현동2가"", ""후암동"", ""지점 39"", ""약수동"", ""신사동"", ""응봉동"", ""지점 12"", ""송정동"", ""중곡1동"", ""지점"", ""중랑천 제방길"", ""중랑철교"", ""중화동"", ""망우 F2""]"
7b768b2566f7,2026-10-10,FPL000103,UAM0013,a4,4,4,1.0,VP012,광화문,VP009,성수,7,G4,F1,G3,F2,07:04:51,07:09:51,07:19:28,07:24:12,07:34:12,300.0,577.2,283.2,1160.4,278.84,128.8,ready,07:09:34,594.0,8,"[""광화문 F1"", ""회현동2가"", ""후암동"", ""지점 39"", ""약수동"", ""신사동"", ""성수대교 남단"", ""성수 F2""]"
7b768b2566f7,2026-10-10,FPL000104,UAM0012,a4,4,4,1.0,VP008,사당,VP003,상암,7,G3,F1,G3,F2,07:05:59,07:10:59,07:22:28,07:27:11,07:37:11,300.0,688.8,283.2,1272.0,262.06,0.0,ready,07:10:42,705.6,12,"[""사당 F1"", ""인헌동"", ""행운동"", ""봉천동"", ""은천동"", ""신림동"", ""신림동 2"", ""영등포"", ""지점 11"", ""선유도 17고지"", ""합정동"", ""상암 F2""]"
7b768b2566f7,2026-10-10,FPL000105,UAM0011,a4,4,4,1.0,VP017,수서,VP016,망우,7,G5,F1,G4,F2,07:07:15,07:12:15,07:25:59,07:30:43,07:40:43,300.0,824.68,283.2,1407.88,242.46,121.68,ready,07:11:58,841.48,13,"[""수서 F1"", ""개포3동"", ""잠실7동"", ""지점 3"", ""청담대교 중간지점"", ""건대입구"", ""송정동"", ""중곡1동"", ""지점"", ""중랑천 제방길"", ""중랑철교"", ""중화동"", ""망우 F2""]"
7b768b2566f7,2026-10-10,FPL000106,UAM0017,a4,4,4,1.0,VP002,잠실,VP017,수서,7,G5,F1,G5,F2,07:06:38,07:11:38,07:17:03,07:21:47,07:31:47,300.0,325.0,283.2,908.2,206.16,0.0,ready,07:11:22,341.8,4,"[""잠실 F1"", ""잠실7동"", ""개포3동"", ""수서 F2""]"
7b768b2566f7,2026-10-10,FPL000107,UAM0034,a4,4,4,1.0,VP014,가산,VP010,연신내,7,G5,F1,G6,F2,07:03:26,07:08:26,07:22:40,07:27:23,07:37:23,300.0,853.76,283.2,1436.96,0,64.56,ready,07:08:09,870.56,14,"[""가산 F1"", ""구로동"", ""신정6동"", ""신도림동 2"", ""목1동"", ""양평동"", ""지점 18"", ""상암동"", ""지점 25"", ""수색교"", ""지점 24"", ""향동동"", ""지점 23"", ""연신내 F2""]"
7b768b2566f7,2026-10-10,FPL000108,UAM0007,a4,4,4,1.0,VP002,잠실,VP004,용산,7,G6,F1,G4,F2,07:06:58,07:16:59,07:28:23,07:33:06,07:43:06,600.64,684.0,283.2,1567.84,506.8,0.0,ready,07:16:42,700.8,15,"[""잠실 F1"", ""지점 3"", ""청담대교 중간지점"", ""지점 2"", ""성수대교 남단"", ""신사동"", ""약수동"", ""지점 39"", ""후암동"", ""회현동2가"", ""남영동"", ""청파동1가"", ""한강로1가"", ""한강로2가"", ""용산 F2""]"
7b768b2566f7,2026-10-10,FPL000109,UAM0074,a4,4,4,1.0,VP005,목동,VP014,가산,7,G1,F1,G1,F2,07:03:59,07:26:51,07:44:42,07:49:53,07:59:53,1372.18,1070.92,311.36,2754.46,1029.94,611.12,ready,07:26:34,1087.72,4,"[""목동 F1"", ""신정6동"", ""구로동"", ""가산 F2""]"
7b768b2566f7,2026-10-10,FPL000110,UAM0014,a4,4,4,1.0,VP005,목동,VP014,가산,7,G3,F1,G3,F2,07:05:00,07:32:11,07:49:02,07:54:00,08:04:00,1631.36,1010.92,297.28,2939.56,1303.2,551.12,ready,07:31:55,1027.72,4,"[""목동 F1"", ""신정6동"", ""구로동"", ""가산 F2""]"
7b768b2566f7,2026-10-10,FPL000111,UAM0049,a4,4,4,1.0,VP004,용산,VP009,성수,7,G3,F1,G2,F2,07:05:00,07:10:00,07:29:37,07:34:34,07:44:34,300.0,1176.4,297.28,1773.68,0,600.0,ready,07:09:44,1193.2,12,"[""용산 F1"", ""한강로2가"", ""한강로1가"", ""청파동1가"", ""남영동"", ""회현동2가"", ""후암동"", ""지점 39"", ""약수동"", ""신사동"", ""성수대교 남단"", ""성수 F2""]"
7b768b2566f7,2026-10-10,FPL000112,UAM0086,a4,4,4,1.0,VP009,성수,VP011,천호,7,G4,F1,G8,F2,07:15:35,07:20:35,07:34:30,07:47:59,07:57:59,300.0,835.0,809.6,1944.6,613.6,871.1,ready,07:20:18,851.8,8,"[""성수 F1"", ""지점 2"", ""청담대교 중간지점"", ""자양2동"", ""잠실대교 중간지점"", ""지점 4"", ""천호대교 중간지점"", ""천호 F2""]"
7b768b2566f7,2026-10-10,FPL000113,UAM0050,a4,4,4,1.0,VP002,잠실,VP011,천호,7,G3,F1,G5,F2,07:08:07,07:22:20,07:38:50,07:48:33,07:58:33,852.72,990.48,583.04,2426.24,538.64,833.64,ready,07:22:03,1007.28,7,"[""잠실 F1"", ""지점 3"", ""자양2동"", ""잠실대교 중간지점"", ""지점 4"", ""천호대교 중간지점"", ""천호 F2""]"
7b768b2566f7,2026-10-10,FPL000114,UAM0064,a4,4,4,1.0,VP010,연신내,VP001,여의도,7,G5,F1,G4,F2,07:08:42,07:13:42,07:24:57,07:29:40,07:39:40,300.0,674.7,283.2,1257.9,0,0.0,ready,07:13:25,691.5,11,"[""연신내 F1"", ""지점 23"", ""향동동"", ""지점 24"", ""수색교"", ""지점 25"", ""상암동"", ""성산대교 중간지점"", ""선유도 17고지"", ""지점 11"", ""여의도 F2""]"
7b768b2566f7,2026-10-10,FPL000115,UAM0033,a4,4,4,1.0,VP014,가산,VP006,미아,7,G6,F1,G2,F2,07:09:29,07:14:29,07:40:16,07:45:14,07:55:14,300.0,1547.06,297.28,2144.34,42.72,230.06,ready,07:14:12,1563.86,29,"[""가산 F1"", ""구로동"", ""신정6동"", ""신도림동 2"", ""문래동5가"", ""신도림동"", ""영등포"", ""지점 13"", ""지점 14"", ""이촌2동"", ""이촌동 2"", ""이촌동"", ""반포동"", ""잠원동 2"", ""신사동 2"", ""신사동"", ""응봉동"", ""지점 12"", ""송정동"", ""중곡1동"", ""지점"", ""중랑천 제방길"", ""중랑철교"", ""중화동"", ""월릉교"", ""공릉1동 2"", ""월계3동"", ""월계동"", ""미아 F2""]"
7b768b2566f7,2026-10-10,FPL000116,UAM0089,a4,4,4,1.0,VP001,여의도,VP007,봉천,7,G3,F1,G3,F2,07:12:33,07:17:33,07:26:28,07:31:11,07:41:11,300.0,535.0,283.2,1118.2,186.16,0.0,ready,07:17:16,551.8,5,"[""여의도 F1"", ""영등포"", ""신림동 2"", ""신림동"", ""봉천 F2""]"
7b768b2566f7,2026-10-10,FPL000117,UAM0039,a4,4,4,1.0,VP005,목동,VP018,인천,7,G8,F1,G7,F2,07:17:30,07:37:32,07:58:26,08:03:09,08:13:09,1201.92,1254.2,283.2,2739.32,1352.0,0.0,ready,07:37:15,1271.0,15,"[""목동 F1"", ""신정6동"", ""구로동"", ""지점 17"", ""지점 31"", ""지점 30"", ""지점 29"", ""지점 37"", ""간석3동"", ""지점 28"", ""지점 27"", ""지점 26"", ""영종동"", ""운북동"", ""인천 F2""]"
7b768b2566f7,2026-10-10,FPL000118,UAM0047,a4,4,4,1.0,VP017,수서,VP006,미아,7,G6,F1,G1,F2,07:10:22,07:17:35,07:35:56,07:40:53,07:50:53,433.08,1100.32,297.28,1830.68,133.08,257.62,ready,07:17:19,1117.12,17,"[""수서 F1"", ""개포3동"", ""잠실7동"", ""지점 3"", ""청담대교 중간지점"", ""건대입구"", ""송정동"", ""중곡1동"", ""지점"", ""중랑천 제방길"", ""중랑철교"", ""중화동"", ""월릉교"", ""공릉1동 2"", ""월계3동"", ""월계동"", ""미아 F2""]"
7b768b2566f7,2026-10-10,FPL000119,UAM0020,a4,4,4,1.0,VP008,사당,VP002,잠실,7,G4,F1,G5,F2,07:10:26,07:16:20,07:25:27,07:30:10,07:40:10,353.82,547.0,283.2,1184.02,53.82,0.0,ready,07:16:03,563.8,12,"[""사당 F1"", ""방배동"", ""지점 19"", ""경부고속도로 양재천 다리"", ""양재동"", ""지점 10"", ""지점 8"", ""지점 7"", ""지점 6"", ""대치교"", ""잠실7동"", ""잠실 F2""]"
7b768b2566f7,2026-10-10,FPL000120,UAM0046,a4,4,4,1.0,VP016,망우,VP010,연신내,7,G3,F1,G5,F2,07:13:38,07:18:38,07:40:49,07:45:32,07:55:32,300.0,1330.7,283.2,1913.9,186.16,0.0,ready,07:18:22,1347.5,30,"[""망우 F1"", ""중랑철교"", ""중랑천 제방길"", ""지점"", ""중곡1동"", ""송정동"", ""지점 12"", ""응봉동"", ""신사동"", ""약수동"", ""지점 39"", ""후암동"", ""회현동2가"", ""남영동"", ""충정로3가"", ""아현동"", ""대현동"", ""20통"", ""동교동"", ""서교동"", ""합정동"", ""선유도 17고지"", ""성산대교 중간지점"", ""상암동"", ""지점 25"", ""수색교"", ""지점 24"", ""향동동"", ""지점 23"", ""연신내 F2""]"
7b768b2566f7,2026-10-10,FPL000121,UAM0087,a4,4,4,1.0,VP002,잠실,VP010,연신내,7,G4,F1,G6,F2,07:12:28,07:27:40,07:47:11,07:51:54,08:01:54,912.72,1170.6,283.2,2366.52,598.64,0.0,ready,07:27:24,1187.4,27,"[""잠실 F1"", ""지점 3"", ""청담대교 중간지점"", ""지점 2"", ""성수대교 남단"", ""신사동"", ""약수동"", ""지점 39"", ""후암동"", ""회현동2가"", ""남영동"", ""충정로3가"", ""아현동"", ""대현동"", ""20통"", ""동교동"", ""서교동"", ""합정동"", ""선유도 17고지"", ""성산대교 중간지점"", ""상암동"", ""지점 25"", ""수색교"", ""지점 24"", ""향동동"", ""지점 23"", ""연신내 F2""]"
7b768b2566f7,2026-10-10,FPL000122,UAM0044,a4,4,4,1.0,VP014,가산,VP006,미아,7,G3,F1,G4,F2,07:23:39,07:28:53,07:50:50,07:55:34,08:05:34,314.08,1317.0,283.2,1914.28,618.08,0.0,ready,07:28:37,1333.8,29,"[""가산 F1"", ""구로동"", ""신정6동"", ""신도림동 2"", ""문래동5가"", ""신도림동"", ""영등포"", ""지점 13"", ""지점 14"", ""이촌2동"", ""이촌동 2"", ""이촌동"", ""반포동"", ""잠원동 2"", ""신사동 2"", ""신사동"", ""응봉동"", ""지점 12"", ""송정동"", ""중곡1동"", ""지점"", ""중랑천 제방길"", ""중랑철교"", ""중화동"", ""월릉교"", ""공릉1동 2"", ""월계3동"", ""월계동"", ""미아 F2""]"
7b768b2566f7,2026-10-10,FPL000123,UAM0068,a4,4,4,1.0,VP001,여의도,VP014,가산,7,G4,F1,G4,F2,07:13:47,07:22:53,07:40:21,07:45:18,07:55:18,546.16,1047.7,297.28,1891.14,246.16,467.9,ready,07:22:36,1064.5,8,"[""여의도 F1"", ""영등포"", ""신도림동"", ""문래동5가"", ""신도림동 2"", ""신정6동"", ""구로동"", ""가산 F2""]"
7b768b2566f7,2026-10-10,FPL000124,UAM0019,a4,4,4,1.0,VP015,마곡,VP009,성수,7,G7,F1,G3,F2,07:30:36,07:35:36,07:53:40,07:59:41,08:09:41,300.0,1084.1,361.38,1745.48,988.08,78.18,ready,07:35:19,1100.9,22,"[""마곡 F1"", ""하야동 2"", ""개화동"", ""덕은동"", ""상암동"", ""성산대교 중간지점"", ""선유도 17고지"", ""합정동"", ""서교동"", ""동교동"", ""20통"", ""대현동"", ""아현동"", ""충정로3가"", ""남영동"", ""회현동2가"", ""후암동"", ""지점 39"", ""약수동"", ""신사동"", ""성수대교 남단"", ""성수 F2""]"
7b768b2566f7,2026-10-10,FPL000125,UAM0005,a4,4,4,1.0,VP018,인천,VP016,망우,7,G7,F1,G1,F2,07:16:25,07:21:25,07:56:20,08:01:17,08:11:17,300.0,2095.08,297.28,2692.36,137.04,17.28,ready,07:21:08,2111.88,37,"[""인천 F1"", ""운북동"", ""영종동"", ""영종대교"", ""지점 22"", ""시천동 아라로"", ""목상동"", ""선주지동"", ""하야동"", ""하야동 2"", ""개화동"", ""덕은동"", ""상암동"", ""성산대교 중간지점"", ""선유도 17고지"", ""합정동"", ""서교동"", ""동교동"", ""20통"", ""대현동"", ""아현동"", ""충정로3가"", ""남영동"", ""회현동2가"", ""후암동"", ""지점 39"", ""약수동"", ""신사동"", ""응봉동"", ""지점 12"", ""송정동"", ""중곡1동"", ""지점"", ""중랑천 제방길"", ""중랑철교"", ""중화동"", ""망우 F2""]"
7b768b2566f7,2026-10-10,FPL000126,UAM0009,a4,4,4,1.0,VP013,강남,VP002,잠실,7,G7,F1,G3,F2,07:21:54,07:26:54,07:40:36,07:45:33,07:55:33,300.0,821.62,297.28,1418.9,466.8,215.22,ready,07:26:38,838.42,12,"[""강남 F1"", ""서초2동 2"", ""지점 21"", ""경부고속도로 양재천 다리"", ""양재동"", ""지점 10"", ""지점 8"", ""지점 7"", ""지점 6"", ""대치교"", ""잠실7동"", ""잠실 F2""]"
7b768b2566f7,2026-10-10,FPL000127,UAM0016,a4,4,4,1.0,VP011,천호,VP003,상암,7,G7,F1,G4,F2,07:30:36,07:35:36,07:50:38,07:55:21,08:05:21,300.0,902.6,283.2,1485.8,988.08,0.0,ready,07:35:19,919.4,22,"[""천호 F1"", ""천호대교 중간지점"", ""지점 4"", ""잠실대교 중간지점"", ""자양2동"", ""청담대교 중간지점"", ""지점 2"", ""성수대교 남단"", ""신사동"", ""약수동"", ""지점 39"", ""후암동"", ""회현동2가"", ""남영동"", ""충정로3가"", ""아현동"", ""대현동"", ""20통"", ""동교동"", ""서교동"", ""합정동"", ""상암 F2""]"
7b768b2566f7,2026-10-10,FPL000128,UAM0001,a4,4,4,1.0,VP013,강남,VP003,상암,7,G8,F1,G3,F2,07:22:14,07:32:15,07:45:50,07:50:33,08:00:33,600.64,814.6,283.2,1698.44,767.44,0.0,ready,07:31:58,831.4,16,"[""강남 F1"", ""반포1동"", ""주흥교"", ""잠원동"", ""잠원동 2"", ""반포동"", ""이촌동"", ""이촌동 2"", ""이촌2동"", ""여의동 2"", ""지점 32"", ""서강대교 중간지점"", ""지점 5"", ""선유도 17고지"", ""합정동"", ""상암 F2""]"
7b768b2566f7,2026-10-10,FPL000129,UAM0022,a4,4,4,1.0,VP011,천호,VP009,성수,7,G8,F1,G4,F2,07:30:56,07:40:56,07:58:00,08:02:44,08:12:44,600.64,1024.1,283.2,1907.94,1288.72,545.9,ready,07:40:40,1040.9,8,"[""천호 F1"", ""천호대교 중간지점"", ""지점 4"", ""잠실대교 중간지점"", ""자양2동"", ""청담대교 중간지점"", ""지점 2"", ""성수 F2""]"
7b768b2566f7,2026-10-10,FPL000130,UAM0028,a4,4,4,1.0,VP015,마곡,VP011,천호,7,G8,F1,G8,F2,07:30:56,07:40:56,08:13:40,08:20:03,08:30:03,600.64,1963.44,383.2,2947.28,1288.72,762.84,ready,07:40:40,1980.24,28,"[""마곡 F1"", ""하야동 2"", ""개화동"", ""덕은동"", ""상암동"", ""성산대교 중간지점"", ""선유도 17고지"", ""합정동"", ""서교동"", ""동교동"", ""20통"", ""대현동"", ""아현동"", ""충정로3가"", ""남영동"", ""회현동2가"", ""후암동"", ""지점 39"", ""약수동"", ""신사동"", ""성수대교 남단"", ""지점 2"", ""청담대교 중간지점"", ""자양2동"", ""잠실대교 중간지점"", ""지점 4"", ""천호대교 중간지점"", ""천호 F2""]"
7b768b2566f7,2026-10-10,FPL000131,UAM0080,a4,4,4,1.0,VP012,광화문,VP013,강남,7,G3,F1,G8,F2,07:14:47,07:19:47,07:28:48,07:39:18,07:49:18,300.0,540.6,630.32,1470.92,0,347.12,ready,07:19:30,557.4,12,"[""광화문 F1"", ""회현동2가"", ""후암동"", ""지점 39"", ""약수동"", ""신사동"", ""신사동 2"", ""잠원동 2"", ""잠원동"", ""주흥교"", ""반포1동"", ""강남 F2""]"
7b768b2566f7,2026-10-10,FPL000132,UAM0027,a4,4,4,1.0,VP016,망우,VP006,미아,7,G4,F1,G4,F2,07:14:53,07:23:59,07:31:35,07:36:18,07:46:18,546.16,456.0,283.2,1285.36,246.16,0.0,ready,07:23:42,472.8,8,"[""망우 F1"", ""중랑철교"", ""중화동"", ""월릉교"", ""공릉1동 2"", ""월계3동"", ""월계동"", ""미아 F2""]"
7b768b2566f7,2026-10-10,FPL000133,UAM0008,a4,4,4,1.0,VP018,인천,VP012,광화문,7,G8,F1,G1,F2,07:16:45,07:26:45,07:56:09,08:01:06,08:11:06,600.64,1763.7,297.28,2661.62,365.0,268.5,ready,07:26:28,1780.5,23,"[""인천 F1"", ""운북동"", ""영종동"", ""영종대교"", ""지점 22"", ""시천동 아라로"", ""목상동"", ""선주지동"", ""하야동"", ""하야동 2"", ""개화동"", ""덕은동"", ""상암동"", ""성산대교 중간지점"", ""선유도 17고지"", ""합정동"", ""서교동"", ""동교동"", ""20통"", ""대현동"", ""아현동"", ""충정로3가"", ""광화문 F2""]"
7b768b2566f7,2026-10-10,FPL000134,UAM0032,a4,4,4,1.0,VP008,사당,VP013,강남,7,G1,F1,G5,F2,07:16:09,07:21:41,07:33:08,07:39:52,07:49:52,331.44,687.64,403.76,1422.84,17.36,314.42,ready,07:21:24,704.44,7,"[""사당 F1"", ""방배동"", ""지점 19"", ""경부고속도로 양재천 다리"", ""지점 21"", ""서초2동 2"", ""강남 F2""]"
7b768b2566f7,2026-10-10,FPL000135,UAM0021,a4,4,4,1.0,VP009,성수,VP017,수서,7,G3,F1,G5,F2,07:19:55,07:25:55,07:33:32,07:38:15,07:48:15,360.0,456.6,283.2,1099.8,246.16,0.0,ready,07:25:38,473.4,7,"[""성수 F1"", ""지점 2"", ""청담대교 중간지점"", ""지점 3"", ""잠실7동"", ""개포3동"", ""수서 F2""]"
7b768b2566f7,2026-10-10,FPL000136,UAM0031,a4,4,4,1.0,VP002,잠실,VP006,미아,7,G1,F1,G3,F2,07:17:02,07:33:01,07:45:43,07:50:26,08:00:26,958.64,762.1,283.2,2003.94,630.48,0.0,ready,07:32:44,778.9,15,"[""잠실 F1"", ""지점 3"", ""청담대교 중간지점"", ""건대입구"", ""송정동"", ""중곡1동"", ""지점"", ""중랑천 제방길"", ""중랑철교"", ""중화동"", ""월릉교"", ""공릉1동 2"", ""월계3동"", ""월계동"", ""미아 F2""]"
7b768b2566f7,2026-10-10,FPL000137,UAM0076,a4,4,4,1.0,VP003,상암,VP002,잠실,7,G3,F1,G4,F2,07:17:16,07:22:16,07:36:15,07:41:13,07:51:13,300.0,838.9,297.28,1436.18,0,62.3,ready,07:22:00,855.7,18,"[""상암 F1"", ""서교동"", ""동교동"", ""20통"", ""대현동"", ""아현동"", ""충정로3가"", ""남영동"", ""회현동2가"", ""후암동"", ""지점 39"", ""약수동"", ""신사동"", ""성수대교 남단"", ""지점 2"", ""청담대교 중간지점"", ""지점 3"", ""잠실 F2""]"
7b768b2566f7,2026-10-10,FPL000138,UAM0069,a4,4,4,1.0,VP017,수서,VP011,천호,7,G3,F1,G6,F2,07:17:25,07:26:51,07:47:57,07:53:34,08:03:34,566.3,1265.72,337.28,2169.3,252.22,772.82,ready,07:26:34,1282.52,9,"[""수서 F1"", ""개포3동"", ""잠실7동"", ""지점 3"", ""자양2동"", ""잠실대교 중간지점"", ""지점 4"", ""천호대교 중간지점"", ""천호 F2""]"
7b768b2566f7,2026-10-10,FPL000139,UAM0058,a4,4,4,1.0,VP001,여의도,VP011,천호,7,G1,F1,G3,F2,07:18:22,07:28:14,07:52:17,08:04:29,08:14:29,592.08,1443.26,732.0,2767.34,278.0,996.5,ready,07:27:57,1460.06,18,"[""여의도 F1"", ""지점 32"", ""여의동 2"", ""이촌2동"", ""이촌동 2"", ""이촌동"", ""반포동"", ""잠원동 2"", ""신사동 2"", ""신사동"", ""성수대교 남단"", ""지점 2"", ""청담대교 중간지점"", ""자양2동"", ""잠실대교 중간지점"", ""지점 4"", ""천호대교 중간지점"", ""천호 F2""]"
7b768b2566f7,2026-10-10,FPL000140,UAM0003,a4,4,4,1.0,VP011,천호,VP017,수서,7,G5,F1,G5,F2,07:30:50,07:46:17,07:55:11,07:59:55,08:09:55,927.2,534.4,283.2,1744.8,1320.56,0.0,ready,07:46:00,551.2,9,"[""천호 F1"", ""천호대교 중간지점"", ""지점 4"", ""잠실대교 중간지점"", ""자양2동"", ""지점 3"", ""잠실7동"", ""개포3동"", ""수서 F2""]"
7b768b2566f7,2026-10-10,FPL000141,UAM0006,a4,4,4,1.0,VP013,강남,VP011,천호,7,G5,F1,G4,F2,07:22:08,07:37:36,08:03:58,08:10:10,08:20:10,927.2,1582.8,371.36,2881.36,799.28,839.2,ready,07:37:19,1599.6,17,"[""강남 F1"", ""서초2동 2"", ""지점 21"", ""경부고속도로 양재천 다리"", ""양재동"", ""지점 10"", ""지점 8"", ""지점 7"", ""지점 6"", ""대치교"", ""잠실7동"", ""지점 3"", ""자양2동"", ""잠실대교 중간지점"", ""지점 4"", ""천호대교 중간지점"", ""천호 F2""]"
7b768b2566f7,2026-10-10,FPL000142,UAM0053,a4,4,4,1.0,VP015,마곡,VP008,사당,7,G5,F1,G3,F2,07:30:50,07:46:17,08:01:49,08:06:32,08:16:32,927.2,931.7,283.2,2142.1,1320.56,0.0,ready,07:46:00,948.5,16,"[""마곡 F1"", ""하야동 2"", ""개화동"", ""덕은동"", ""상암동"", ""성산대교 중간지점"", ""선유도 17고지"", ""지점 11"", ""영등포"", ""신림동 2"", ""신림동"", ""은천동"", ""봉천동"", ""행운동"", ""인헌동"", ""사당 F2""]"
7b768b2566f7,2026-10-10,FPL000143,UAM0091,a4,4,4,1.0,VP012,광화문,VP009,성수,7,G4,F1,G2,F2,07:19:08,07:25:08,07:47:36,07:52:33,08:02:33,360.0,1348.4,297.28,2005.68,60.0,900.0,ready,07:24:51,1365.2,8,"[""광화문 F1"", ""회현동2가"", ""후암동"", ""지점 39"", ""약수동"", ""신사동"", ""성수대교 남단"", ""성수 F2""]"
7b768b2566f7,2026-10-10,FPL000144,UAM0066,a4,4,4,1.0,VP014,가산,VP013,강남,7,G5,F1,G8,F2,07:32:07,07:37:07,07:51:58,08:00:40,08:10:40,300.0,891.04,522.84,1713.88,761.52,245.88,ready,07:36:50,907.84,18,"[""가산 F1"", ""가산동"", ""지점 9"", ""신사동 3"", ""신림동 2"", ""신림동"", ""은천동"", ""봉천동"", ""행운동"", ""인헌동"", ""남현동"", ""방배2동"", ""방배동"", ""지점 19"", ""경부고속도로 양재천 다리"", ""지점 21"", ""서초2동 2"", ""강남 F2""]"
7b768b2566f7,2026-10-10,FPL000145,UAM0052,a4,4,4,1.0,VP016,망우,VP018,인천,7,G1,F1,G8,F2,07:19:28,07:29:20,08:03:04,08:07:47,08:17:47,592.08,2024.3,283.2,2899.58,278.0,0.0,ready,07:29:03,2041.1,36,"[""망우 F1"", ""중랑철교"", ""중랑천 제방길"", ""지점"", ""중곡1동"", ""송정동"", ""지점 12"", ""응봉동"", ""신사동"", ""약수동"", ""지점 39"", ""후암동"", ""회현동2가"", ""남영동"", ""충정로3가"", ""아현동"", ""대현동"", ""20통"", ""동교동"", ""서교동"", ""합정동"", ""선유도 17고지"", ""성산대교 중간지점"", ""상암동"", ""덕은동"", ""개화동"", ""하야동 2"", ""하야동"", ""선주지동"", ""목상동"", ""시천동 아라로"", ""지점 22"", ""영종대교"", ""영종동"", ""운북동"", ""인천 F2""]"
7b768b2566f7,2026-10-10,FPL000146,UAM0042,a4,4,4,1.0,VP002,잠실,VP012,광화문,7,G5,F1,G3,F2,07:25:09,07:38:22,07:47:28,07:52:11,08:02:11,792.74,546.1,283.2,1622.04,746.8,0.0,ready,07:38:05,562.9,11,"[""잠실 F1"", ""지점 3"", ""청담대교 중간지점"", ""지점 2"", ""성수대교 남단"", ""신사동"", ""약수동"", ""지점 39"", ""후암동"", ""회현동2가"", ""광화문 F2""]"
7b768b2566f7,2026-10-10,FPL000147,UAM0025,a4,4,4,1.0,VP009,성수,VP017,수서,7,G1,F1,G3,F2,07:21:24,07:31:16,07:42:13,07:47:10,07:57:10,592.08,657.24,297.28,1546.6,278.0,200.64,ready,07:30:59,674.04,7,"[""성수 F1"", ""지점 2"", ""청담대교 중간지점"", ""지점 3"", ""잠실7동"", ""개포3동"", ""수서 F2""]"
7b768b2566f7,2026-10-10,FPL000148,UAM0024,a4,4,4,1.0,VP001,여의도,VP006,미아,7,G2,F1,G1,F2,07:22:43,07:33:35,07:55:11,08:00:08,08:10:08,652.08,1296.46,297.28,2245.82,338.0,209.06,ready,07:33:18,1313.26,23,"[""여의도 F1"", ""지점 32"", ""여의동 2"", ""이촌2동"", ""이촌동 2"", ""이촌동"", ""반포동"", ""잠원동 2"", ""신사동 2"", ""신사동"", ""응봉동"", ""지점 12"", ""송정동"", ""중곡1동"", ""지점"", ""중랑천 제방길"", ""중랑철교"", ""중화동"", ""월릉교"", ""공릉1동 2"", ""월계3동"", ""월계동"", ""미아 F2""]"
7b768b2566f7,2026-10-10,FPL000149,UAM0030,a4,4,4,1.0,VP011,천호,VP018,인천,7,G6,F1,G5,F2,07:35:02,07:51:38,08:24:26,08:29:23,08:39:23,995.36,1968.0,297.28,3260.64,1380.56,0.0,ready,07:51:21,1984.8,36,"[""천호 F1"", ""천호대교 중간지점"", ""지점 4"", ""잠실대교 중간지점"", ""자양2동"", ""청담대교 중간지점"", ""지점 2"", ""성수대교 남단"", ""신사동"", ""약수동"", ""지점 39"", ""후암동"", ""회현동2가"", ""남영동"", ""충정로3가"", ""아현동"", ""대현동"", ""20통"", ""동교동"", ""서교동"", ""합정동"", ""선유도 17고지"", ""성산대교 중간지점"", ""상암동"", ""덕은동"", ""개화동"", ""하야동 2"", ""하야동"", ""선주지동"", ""목상동"", ""시천동 아라로"", ""지점 22"", ""영종대교"", ""영종동"", ""운북동"", ""인천 F2""]"
7b768b2566f7,2026-10-10,FPL000150,UAM0057,a4,4,4,1.0,VP013,강남,VP001,여의도,7,G6,F1,G4,F2,07:26:21,07:42:56,07:54:45,07:59:28,08:09:28,995.36,708.56,283.2,1987.12,859.28,72.56,ready,07:42:40,725.36,12,"[""강남 F1"", ""반포1동"", ""주흥교"", ""잠원동"", ""잠원동 2"", ""반포동"", ""이촌동"", ""이촌동 2"", ""이촌2동"", ""여의동 2"", ""지점 32"", ""여의도 F2""]"
7b768b2566f7,2026-10-10,FPL000151,UAM0067,a4,4,4,1.0,VP015,마곡,VP009,성수,7,G6,F1,G1,F2,07:35:02,07:51:38,08:09:42,08:14:39,08:24:39,995.36,1084.1,297.28,2376.74,1380.56,0.0,ready,07:51:21,1100.9,22,"[""마곡 F1"", ""하야동 2"", ""개화동"", ""덕은동"", ""상암동"", ""성산대교 중간지점"", ""선유도 17고지"", ""합정동"", ""서교동"", ""동교동"", ""20통"", ""대현동"", ""아현동"", ""충정로3가"", ""남영동"", ""회현동2가"", ""후암동"", ""지점 39"", ""약수동"", ""신사동"", ""성수대교 남단"", ""성수 F2""]"
7b768b2566f7,2026-10-10,FPL000152,UAM0045,a4,4,4,1.0,VP012,광화문,VP014,가산,7,G1,F1,G2,F2,07:23:42,07:30:28,07:53:23,07:58:34,08:08:34,405.92,1374.72,311.36,2092.0,91.84,568.92,ready,07:30:11,1391.52,16,"[""광화문 F1"", ""남영동"", ""청파동1가"", ""한강로1가"", ""한강로2가"", ""한강로3가"", ""이촌2동"", ""지점 14"", ""지점 13"", ""영등포"", ""신도림동"", ""문래동5가"", ""신도림동 2"", ""신정6동"", ""구로동"", ""가산 F2""]"
7b768b2566f7,2026-10-10,FPL000153,UAM0075,a4,4,4,1.0,VP016,망우,VP013,강남,7,G2,F1,G7,F2,07:23:48,07:35:47,07:47:37,07:52:20,08:02:20,718.6,710.1,283.2,1711.9,404.52,0.0,ready,07:35:30,726.9,15,"[""망우 F1"", ""중랑철교"", ""중랑천 제방길"", ""지점"", ""중곡1동"", ""송정동"", ""지점 12"", ""응봉동"", ""신사동"", ""신사동 2"", ""잠원동 2"", ""잠원동"", ""주흥교"", ""반포1동"", ""강남 F2""]"
7b768b2566f7,2026-10-10,FPL000154,UAM0055,a4,4,4,1.0,VP014,가산,VP015,마곡,7,G6,F1,G7,F2,07:36:27,07:42:27,07:56:17,08:20:03,08:30:03,360.0,830.1,1425.7,2615.8,767.44,1142.5,ready,07:42:10,846.9,12,"[""가산 F1"", ""구로동"", ""신정6동"", ""신도림동 2"", ""목1동"", ""양평동"", ""지점 18"", ""상암동"", ""덕은동"", ""개화동"", ""하야동 2"", ""마곡 F2""]"
7b768b2566f7,2026-10-10,FPL000155,UAM0092,a4,4,4,1.0,VP009,성수,VP016,망우,7,G2,F1,G3,F2,07:28:51,07:36:36,07:47:38,07:52:22,08:02:22,465.92,662.0,283.2,1411.12,338.0,0.0,ready,07:36:20,678.8,11,"[""성수 F1"", ""지점 2"", ""청담대교 중간지점"", ""건대입구"", ""송정동"", ""중곡1동"", ""지점"", ""중랑천 제방길"", ""중랑철교"", ""중화동"", ""망우 F2""]"
7b768b2566f7,2026-10-10,FPL000156,UAM0029,a4,4,4,1.0,VP018,인천,VP011,천호,7,G5,F1,G6,F2,07:26:34,07:34:28,08:22:21,08:27:18,08:37:18,474.02,2872.54,297.28,3643.84,159.94,896.64,ready,07:34:12,2889.34,36,"[""인천 F1"", ""운북동"", ""영종동"", ""영종대교"", ""지점 22"", ""시천동 아라로"", ""목상동"", ""선주지동"", ""하야동"", ""하야동 2"", ""개화동"", ""덕은동"", ""상암동"", ""성산대교 중간지점"", ""선유도 17고지"", ""합정동"", ""서교동"", ""동교동"", ""20통"", ""대현동"", ""아현동"", ""충정로3가"", ""남영동"", ""회현동2가"", ""후암동"", ""지점 39"", ""약수동"", ""신사동"", ""성수대교 남단"", ""지점 2"", ""청담대교 중간지점"", ""자양2동"", ""잠실대교 중간지점"", ""지점 4"", ""천호대교 중간지점"", ""천호 F2""]"
7b768b2566f7,2026-10-10,FPL000157,UAM0077,a4,4,4,1.0,VP002,잠실,VP007,봉천,7,G6,F1,G4,F2,07:30:14,07:43:42,07:54:36,07:59:20,08:09:20,807.92,654.1,283.2,1745.22,676.32,0.0,ready,07:43:25,670.9,17,"[""잠실 F1"", ""잠실7동"", ""대치교"", ""지점 6"", ""지점 7"", ""지점 8"", ""지점 10"", ""양재동"", ""경부고속도로 양재천 다리"", ""지점 19"", ""방배동"", ""방배2동"", ""남현동"", ""인헌동"", ""행운동"", ""봉천동"", ""봉천 F2""]"
7b768b2566f7,2026-10-10,FPL000158,UAM0043,a4,4,4,1.0,VP011,천호,VP002,잠실,7,G3,F1,G4,F2,07:31:04,07:56:58,08:07:35,08:12:32,08:22:32,1554.4,636.7,297.28,2488.38,1412.4,202.0,ready,07:56:41,653.5,7,"[""천호 F1"", ""천호대교 중간지점"", ""지점 4"", ""잠실대교 중간지점"", ""자양2동"", ""지점 3"", ""잠실 F2""]"
7b768b2566f7,2026-10-10,FPL000159,UAM0065,a4,4,4,1.0,VP015,마곡,VP018,인천,7,G3,F1,G7,F2,07:31:04,07:56:58,08:14:58,08:19:41,08:29:41,1554.4,1079.3,283.2,2916.9,1412.4,0.0,ready,07:56:41,1096.1,10,"[""마곡 F1"", ""하야동"", ""선주지동"", ""목상동"", ""시천동 아라로"", ""지점 22"", ""영종대교"", ""영종동"", ""운북동"", ""인천 F2""]"
7b768b2566f7,2026-10-10,FPL000160,UAM0054,a4,4,4,1.0,VP013,강남,VP014,가산,7,G3,F1,G6,F2,07:27:58,07:48:17,08:04:31,08:16:33,08:26:33,1219.28,974.42,721.78,2915.48,891.12,531.8,ready,07:48:00,991.22,18,"[""강남 F1"", ""서초2동 2"", ""지점 21"", ""경부고속도로 양재천 다리"", ""지점 19"", ""방배동"", ""방배2동"", ""남현동"", ""인헌동"", ""행운동"", ""봉천동"", ""은천동"", ""신림동"", ""신림동 2"", ""신사동 3"", ""지점 9"", ""가산동"", ""가산 F2""]"
7b768b2566f7,2026-10-10,FPL000161,UAM0059,a4,4,4,1.0,VP014,가산,VP011,천호,7,G4,F1,G5,F2,07:32:21,07:47:48,08:18:00,08:25:38,08:35:38,927.2,1812.6,457.28,3197.08,799.28,875.6,ready,07:47:31,1829.4,24,"[""가산 F1"", ""구로동"", ""신정6동"", ""신도림동 2"", ""문래동5가"", ""신도림동"", ""영등포"", ""지점 13"", ""지점 14"", ""이촌2동"", ""이촌동 2"", ""이촌동"", ""반포동"", ""잠원동 2"", ""신사동 2"", ""신사동"", ""성수대교 남단"", ""지점 2"", ""청담대교 중간지점"", ""자양2동"", ""잠실대교 중간지점"", ""지점 4"", ""천호대교 중간지점"", ""천호 F2""]"
7b768b2566f7,2026-10-10,FPL000162,UAM0096,a4,4,4,1.0,VP001,여의도,VP007,봉천,7,G3,F1,G3,F2,07:29:44,07:38:55,07:47:50,07:52:33,08:02:33,551.26,535.0,283.2,1369.46,271.56,0.0,ready,07:38:38,551.8,5,"[""여의도 F1"", ""영등포"", ""신림동 2"", ""신림동"", ""봉천 F2""]"
7b768b2566f7,2026-10-10,FPL000163,UAM0070,a4,4,4,1.0,VP009,성수,VP003,상암,7,G4,F1,G1,F2,07:34:24,07:41:57,07:54:59,07:59:56,08:09:56,452.92,781.84,297.28,1532.04,426.16,84.24,ready,07:41:40,798.64,16,"[""성수 F1"", ""성수대교 남단"", ""신사동"", ""약수동"", ""지점 39"", ""후암동"", ""회현동2가"", ""남영동"", ""충정로3가"", ""아현동"", ""대현동"", ""20통"", ""동교동"", ""서교동"", ""합정동"", ""상암 F2""]"
7b768b2566f7,2026-10-10,FPL000164,UAM0017,a4,4,4,1.0,VP017,수서,VP011,천호,7,G5,F1,G7,F2,07:31:47,07:36:47,07:56:38,08:09:22,08:19:22,300.0,1191.24,763.84,2255.08,0,1138.98,ready,07:36:30,1208.04,9,"[""수서 F1"", ""개포3동"", ""잠실7동"", ""지점 3"", ""자양2동"", ""잠실대교 중간지점"", ""지점 4"", ""천호대교 중간지점"", ""천호 F2""]"
7b768b2566f7,2026-10-10,FPL000165,UAM0083,a4,4,4,1.0,VP004,용산,VP002,잠실,7,G3,F1,G5,F2,07:33:10,07:38:10,07:49:28,07:54:12,08:04:12,300.0,678.0,283.2,1261.2,66.84,0.0,ready,07:37:54,694.8,15,"[""용산 F1"", ""한강로2가"", ""한강로1가"", ""청파동1가"", ""남영동"", ""회현동2가"", ""후암동"", ""지점 39"", ""약수동"", ""신사동"", ""성수대교 남단"", ""지점 2"", ""청담대교 중간지점"", ""지점 3"", ""잠실 F2""]"
7b768b2566f7,2026-10-10,FPL000166,UAM0040,a4,4,4,1.0,VP018,인천,VP012,광화문,7,G7,F1,G4,F2,07:35:30,07:40:30,08:10:25,08:15:08,08:25:08,300.0,1795.2,283.2,2378.4,202.86,300.0,ready,07:40:13,1812.0,23,"[""인천 F1"", ""운북동"", ""영종동"", ""영종대교"", ""지점 22"", ""시천동 아라로"", ""목상동"", ""선주지동"", ""하야동"", ""하야동 2"", ""개화동"", ""덕은동"", ""상암동"", ""성산대교 중간지점"", ""선유도 17고지"", ""합정동"", ""서교동"", ""동교동"", ""20통"", ""대현동"", ""아현동"", ""충정로3가"", ""광화문 F2""]"
7b768b2566f7,2026-10-10,FPL000167,UAM0090,a4,4,4,1.0,VP011,천호,VP015,마곡,7,G4,F1,G5,F2,07:35:28,08:02:19,08:23:55,08:31:18,08:41:18,1610.72,1295.8,443.64,3350.16,1472.4,146.36,ready,08:02:02,1312.6,28,"[""천호 F1"", ""천호대교 중간지점"", ""지점 4"", ""잠실대교 중간지점"", ""자양2동"", ""청담대교 중간지점"", ""지점 2"", ""성수대교 남단"", ""신사동"", ""약수동"", ""지점 39"", ""후암동"", ""회현동2가"", ""남영동"", ""충정로3가"", ""아현동"", ""대현동"", ""20통"", ""동교동"", ""서교동"", ""합정동"", ""선유도 17고지"", ""성산대교 중간지점"", ""상암동"", ""덕은동"", ""개화동"", ""하야동 2"", ""마곡 F2""]"
7b768b2566f7,2026-10-10,FPL000168,UAM0023,a4,4,4,1.0,VP015,마곡,VP017,수서,7,G4,F1,G3,F2,07:52:47,08:02:19,08:26:59,08:31:57,08:41:57,571.84,1480.36,297.28,2349.48,1472.4,213.36,ready,08:02:02,1497.16,27,"[""마곡 F1"", ""하야동 2"", ""개화동"", ""덕은동"", ""상암동"", ""성산대교 중간지점"", ""선유도 17고지"", ""합정동"", ""서교동"", ""동교동"", ""20통"", ""대현동"", ""아현동"", ""충정로3가"", ""남영동"", ""회현동2가"", ""후암동"", ""지점 39"", ""약수동"", ""신사동"", ""성수대교 남단"", ""지점 2"", ""청담대교 중간지점"", ""지점 3"", ""잠실7동"", ""개포3동"", ""수서 F2""]"
7b768b2566f7,2026-10-10,FPL000169,UAM0081,a4,4,4,1.0,VP013,강남,VP010,연신내,7,G4,F1,G5,F2,07:32:18,07:53:38,08:10:57,08:15:40,08:25:40,1279.28,1039.4,283.2,2601.88,951.12,0.0,ready,07:53:21,1056.2,22,"[""강남 F1"", ""반포1동"", ""주흥교"", ""잠원동"", ""잠원동 2"", ""반포동"", ""이촌동"", ""이촌동 2"", ""이촌2동"", ""여의동 2"", ""지점 32"", ""서강대교 중간지점"", ""지점 5"", ""선유도 17고지"", ""성산대교 중간지점"", ""상암동"", ""지점 25"", ""수색교"", ""지점 24"", ""향동동"", ""지점 23"", ""연신내 F2""]"
7b768b2566f7,2026-10-10,FPL000170,UAM0060,a4,4,4,1.0,VP010,연신내,VP012,광화문,7,G5,F1,G4,F2,07:33:02,07:38:02,07:51:48,07:56:32,08:06:32,300.0,826.14,283.2,1409.34,0,23.04,ready,07:37:45,842.94,17,"[""연신내 F1"", ""지점 23"", ""향동동"", ""지점 24"", ""수색교"", ""지점 25"", ""상암동"", ""성산대교 중간지점"", ""선유도 17고지"", ""합정동"", ""서교동"", ""동교동"", ""20통"", ""대현동"", ""아현동"", ""충정로3가"", ""광화문 F2""]"
7b768b2566f7,2026-10-10,FPL000171,UAM0035,a4,4,4,1.0,VP014,가산,VP008,사당,7,G1,F1,G4,F2,07:33:49,07:53:08,08:06:09,08:10:52,08:20:52,1159.28,780.86,283.2,2223.34,831.12,180.16,ready,07:52:52,797.66,11,"[""가산 F1"", ""가산동"", ""지점 9"", ""신사동 3"", ""신림동 2"", ""신림동"", ""은천동"", ""봉천동"", ""행운동"", ""인헌동"", ""사당 F2""]"
7b768b2566f7,2026-10-10,FPL000172,UAM0013,a4,4,4,1.0,VP009,성수,VP006,미아,7,G3,F1,G2,F2,07:38:45,07:47:18,08:00:39,08:05:37,08:15:37,512.92,801.6,297.28,1611.8,486.16,0.0,ready,07:47:01,818.4,15,"[""성수 F1"", ""지점 2"", ""청담대교 중간지점"", ""건대입구"", ""송정동"", ""중곡1동"", ""지점"", ""중랑천 제방길"", ""중랑철교"", ""중화동"", ""월릉교"", ""공릉1동 2"", ""월계3동"", ""월계동"", ""미아 F2""]"
7b768b2566f7,2026-10-10,FPL000173,UAM0063,a4,4,4,1.0,VP002,잠실,VP018,인천,7,G3,F1,G8,F2,07:41:17,07:49:03,08:19:18,08:24:01,08:34:01,465.98,1815.3,283.2,2564.48,510.1,60.5,ready,07:48:46,1832.1,34,"[""잠실 F1"", ""잠실7동"", ""대치교"", ""지점 6"", ""지점 7"", ""지점 8"", ""지점 10"", ""양재동"", ""경부고속도로 양재천 다리"", ""지점 19"", ""방배동"", ""방배2동"", ""남현동"", ""인헌동"", ""행운동"", ""봉천동"", ""은천동"", ""신림동"", ""신림동 2"", ""신사동 3"", ""지점 9"", ""가산동"", ""지점 17"", ""지점 31"", ""지점 30"", ""지점 29"", ""지점 37"", ""간석3동"", ""지점 28"", ""지점 27"", ""지점 26"", ""영종동"", ""운북동"", ""인천 F2""]"
7b768b2566f7,2026-10-10,FPL000174,UAM0097,a4,4,4,1.0,VP008,사당,VP010,연신내,7,G3,F1,G3,F2,07:35:26,07:40:26,07:55:38,08:00:35,08:10:35,300.0,912.0,297.28,1509.28,0,0.0,ready,07:40:09,928.8,18,"[""사당 F1"", ""인헌동"", ""행운동"", ""봉천동"", ""은천동"", ""신림동"", ""신림동 2"", ""영등포"", ""지점 11"", ""선유도 17고지"", ""성산대교 중간지점"", ""상암동"", ""지점 25"", ""수색교"", ""지점 24"", ""향동동"", ""지점 23"", ""연신내 F2""]"
7b768b2566f7,2026-10-10,FPL000175,UAM0095,a4,4,4,1.0,VP013,강남,VP001,여의도,7,G7,F1,G3,F2,07:40:30,07:58:58,08:09:34,08:14:17,08:24:17,1108.0,636.0,283.2,2027.2,1067.44,0.0,ready,07:58:41,652.8,12,"[""강남 F1"", ""반포1동"", ""주흥교"", ""잠원동"", ""잠원동 2"", ""반포동"", ""이촌동"", ""이촌동 2"", ""이촌2동"", ""여의동 2"", ""지점 32"", ""여의도 F2""]"
7b768b2566f7,2026-10-10,FPL000176,UAM0015,a4,4,4,1.0,VP016,망우,VP014,가산,7,G3,F1,G5,F2,07:36:22,07:41:22,08:00:11,08:16:13,08:26:13,300.0,1128.8,962.42,2391.22,0,679.22,ready,07:41:05,1145.6,24,"[""망우 F1"", ""중랑철교"", ""중랑천 제방길"", ""지점"", ""중곡1동"", ""송정동"", ""지점 12"", ""응봉동"", ""신사동"", ""신사동 2"", ""잠원동 2"", ""반포동"", ""이촌동"", ""이촌동 2"", ""이촌2동"", ""지점 14"", ""지점 13"", ""영등포"", ""신도림동"", ""문래동5가"", ""신도림동 2"", ""신정6동"", ""구로동"", ""가산 F2""]"
7b768b2566f7,2026-10-10,FPL000177,UAM0010,a4,4,4,1.0,VP011,천호,VP015,마곡,7,G1,F1,G3,F2,07:36:53,08:07:40,08:35:02,08:40:14,08:50:14,1846.48,1642.8,311.36,3800.64,1504.24,347.0,ready,08:07:23,1659.6,28,"[""천호 F1"", ""천호대교 중간지점"", ""지점 4"", ""잠실대교 중간지점"", ""자양2동"", ""청담대교 중간지점"", ""지점 2"", ""성수대교 남단"", ""신사동"", ""약수동"", ""지점 39"", ""후암동"", ""회현동2가"", ""남영동"", ""충정로3가"", ""아현동"", ""대현동"", ""20통"", ""동교동"", ""서교동"", ""합정동"", ""선유도 17고지"", ""성산대교 중간지점"", ""상암동"", ""덕은동"", ""개화동"", ""하야동 2"", ""마곡 F2""]"
7b768b2566f7,2026-10-10,FPL000178,UAM0051,a4,4,4,1.0,VP015,마곡,VP009,성수,7,G1,F1,G1,F2,07:36:53,08:07:40,08:27:33,08:32:30,08:42:30,1846.48,1193.26,297.28,3337.02,1504.24,109.16,ready,08:07:23,1210.06,22,"[""마곡 F1"", ""하야동 2"", ""개화동"", ""덕은동"", ""상암동"", ""성산대교 중간지점"", ""선유도 17고지"", ""합정동"", ""서교동"", ""동교동"", ""20통"", ""대현동"", ""아현동"", ""충정로3가"", ""남영동"", ""회현동2가"", ""후암동"", ""지점 39"", ""약수동"", ""신사동"", ""성수대교 남단"", ""성수 F2""]"
7b768b2566f7,2026-10-10,FPL000179,UAM0012,a4,4,4,1.0,VP003,상암,VP001,여의도,7,G3,F1,G3,F2,07:37:11,07:42:11,07:50:24,07:55:07,08:05:07,300.0,493.0,283.2,1076.2,0,0.0,ready,07:41:54,509.8,6,"[""상암 F1"", ""서교동"", ""합정동"", ""선유도 17고지"", ""지점 11"", ""여의도 F2""]"
7b768b2566f7,2026-10-10,FPL000180,UAM0034,a4,4,4,1.0,VP010,연신내,VP016,망우,7,G6,F1,G3,F2,07:37:23,07:43:23,08:21:28,08:26:11,08:36:11,360.0,2285.2,283.2,2928.4,60.0,900.0,ready,07:43:06,2302.0,31,"[""연신내 F1"", ""지점 23"", ""향동동"", ""지점 24"", ""수색교"", ""지점 25"", ""상암동"", ""성산대교 중간지점"", ""선유도 17고지"", ""합정동"", ""서교동"", ""동교동"", ""20통"", ""대현동"", ""아현동"", ""충정로3가"", ""남영동"", ""회현동2가"", ""후암동"", ""지점 39"", ""약수동"", ""신사동"", ""응봉동"", ""지점 12"", ""송정동"", ""중곡1동"", ""지점"", ""중랑천 제방길"", ""중랑철교"", ""중화동"", ""망우 F2""]"
7b768b2566f7,2026-10-10,FPL000181,UAM0082,a4,4,4,1.0,VP006,미아,VP017,수서,7,G3,F1,G6,F2,07:45:04,07:50:04,08:04:08,08:08:51,08:18:51,300.0,844.1,283.2,1427.3,453.64,0.0,ready,07:49:47,860.9,17,"[""미아 F1"", ""월계동"", ""월계3동"", ""공릉1동 2"", ""월릉교"", ""중화동"", ""중랑철교"", ""중랑천 제방길"", ""지점"", ""중곡1동"", ""송정동"", ""건대입구"", ""청담대교 중간지점"", ""지점 3"", ""잠실7동"", ""개포3동"", ""수서 F2""]"
7b768b2566f7,2026-10-10,FPL000182,UAM0004,a4,4,4,1.0,VP014,가산,VP015,마곡,7,G3,F1,G8,F2,07:49:43,07:58:29,08:12:19,08:30:44,08:40:44,525.92,830.1,1105.06,2461.08,919.28,821.86,ready,07:58:12,846.9,12,"[""가산 F1"", ""구로동"", ""신정6동"", ""신도림동 2"", ""목1동"", ""양평동"", ""지점 18"", ""상암동"", ""덕은동"", ""개화동"", ""하야동 2"", ""마곡 F2""]"
7b768b2566f7,2026-10-10,FPL000183,UAM0078,a4,4,4,1.0,VP009,성수,VP002,잠실,7,G1,F1,G6,F2,07:38:46,07:52:38,07:58:54,08:03:37,08:13:37,832.08,375.3,283.2,1490.58,518.0,0.0,ready,07:52:22,392.1,5,"[""성수 F1"", ""지점 2"", ""청담대교 중간지점"", ""지점 3"", ""잠실 F2""]"
7b768b2566f7,2026-10-10,FPL000184,UAM0056,a4,4,4,1.0,VP018,인천,VP013,강남,7,G8,F1,G7,F2,07:41:51,07:46:51,08:15:13,08:19:56,08:29:56,300.0,1702.0,283.2,2285.2,146.82,0.0,ready,07:46:34,1718.8,29,"[""인천 F1"", ""운북동"", ""영종동"", ""지점 26"", ""지점 27"", ""지점 28"", ""간석3동"", ""지점 37"", ""지점 29"", ""지점 30"", ""지점 31"", ""지점 17"", ""가산동"", ""지점 9"", ""신사동 3"", ""신림동 2"", ""신림동"", ""은천동"", ""봉천동"", ""행운동"", ""인헌동"", ""남현동"", ""방배2동"", ""방배동"", ""지점 19"", ""경부고속도로 양재천 다리"", ""지점 21"", ""서초2동 2"", ""강남 F2""]"
7b768b2566f7,2026-10-10,FPL000185,UAM0064,a4,4,4,1.0,VP001,여의도,VP012,광화문,7,G4,F1,G2,F2,07:39:40,07:44:40,08:00:30,08:05:27,08:15:27,300.0,949.9,297.28,1547.18,0,374.2,ready,07:44:23,966.7,10,"[""여의도 F1"", ""지점 32"", ""여의동 2"", ""이촌2동"", ""한강로3가"", ""한강로2가"", ""한강로1가"", ""청파동1가"", ""남영동"", ""광화문 F2""]"
7b768b2566f7,2026-10-10,FPL000186,UAM0020,a4,4,4,1.0,VP002,잠실,VP012,광화문,7,G5,F1,G3,F2,07:45:23,07:54:24,08:04:50,08:09:33,08:19:33,540.06,626.74,283.2,1450.0,553.44,80.64,ready,07:54:07,643.54,11,"[""잠실 F1"", ""지점 3"", ""청담대교 중간지점"", ""지점 2"", ""성수대교 남단"", ""신사동"", ""약수동"", ""지점 39"", ""후암동"", ""회현동2가"", ""광화문 F2""]"
7b768b2566f7,2026-10-10,FPL000187,UAM0011,a4,4,4,1.0,VP016,망우,VP011,천호,7,G4,F1,G1,F2,07:40:43,07:46:43,08:09:19,08:14:45,08:24:45,360.0,1356.54,325.44,2041.98,60.0,816.24,ready,07:46:26,1373.34,10,"[""망우 F1"", ""중랑철교"", ""중랑천 제방길"", ""지점"", ""중곡1동"", ""능동"", ""구의동"", ""아차산 고가차도"", ""천호대교 중간지점"", ""천호 F2""]"
7b768b2566f7,2026-10-10,FPL000188,UAM0089,a4,4,4,1.0,VP007,봉천,VP016,망우,7,G3,F1,G2,F2,07:41:11,07:46:11,08:01:52,08:06:49,08:16:49,300.0,941.1,297.28,1538.38,0,0.0,ready,07:45:54,957.9,25,"[""봉천 F1"", ""봉천동"", ""행운동"", ""인헌동"", ""남현동"", ""방배2동"", ""사당1동"", ""사당1동 2"", ""방배4동"", ""동작동"", ""동작동 2"", ""이촌동"", ""반포동"", ""잠원동 2"", ""신사동 2"", ""신사동"", ""응봉동"", ""지점 12"", ""송정동"", ""중곡1동"", ""지점"", ""중랑천 제방길"", ""중랑철교"", ""중화동"", ""망우 F2""]"
7b768b2566f7,2026-10-10,FPL000189,UAM0079,a4,4,4,1.0,VP011,천호,VP001,여의도,7,G2,F1,G3,F2,07:48:49,08:13:00,08:32:51,08:37:34,08:47:34,1450.88,1190.8,283.2,2924.88,1564.24,332.8,ready,08:12:43,1207.6,18,"[""천호 F1"", ""천호대교 중간지점"", ""지점 4"", ""잠실대교 중간지점"", ""자양2동"", ""청담대교 중간지점"", ""지점 2"", ""성수대교 남단"", ""신사동"", ""신사동 2"", ""잠원동 2"", ""반포동"", ""이촌동"", ""이촌동 2"", ""이촌2동"", ""여의동 2"", ""지점 32"", ""여의도 F2""]"
7b768b2566f7,2026-10-10,FPL000190,UAM0041,a4,4,4,1.0,VP015,마곡,VP001,여의도,7,G2,F1,G1,F2,07:53:13,08:13:00,08:28:30,08:33:28,08:43:28,1187.2,930.16,297.28,2414.64,1564.24,238.36,ready,08:12:43,946.96,9,"[""마곡 F1"", ""하야동 2"", ""개화동"", ""덕은동"", ""상암동"", ""성산대교 중간지점"", ""선유도 17고지"", ""지점 11"", ""여의도 F2""]"
7b768b2566f7,2026-10-10,FPL000191,UAM0085,a4,4,4,1.0,VP003,상암,VP002,잠실,7,G4,F1,G3,F2,07:41:32,07:47:32,08:03:14,08:08:12,08:18:12,360.0,942.42,297.28,1599.7,60.0,165.82,ready,07:47:15,959.22,18,"[""상암 F1"", ""서교동"", ""동교동"", ""20통"", ""대현동"", ""아현동"", ""충정로3가"", ""남영동"", ""회현동2가"", ""후암동"", ""지점 39"", ""약수동"", ""신사동"", ""성수대교 남단"", ""지점 2"", ""청담대교 중간지점"", ""지점 3"", ""잠실 F2""]"
7b768b2566f7,2026-10-10,FPL000192,UAM0002,a4,4,4,1.0,VP014,가산,VP005,목동,7,G2,F1,G7,F2,07:49:57,08:03:50,08:11:34,08:16:17,08:26:17,832.48,464.3,283.2,1579.98,951.12,0.0,ready,08:03:33,481.1,4,"[""가산 F1"", ""구로동"", ""신정6동"", ""목동 F2""]"
7b768b2566f7,2026-10-10,FPL000193,UAM0007,a4,4,4,1.0,VP004,용산,VP016,망우,7,G4,F1,G3,F2,07:43:06,07:48:06,08:06:13,08:10:56,08:20:56,300.0,1086.36,283.2,1669.56,0,191.56,ready,07:47:49,1103.16,19,"[""용산 F1"", ""한강로2가"", ""한강로1가"", ""청파동1가"", ""남영동"", ""회현동2가"", ""후암동"", ""지점 39"", ""약수동"", ""신사동"", ""응봉동"", ""지점 12"", ""송정동"", ""중곡1동"", ""지점"", ""중랑천 제방길"", ""중랑철교"", ""중화동"", ""망우 F2""]"
7b768b2566f7,2026-10-10,FPL000194,UAM0049,a4,4,4,1.0,VP009,성수,VP018,인천,7,G2,F1,G3,F2,07:47:40,07:57:59,08:33:07,08:38:18,08:48:18,618.84,2107.88,311.36,3038.08,490.92,344.78,ready,07:57:42,2124.68,30,"[""성수 F1"", ""성수대교 남단"", ""신사동"", ""약수동"", ""지점 39"", ""후암동"", ""회현동2가"", ""남영동"", ""충정로3가"", ""아현동"", ""대현동"", ""20통"", ""동교동"", ""서교동"", ""합정동"", ""선유도 17고지"", ""성산대교 중간지점"", ""상암동"", ""덕은동"", ""개화동"", ""하야동 2"", ""하야동"", ""선주지동"", ""목상동"", ""시천동 아라로"", ""지점 22"", ""영종대교"", ""영종동"", ""운북동"", ""인천 F2""]"
7b768b2566f7,2026-10-10,FPL000195,UAM0048,a4,4,4,1.0,VP011,천호,VP016,망우,7,G7,F1,G4,F2,08:04:05,08:18:21,08:30:09,08:34:53,08:44:53,855.52,708.52,283.2,1847.24,1708.72,123.32,ready,08:18:04,725.32,11,"[""천호 F1"", ""천호대교 중간지점"", ""아차산 고가차도"", ""구의동"", ""능동"", ""중곡1동"", ""지점"", ""중랑천 제방길"", ""중랑철교"", ""중화동"", ""망우 F2""]"
7b768b2566f7,2026-10-10,FPL000196,UAM0088,a4,4,4,1.0,VP015,마곡,VP011,천호,7,G7,F1,G2,F2,07:58:19,08:18:21,09:02:46,09:08:11,09:18:11,1201.92,2664.72,325.44,4192.08,1708.72,1364.12,ready,08:18:04,2681.52,28,"[""마곡 F1"", ""하야동 2"", ""개화동"", ""덕은동"", ""상암동"", ""성산대교 중간지점"", ""선유도 17고지"", ""합정동"", ""서교동"", ""동교동"", ""20통"", ""대현동"", ""아현동"", ""충정로3가"", ""남영동"", ""회현동2가"", ""후암동"", ""지점 39"", ""약수동"", ""신사동"", ""성수대교 남단"", ""지점 2"", ""청담대교 중간지점"", ""자양2동"", ""잠실대교 중간지점"", ""지점 4"", ""천호대교 중간지점"", ""천호 F2""]"
7b768b2566f7,2026-10-10,FPL000197,UAM0071,a4,4,4,1.0,VP018,인천,VP011,천호,7,G5,F1,G4,F2,07:45:40,07:52:12,08:35:23,08:47:14,08:57:14,392.2,2591.24,711.36,3694.8,78.12,1015.34,ready,07:51:55,2608.04,36,"[""인천 F1"", ""운북동"", ""영종동"", ""영종대교"", ""지점 22"", ""시천동 아라로"", ""목상동"", ""선주지동"", ""하야동"", ""하야동 2"", ""개화동"", ""덕은동"", ""상암동"", ""성산대교 중간지점"", ""선유도 17고지"", ""합정동"", ""서교동"", ""동교동"", ""20통"", ""대현동"", ""아현동"", ""충정로3가"", ""남영동"", ""회현동2가"", ""후암동"", ""지점 39"", ""약수동"", ""신사동"", ""성수대교 남단"", ""지점 2"", ""청담대교 중간지점"", ""자양2동"", ""잠실대교 중간지점"", ""지점 4"", ""천호대교 중간지점"", ""천호 F2""]"
7b768b2566f7,2026-10-10,FPL000198,UAM0084,a4,4,4,1.0,VP016,망우,VP007,봉천,7,G1,F1,G3,F2,07:46:06,07:52:03,08:06:50,08:11:34,08:21:34,357.36,887.1,283.2,1527.66,43.28,0.0,ready,07:51:46,903.9,24,"[""망우 F1"", ""중랑철교"", ""중랑천 제방길"", ""지점"", ""중곡1동"", ""송정동"", ""지점 12"", ""응봉동"", ""신사동"", ""신사동 2"", ""잠원동 2"", ""반포동"", ""이촌동"", ""동작동 2"", ""동작동"", ""방배4동"", ""사당1동 2"", ""사당1동"", ""방배2동"", ""남현동"", ""인헌동"", ""행운동"", ""봉천동"", ""봉천 F2""]"
7b768b2566f7,2026-10-10,FPL000199,UAM0027,a4,4,4,1.0,VP006,미아,VP002,잠실,7,G4,F1,G5,F2,07:50:30,07:55:30,08:11:56,08:16:39,08:26:39,300.0,985.08,283.2,1568.28,252.28,221.78,ready,07:55:14,1001.88,15,"[""미아 F1"", ""월계동"", ""월계3동"", ""공릉1동 2"", ""월릉교"", ""중화동"", ""중랑철교"", ""중랑천 제방길"", ""지점"", ""중곡1동"", ""송정동"", ""건대입구"", ""청담대교 중간지점"", ""지점 3"", ""잠실 F2""]"
7b768b2566f7,2026-10-10,FPL000200,UAM0026,a4,4,4,1.0,VP014,가산,VP017,수서,7,G5,F1,G5,F2,07:58:10,08:09:10,08:31:20,08:36:03,08:46:03,660.0,1329.52,283.2,2272.72,1067.44,340.82,ready,08:08:54,1346.32,24,"[""가산 F1"", ""가산동"", ""지점 9"", ""신사동 3"", ""신림동 2"", ""신림동"", ""은천동"", ""봉천동"", ""행운동"", ""인헌동"", ""남현동"", ""방배2동"", ""방배동"", ""지점 19"", ""경부고속도로 양재천 다리"", ""양재동"", ""지점 10"", ""지점 8"", ""지점 7"", ""지점 6"", ""대치교"", ""잠실7동"", ""개포3동"", ""수서 F2""]"
7b768b2566f7,2026-10-10,FPL000201,UAM0098,a4,4,4,1.0,VP002,잠실,VP016,망우,7,G6,F1,G4,F2,07:46:38,07:59:44,08:10:33,08:15:16,08:25:16,786.22,649.08,283.2,1718.5,486.22,26.58,ready,07:59:27,665.88,11,"[""잠실 F1"", ""지점 3"", ""청담대교 중간지점"", ""건대입구"", ""송정동"", ""중곡1동"", ""지점"", ""중랑천 제방길"", ""중랑철교"", ""중화동"", ""망우 F2""]"
7b768b2566f7,2026-10-10,FPL000202,UAM0021,a4,4,4,1.0,VP017,수서,VP006,미아,7,G5,F1,G3,F2,07:48:15,07:53:15,08:07:18,08:12:01,08:22:01,300.0,842.7,283.2,1425.9,0,0.0,ready,07:52:58,859.5,17,"[""수서 F1"", ""개포3동"", ""잠실7동"", ""지점 3"", ""청담대교 중간지점"", ""건대입구"", ""송정동"", ""중곡1동"", ""지점"", ""중랑천 제방길"", ""중랑철교"", ""중화동"", ""월릉교"", ""공릉1동 2"", ""월계3동"", ""월계동"", ""미아 F2""]"
7b768b2566f7,2026-10-10,FPL000203,UAM0094,a4,4,4,1.0,VP009,성수,VP014,가산,7,G4,F1,G4,F2,07:52:23,08:03:20,08:20:55,08:27:29,08:37:29,656.24,1055.72,393.16,2105.12,579.08,262.8,ready,08:03:03,1072.52,18,"[""성수 F1"", ""성수대교 남단"", ""신사동"", ""신사동 2"", ""잠원동 2"", ""반포동"", ""이촌동"", ""이촌동 2"", ""이촌2동"", ""지점 14"", ""지점 13"", ""영등포"", ""신도림동"", ""문래동5가"", ""신도림동 2"", ""신정6동"", ""구로동"", ""가산 F2""]"
7b768b2566f7,2026-10-10,FPL000204,UAM0093,a4,4,4,1.0,VP015,마곡,VP017,수서,7,G8,F1,G3,F2,08:03:40,08:23:41,08:46:02,08:50:59,09:00:59,1201.92,1340.18,297.28,2839.38,1768.72,73.18,ready,08:23:25,1356.98,27,"[""마곡 F1"", ""하야동 2"", ""개화동"", ""덕은동"", ""상암동"", ""성산대교 중간지점"", ""선유도 17고지"", ""합정동"", ""서교동"", ""동교동"", ""20통"", ""대현동"", ""아현동"", ""충정로3가"", ""남영동"", ""회현동2가"", ""후암동"", ""지점 39"", ""약수동"", ""신사동"", ""성수대교 남단"", ""지점 2"", ""청담대교 중간지점"", ""지점 3"", ""잠실7동"", ""개포3동"", ""수서 F2""]"
7b768b2566f7,2026-10-10,FPL000205,UAM0080,a4,4,4,1.0,VP013,강남,VP016,망우,7,G8,F1,G2,F2,07:52:24,08:04:19,08:25:49,08:30:46,08:40:46,714.52,1289.8,297.28,2301.6,601.04,533.7,ready,08:04:02,1306.6,16,"[""강남 F1"", ""반포1동"", ""주흥교"", ""잠원동"", ""잠원동 2"", ""신사동 2"", ""신사동"", ""응봉동"", ""지점 12"", ""송정동"", ""중곡1동"", ""지점"", ""중랑천 제방길"", ""중랑철교"", ""중화동"", ""망우 F2""]"
7b768b2566f7,2026-10-10,FPL000206,UAM0032,a4,4,4,1.0,VP013,강남,VP009,성수,7,G5,F1,G3,F2,07:49:52,08:09:40,08:17:18,08:22:01,08:32:01,1187.6,458.1,283.2,1928.9,873.52,0.0,ready,08:09:23,474.9,9,"[""강남 F1"", ""반포1동"", ""주흥교"", ""잠원동"", ""잠원동 2"", ""신사동 2"", ""신사동"", ""성수대교 남단"", ""성수 F2""]"
7b768b2566f7,2026-10-10,FPL000207,UAM0036,a4,4,4,1.0,VP014,가산,VP004,용산,7,G6,F1,G3,F2,07:58:30,08:14:31,08:26:06,08:30:50,08:40:50,960.64,695.5,283.2,1939.34,1127.44,0.0,ready,08:14:14,712.3,12,"[""가산 F1"", ""구로동"", ""신정6동"", ""신도림동 2"", ""문래동5가"", ""신도림동"", ""영등포"", ""지점 13"", ""지점 14"", ""이촌2동"", ""한강로3가"", ""용산 F2""]"
7b768b2566f7,2026-10-10,FPL000208,UAM0047,a4,4,4,1.0,VP006,미아,VP015,마곡,7,G1,F1,G6,F2,07:50:53,08:00:51,08:30:42,08:35:39,08:45:39,598.2,1790.54,297.28,2686.02,284.12,253.54,ready,08:00:34,1807.34,33,"[""미아 F1"", ""월계동"", ""월계3동"", ""공릉1동 2"", ""월릉교"", ""중화동"", ""중랑철교"", ""중랑천 제방길"", ""지점"", ""중곡1동"", ""송정동"", ""지점 12"", ""응봉동"", ""신사동"", ""약수동"", ""지점 39"", ""후암동"", ""회현동2가"", ""남영동"", ""충정로3가"", ""아현동"", ""대현동"", ""20통"", ""동교동"", ""서교동"", ""합정동"", ""선유도 17고지"", ""성산대교 중간지점"", ""상암동"", ""덕은동"", ""개화동"", ""하야동 2"", ""마곡 F2""]"
7b768b2566f7,2026-10-10,FPL000209,UAM0076,a4,4,4,1.0,VP002,잠실,VP017,수서,7,G4,F1,G5,F2,07:51:13,08:05:05,08:10:30,08:15:13,08:25:13,832.14,325.0,283.2,1440.34,518.06,0.0,ready,08:04:48,341.8,4,"[""잠실 F1"", ""잠실7동"", ""개포3동"", ""수서 F2""]"
7b768b2566f7,2026-10-10,FPL000210,UAM0037,a4,4,4,1.0,VP018,인천,VP009,성수,7,G7,F1,G2,F2,07:51:47,07:57:32,08:31:53,08:36:51,08:46:51,345.52,2061.06,297.28,2703.86,45.52,301.86,ready,07:57:16,2077.86,30,"[""인천 F1"", ""운북동"", ""영종동"", ""영종대교"", ""지점 22"", ""시천동 아라로"", ""목상동"", ""선주지동"", ""하야동"", ""하야동 2"", ""개화동"", ""덕은동"", ""상암동"", ""성산대교 중간지점"", ""선유도 17고지"", ""합정동"", ""서교동"", ""동교동"", ""20통"", ""대현동"", ""아현동"", ""충정로3가"", ""남영동"", ""회현동2가"", ""후암동"", ""지점 39"", ""약수동"", ""신사동"", ""성수대교 남단"", ""성수 F2""]"
7b768b2566f7,2026-10-10,FPL000211,UAM0099,a4,4,4,1.0,VP017,수서,VP016,망우,7,G6,F1,G1,F2,07:52:36,07:58:36,08:15:19,08:20:16,08:30:16,360.0,1003.0,297.28,1660.28,60.0,300.0,ready,07:58:19,1019.8,13,"[""수서 F1"", ""개포3동"", ""잠실7동"", ""지점 3"", ""청담대교 중간지점"", ""건대입구"", ""송정동"", ""중곡1동"", ""지점"", ""중랑천 제방길"", ""중랑철교"", ""중화동"", ""망우 F2""]"
7b768b2566f7,2026-10-10,FPL000212,UAM0018,a4,4,4,1.0,VP009,성수,VP013,강남,7,G3,F1,G8,F2,07:53:01,08:08:40,08:19:34,08:24:17,08:34:17,939.08,653.44,283.2,1875.72,639.08,183.44,ready,08:08:23,670.24,9,"[""성수 F1"", ""성수대교 남단"", ""신사동"", ""신사동 2"", ""잠원동 2"", ""잠원동"", ""주흥교"", ""반포1동"", ""강남 F2""]"
7b768b2566f7,2026-10-10,FPL000213,UAM0061,a4,4,4,1.0,VP015,마곡,VP013,강남,7,G5,F1,G5,F2,07:54:01,08:29:02,08:55:13,09:00:10,09:10:10,2100.96,1570.6,297.28,3968.84,1800.56,514.2,ready,08:28:45,1587.4,20,"[""마곡 F1"", ""하야동 2"", ""개화동"", ""덕은동"", ""상암동"", ""성산대교 중간지점"", ""선유도 17고지"", ""지점 5"", ""서강대교 중간지점"", ""지점 32"", ""여의동 2"", ""이촌2동"", ""이촌동 2"", ""이촌동"", ""반포동"", ""잠원동 2"", ""잠원동"", ""주흥교"", ""반포1동"", ""강남 F2""]"
7b768b2566f7,2026-10-10,FPL000214,UAM0033,a4,4,4,1.0,VP006,미아,VP001,여의도,7,G2,F1,G4,F2,08:00:13,08:06:12,08:24:10,08:28:53,08:38:53,359.22,1077.9,283.2,1720.32,344.12,0.0,ready,08:05:55,1094.7,23,"[""미아 F1"", ""월계동"", ""월계3동"", ""공릉1동 2"", ""월릉교"", ""중화동"", ""중랑철교"", ""중랑천 제방길"", ""지점"", ""중곡1동"", ""송정동"", ""지점 12"", ""응봉동"", ""신사동"", ""신사동 2"", ""잠원동 2"", ""반포동"", ""이촌동"", ""이촌동 2"", ""이촌2동"", ""여의동 2"", ""지점 32"", ""여의도 F2""]"
7b768b2566f7,2026-10-10,FPL000215,UAM0068,a4,4,4,1.0,VP014,가산,VP005,목동,7,G4,F1,G5,F2,07:58:24,08:19:52,08:28:13,08:33:10,08:43:10,1287.2,501.2,297.28,2085.68,1159.28,36.9,ready,08:19:35,518.0,4,"[""가산 F1"", ""구로동"", ""신정6동"", ""목동 F2""]"
7b768b2566f7,2026-10-10,FPL000216,UAM0046,a4,4,4,1.0,VP010,연신내,VP009,성수,7,G5,F1,G4,F2,08:00:25,08:05:25,08:23:12,08:27:55,08:37:55,300.0,1066.8,283.2,1650.0,293.06,0.0,ready,08:05:09,1083.6,24,"[""연신내 F1"", ""지점 23"", ""향동동"", ""지점 24"", ""수색교"", ""지점 25"", ""상암동"", ""성산대교 중간지점"", ""선유도 17고지"", ""합정동"", ""서교동"", ""동교동"", ""20통"", ""대현동"", ""아현동"", ""충정로3가"", ""남영동"", ""회현동2가"", ""후암동"", ""지점 39"", ""약수동"", ""신사동"", ""성수대교 남단"", ""성수 F2""]"
7b768b2566f7,2026-10-10,FPL000217,UAM0009,a4,4,4,1.0,VP002,잠실,VP011,천호,7,G3,F1,G3,F2,07:55:33,08:10:25,08:26:42,08:31:53,08:41:53,892.14,976.24,311.36,2179.74,578.06,533.64,ready,08:10:09,993.04,7,"[""잠실 F1"", ""지점 3"", ""자양2동"", ""잠실대교 중간지점"", ""지점 4"", ""천호대교 중간지점"", ""천호 F2""]"
7b768b2566f7,2026-10-10,FPL000218,UAM0038,a4,4,4,1.0,VP018,인천,VP005,목동,7,G8,F1,G8,F2,07:57:07,08:02:53,08:23:52,08:28:35,08:38:35,345.52,1259.2,283.2,1887.92,45.52,0.0,ready,08:02:36,1276.0,15,"[""인천 F1"", ""운북동"", ""영종동"", ""지점 26"", ""지점 27"", ""지점 28"", ""간석3동"", ""지점 37"", ""지점 29"", ""지점 30"", ""지점 31"", ""지점 17"", ""구로동"", ""신정6동"", ""목동 F2""]"
7b768b2566f7,2026-10-10,FPL000219,UAM0025,a4,4,4,1.0,VP017,수서,VP002,잠실,7,G3,F1,G1,F2,07:57:10,08:04:59,08:16:16,08:21:28,08:31:28,468.48,677.42,311.36,1457.26,154.4,355.12,ready,08:04:42,694.22,4,"[""수서 F1"", ""개포3동"", ""잠실7동"", ""잠실 F2""]"
7b768b2566f7,2026-10-10,FPL000220,UAM0073,a4,4,4,1.0,VP009,성수,VP011,천호,7,G1,F1,G7,F2,07:57:36,08:14:01,08:31:02,08:41:26,08:51:26,985.0,1021.4,623.2,2629.6,670.92,871.1,ready,08:13:44,1038.2,8,"[""성수 F1"", ""지점 2"", ""청담대교 중간지점"", ""자양2동"", ""잠실대교 중간지점"", ""지점 4"", ""천호대교 중간지점"", ""천호 F2""]"
7b768b2566f7,2026-10-10,FPL000221,UAM0086,a4,4,4,1.0,VP011,천호,VP012,광화문,7,G8,F1,G4,F2,08:14:07,08:23:41,08:34:31,08:39:14,08:49:14,574.88,649.6,283.2,1507.68,1242.32,0.0,ready,08:23:25,666.4,14,"[""천호 F1"", ""천호대교 중간지점"", ""지점 4"", ""잠실대교 중간지점"", ""자양2동"", ""청담대교 중간지점"", ""지점 2"", ""성수대교 남단"", ""신사동"", ""약수동"", ""지점 39"", ""후암동"", ""회현동2가"", ""광화문 F2""]"
7b768b2566f7,2026-10-10,FPL000222,UAM0072,a4,4,4,1.0,VP015,마곡,VP002,잠실,7,G6,F1,G6,F2,08:09:06,08:34:23,08:56:39,09:01:23,09:11:23,1516.64,1336.62,283.2,3136.46,1860.56,151.02,ready,08:34:06,1353.42,25,"[""마곡 F1"", ""하야동 2"", ""개화동"", ""덕은동"", ""상암동"", ""성산대교 중간지점"", ""선유도 17고지"", ""합정동"", ""서교동"", ""동교동"", ""20통"", ""대현동"", ""아현동"", ""충정로3가"", ""남영동"", ""회현동2가"", ""후암동"", ""지점 39"", ""약수동"", ""신사동"", ""성수대교 남단"", ""지점 2"", ""청담대교 중간지점"", ""지점 3"", ""잠실 F2""]"
7b768b2566f7,2026-10-10,FPL000223,UAM0050,a4,4,4,1.0,VP011,천호,VP008,사당,7,G5,F1,G4,F2,08:14:21,08:29:02,08:41:16,08:46:00,08:56:00,881.44,734.4,283.2,1899.04,1514.8,0.0,ready,08:28:45,751.2,17,"[""천호 F1"", ""천호대교 중간지점"", ""지점 4"", ""잠실대교 중간지점"", ""자양2동"", ""지점 3"", ""잠실7동"", ""대치교"", ""지점 6"", ""지점 7"", ""지점 8"", ""지점 10"", ""양재동"", ""경부고속도로 양재천 다리"", ""지점 19"", ""방배동"", ""사당 F2""]"
7b768b2566f7,2026-10-10,FPL000224,UAM0074,a4,4,4,1.0,VP014,가산,VP017,수서,7,G1,F1,G6,F2,07:59:53,08:25:12,08:41:41,08:46:24,08:56:24,1519.28,988.7,283.2,2791.18,1191.12,0.0,ready,08:24:55,1005.5,24,"[""가산 F1"", ""가산동"", ""지점 9"", ""신사동 3"", ""신림동 2"", ""신림동"", ""은천동"", ""봉천동"", ""행운동"", ""인헌동"", ""남현동"", ""방배2동"", ""방배동"", ""지점 19"", ""경부고속도로 양재천 다리"", ""양재동"", ""지점 10"", ""지점 8"", ""지점 7"", ""지점 6"", ""대치교"", ""잠실7동"", ""개포3동"", ""수서 F2""]"
7b768b2566f7,2026-10-10,FPL000225,UAM0031,a4,4,4,1.0,VP006,미아,VP015,마곡,8,G3,F1,G7,F2,08:05:27,08:11:32,08:39:23,08:44:06,08:54:06,365.66,1670.54,283.2,2319.4,366.16,133.54,ready,08:11:16,1687.34,33,"[""미아 F1"", ""월계동"", ""월계3동"", ""공릉1동 2"", ""월릉교"", ""중화동"", ""중랑철교"", ""중랑천 제방길"", ""지점"", ""중곡1동"", ""송정동"", ""지점 12"", ""응봉동"", ""신사동"", ""약수동"", ""지점 39"", ""후암동"", ""회현동2가"", ""남영동"", ""충정로3가"", ""아현동"", ""대현동"", ""20통"", ""동교동"", ""서교동"", ""합정동"", ""선유도 17고지"", ""성산대교 중간지점"", ""상암동"", ""덕은동"", ""개화동"", ""하야동 2"", ""마곡 F2""]"
7b768b2566f7,2026-10-10,FPL000226,UAM0001,a4,4,4,1.0,VP003,상암,VP018,인천,8,G3,F1,G6,F2,08:00:33,08:05:33,08:28:46,08:33:44,08:43:44,300.0,1393.4,297.28,1990.68,0,172.2,ready,08:05:16,1410.2,14,"[""상암 F1"", ""지점 25"", ""덕은동"", ""개화동"", ""하야동 2"", ""하야동"", ""선주지동"", ""목상동"", ""시천동 아라로"", ""지점 22"", ""영종대교"", ""영종동"", ""운북동"", ""인천 F2""]"
7b768b2566f7,2026-10-10,FPL000227,UAM0087,a4,4,4,1.0,VP010,연신내,VP012,광화문,8,G6,F1,G1,F2,08:01:54,08:10:46,08:27:26,08:32:23,08:42:23,531.86,999.88,297.28,1829.02,231.86,196.78,ready,08:10:29,1016.68,17,"[""연신내 F1"", ""지점 23"", ""향동동"", ""지점 24"", ""수색교"", ""지점 25"", ""상암동"", ""성산대교 중간지점"", ""선유도 17고지"", ""합정동"", ""서교동"", ""동교동"", ""20통"", ""대현동"", ""아현동"", ""충정로3가"", ""광화문 F2""]"
7b768b2566f7,2026-10-10,FPL000228,UAM0042,a4,4,4,1.0,VP012,광화문,VP007,봉천,8,G3,F1,G4,F2,08:05:17,08:10:17,08:21:03,08:25:46,08:35:46,300.0,645.6,283.2,1228.8,186.16,0.0,ready,08:10:00,662.4,13,"[""광화문 F1"", ""남영동"", ""청파동1가"", ""한강로1가"", ""한강로2가"", ""한강로3가"", ""이촌동 2"", ""상도터널"", ""상도1동"", ""상도1동 2"", ""지점 38"", ""봉천동"", ""봉천 F2""]"
7b768b2566f7,2026-10-10,FPL000229,UAM0075,a4,4,4,1.0,VP013,강남,VP014,가산,8,G7,F1,G5,F2,08:02:20,08:15:00,08:31:13,08:37:36,08:47:36,760.04,972.36,383.2,2115.6,460.04,191.16,ready,08:14:43,989.16,18,"[""강남 F1"", ""서초2동 2"", ""지점 21"", ""경부고속도로 양재천 다리"", ""지점 19"", ""방배동"", ""방배2동"", ""남현동"", ""인헌동"", ""행운동"", ""봉천동"", ""은천동"", ""신림동"", ""신림동 2"", ""신사동 3"", ""지점 9"", ""가산동"", ""가산 F2""]"
7b768b2566f7,2026-10-10,FPL000230,UAM0092,a4,4,4,1.0,VP016,망우,VP017,수서,8,G3,F1,G6,F2,08:06:39,08:11:39,08:22:39,08:27:22,08:37:22,300.0,659.2,283.2,1242.4,257.76,0.0,ready,08:11:23,676.0,12,"[""망우 F1"", ""중랑철교"", ""중랑천 제방길"", ""지점"", ""중곡1동"", ""송정동"", ""건대입구"", ""청담대교 중간지점"", ""지점 3"", ""잠실7동"", ""개포3동"", ""수서 F2""]"
7b768b2566f7,2026-10-10,FPL000231,UAM0091,a4,4,4,1.0,VP009,성수,VP004,용산,8,G2,F1,G1,F2,08:02:54,08:19:22,08:34:48,08:39:45,08:49:45,987.78,926.22,297.28,2211.28,694.24,343.82,ready,08:19:05,943.02,12,"[""성수 F1"", ""성수대교 남단"", ""신사동"", ""약수동"", ""지점 39"", ""후암동"", ""회현동2가"", ""남영동"", ""청파동1가"", ""한강로1가"", ""한강로2가"", ""용산 F2""]"
7b768b2566f7,2026-10-10,FPL000232,UAM0096,a4,4,4,1.0,VP007,봉천,VP014,가산,8,G3,F1,G3,F2,08:02:33,08:07:33,08:16:35,08:27:09,08:37:09,300.0,541.3,633.8,1475.1,0,336.52,ready,08:07:17,558.1,7,"[""봉천 F1"", ""신림동"", ""신림동 2"", ""신사동 3"", ""지점 9"", ""가산동"", ""가산 F2""]"
7b768b2566f7,2026-10-10,FPL000233,UAM0062,a4,4,4,1.0,VP015,마곡,VP012,광화문,8,G3,F1,G4,F2,08:02:43,08:39:43,08:53:24,08:58:07,09:08:07,2220.56,820.2,283.2,3323.96,1892.4,0.0,ready,08:39:27,837.0,15,"[""마곡 F1"", ""하야동 2"", ""개화동"", ""덕은동"", ""상암동"", ""성산대교 중간지점"", ""선유도 17고지"", ""합정동"", ""서교동"", ""동교동"", ""20통"", ""대현동"", ""아현동"", ""충정로3가"", ""광화문 F2""]"
7b768b2566f7,2026-10-10,FPL000234,UAM0069,a4,4,4,1.0,VP011,천호,VP007,봉천,8,G6,F1,G4,F2,08:14:41,08:34:23,08:49:22,08:54:06,09:04:06,1182.08,899.68,283.2,2364.96,1534.8,48.08,ready,08:34:06,916.48,22,"[""천호 F1"", ""천호대교 중간지점"", ""지점 4"", ""잠실대교 중간지점"", ""자양2동"", ""지점 3"", ""잠실7동"", ""대치교"", ""지점 6"", ""지점 7"", ""지점 8"", ""지점 10"", ""양재동"", ""경부고속도로 양재천 다리"", ""지점 19"", ""방배동"", ""방배2동"", ""남현동"", ""인헌동"", ""행운동"", ""봉천동"", ""봉천 F2""]"
7b768b2566f7,2026-10-10,FPL000235,UAM0014,a4,4,4,1.0,VP014,가산,VP009,성수,8,G3,F1,G3,F2,08:05:16,08:30:33,08:45:12,08:49:55,08:59:55,1516.64,879.3,283.2,2679.14,1279.28,0.0,ready,08:30:16,896.1,18,"[""가산 F1"", ""구로동"", ""신정6동"", ""신도림동 2"", ""문래동5가"", ""신도림동"", ""영등포"", ""지점 13"", ""지점 14"", ""이촌2동"", ""이촌동 2"", ""이촌동"", ""반포동"", ""잠원동 2"", ""신사동 2"", ""신사동"", ""성수대교 남단"", ""성수 F2""]"
7b768b2566f7,2026-10-10,FPL000236,UAM0083,a4,4,4,1.0,VP002,잠실,VP013,강남,8,G5,F1,G6,F2,08:12:22,08:17:22,08:28:59,08:33:56,08:43:56,300.0,696.56,297.28,1293.84,490.7,103.06,ready,08:17:06,713.36,12,"[""잠실 F1"", ""잠실7동"", ""대치교"", ""지점 6"", ""지점 7"", ""지점 8"", ""지점 10"", ""양재동"", ""경부고속도로 양재천 다리"", ""지점 21"", ""서초2동 2"", ""강남 F2""]"
7b768b2566f7,2026-10-10,FPL000237,UAM0012,a4,4,4,1.0,VP001,여의도,VP014,가산,8,G3,F1,G1,F2,08:05:07,08:10:07,08:26:52,08:32:03,08:42:03,300.0,1004.44,311.36,1615.8,0,424.64,ready,08:09:51,1021.24,8,"[""여의도 F1"", ""영등포"", ""신도림동"", ""문래동5가"", ""신도림동 2"", ""신정6동"", ""구로동"", ""가산 F2""]"
7b768b2566f7,2026-10-10,FPL000238,UAM0016,a4,4,4,1.0,VP003,상암,VP006,미아,8,G4,F1,G3,F2,08:05:21,08:10:53,08:29:46,08:34:30,08:44:30,332.0,1133.0,283.2,1748.2,32.0,0.0,ready,08:10:37,1149.8,26,"[""상암 F1"", ""서교동"", ""동교동"", ""20통"", ""대현동"", ""아현동"", ""충정로3가"", ""남영동"", ""회현동2가"", ""후암동"", ""지점 39"", ""약수동"", ""신사동"", ""응봉동"", ""지점 12"", ""송정동"", ""중곡1동"", ""지점"", ""중랑천 제방길"", ""중랑철교"", ""중화동"", ""월릉교"", ""공릉1동 2"", ""월계3동"", ""월계동"", ""미아 F2""]"
7b768b2566f7,2026-10-10,FPL000239,UAM0044,a4,4,4,1.0,VP006,미아,VP004,용산,8,G4,F1,G2,F2,08:05:47,08:16:53,08:39:08,08:44:06,08:54:06,666.3,1335.36,297.28,2298.94,379.46,306.46,ready,08:16:36,1352.16,23,"[""미아 F1"", ""월계동"", ""월계3동"", ""공릉1동 2"", ""월릉교"", ""중화동"", ""중랑철교"", ""중랑천 제방길"", ""지점"", ""중곡1동"", ""송정동"", ""지점 12"", ""응봉동"", ""신사동"", ""약수동"", ""지점 39"", ""후암동"", ""회현동2가"", ""남영동"", ""청파동1가"", ""한강로1가"", ""한강로2가"", ""용산 F2""]"
7b768b2566f7,2026-10-10,FPL000240,UAM0060,a4,4,4,1.0,VP012,광화문,VP013,강남,8,G4,F1,G5,F2,08:09:38,08:15:38,08:24:38,08:29:36,08:39:36,360.0,540.6,297.28,1197.88,246.16,0.0,ready,08:15:21,557.4,12,"[""광화문 F1"", ""회현동2가"", ""후암동"", ""지점 39"", ""약수동"", ""신사동"", ""신사동 2"", ""잠원동 2"", ""잠원동"", ""주흥교"", ""반포1동"", ""강남 F2""]"
7b768b2566f7,2026-10-10,FPL000241,UAM0100,a4,4,4,1.0,VP016,망우,VP018,인천,8,G4,F1,G7,F2,08:11:00,08:17:00,08:50:44,08:55:28,09:05:28,360.0,2024.3,283.2,2667.5,317.76,0.0,ready,08:16:43,2041.1,36,"[""망우 F1"", ""중랑철교"", ""중랑천 제방길"", ""지점"", ""중곡1동"", ""송정동"", ""지점 12"", ""응봉동"", ""신사동"", ""약수동"", ""지점 39"", ""후암동"", ""회현동2가"", ""남영동"", ""충정로3가"", ""아현동"", ""대현동"", ""20통"", ""동교동"", ""서교동"", ""합정동"", ""선유도 17고지"", ""성산대교 중간지점"", ""상암동"", ""덕은동"", ""개화동"", ""하야동 2"", ""하야동"", ""선주지동"", ""목상동"", ""시천동 아라로"", ""지점 22"", ""영종대교"", ""영종동"", ""운북동"", ""인천 F2""]"
7b768b2566f7,2026-10-10,FPL000242,UAM0045,a4,4,4,1.0,VP014,가산,VP007,봉천,8,G2,F1,G3,F2,08:08:34,08:35:54,08:45:02,08:49:45,08:59:45,1639.28,548.2,283.2,2470.68,1311.12,0.0,ready,08:35:37,565.0,7,"[""가산 F1"", ""가산동"", ""지점 9"", ""신사동 3"", ""신림동 2"", ""신림동"", ""봉천 F2""]"
7b768b2566f7,2026-10-10,FPL000243,UAM0077,a4,4,4,1.0,VP007,봉천,VP002,잠실,8,G4,F1,G5,F2,08:11:38,08:16:38,08:27:42,08:33:06,08:43:06,300.0,664.0,324.7,1288.7,138.22,41.5,ready,08:16:21,680.8,17,"[""봉천 F1"", ""봉천동"", ""행운동"", ""인헌동"", ""남현동"", ""방배2동"", ""방배동"", ""지점 19"", ""경부고속도로 양재천 다리"", ""양재동"", ""지점 10"", ""지점 8"", ""지점 7"", ""지점 6"", ""대치교"", ""잠실7동"", ""잠실 F2""]"
7b768b2566f7,2026-10-10,FPL000244,UAM0057,a4,4,4,1.0,VP001,여의도,VP004,용산,8,G4,F1,G4,F2,08:14:22,08:19:22,08:30:27,08:35:10,08:45:10,300.0,665.46,283.2,1248.66,293.6,196.16,ready,08:19:05,682.26,6,"[""여의도 F1"", ""지점 32"", ""여의동 2"", ""이촌2동"", ""한강로3가"", ""용산 F2""]"
7b768b2566f7,2026-10-10,FPL000245,UAM0019,a4,4,4,1.0,VP009,성수,VP011,천호,8,G3,F1,G8,F2,08:14:29,08:24:42,08:41:23,08:52:07,09:02:07,613.06,1000.76,643.84,2257.66,601.04,871.1,ready,08:24:25,1017.56,8,"[""성수 F1"", ""지점 2"", ""청담대교 중간지점"", ""자양2동"", ""잠실대교 중간지점"", ""지점 4"", ""천호대교 중간지점"", ""천호 F2""]"
7b768b2566f7,2026-10-10,FPL000246,UAM0003,a4,4,4,1.0,VP017,수서,VP003,상암,8,G5,F1,G3,F2,08:09:55,08:14:55,08:29:34,08:34:17,08:44:17,300.0,879.2,283.2,1462.4,0,0.0,ready,08:14:38,896.0,21,"[""수서 F1"", ""개포3동"", ""잠실7동"", ""지점 3"", ""청담대교 중간지점"", ""지점 2"", ""성수대교 남단"", ""신사동"", ""약수동"", ""지점 39"", ""후암동"", ""회현동2가"", ""남영동"", ""충정로3가"", ""아현동"", ""대현동"", ""20통"", ""동교동"", ""서교동"", ""합정동"", ""상암 F2""]"
7b768b2566f7,2026-10-10,FPL000247,UAM0070,a4,4,4,1.0,VP003,상암,VP012,광화문,8,G1,F1,G3,F2,08:09:56,08:16:14,08:23:05,08:27:48,08:37:48,377.92,411.1,283.2,1072.22,63.84,0.0,ready,08:15:57,427.9,8,"[""상암 F1"", ""서교동"", ""동교동"", ""20통"", ""대현동"", ""아현동"", ""충정로3가"", ""광화문 F2""]"
7b768b2566f7,2026-10-10,FPL000248,UAM0024,a4,4,4,1.0,VP006,미아,VP010,연신내,8,G1,F1,G6,F2,08:10:08,08:22:14,08:47:29,08:52:12,09:02:12,725.38,1515.4,283.2,2523.98,411.3,0.0,ready,08:21:57,1532.2,35,"[""미아 F1"", ""월계동"", ""월계3동"", ""공릉1동 2"", ""월릉교"", ""중화동"", ""중랑철교"", ""중랑천 제방길"", ""지점"", ""중곡1동"", ""송정동"", ""지점 12"", ""응봉동"", ""신사동"", ""약수동"", ""지점 39"", ""후암동"", ""회현동2가"", ""남영동"", ""충정로3가"", ""아현동"", ""대현동"", ""20통"", ""동교동"", ""서교동"", ""합정동"", ""선유도 17고지"", ""성산대교 중간지점"", ""상암동"", ""지점 25"", ""수색교"", ""지점 24"", ""향동동"", ""지점 23"", ""연신내 F2""]"
7b768b2566f7,2026-10-10,FPL000249,UAM0097,a4,4,4,1.0,VP010,연신내,VP002,잠실,8,G3,F1,G3,F2,08:10:35,08:16:07,08:36:23,08:41:20,08:51:20,331.44,1216.42,297.28,1845.14,17.36,48.12,ready,08:15:50,1233.22,27,"[""연신내 F1"", ""지점 23"", ""향동동"", ""지점 24"", ""수색교"", ""지점 25"", ""상암동"", ""성산대교 중간지점"", ""선유도 17고지"", ""합정동"", ""서교동"", ""동교동"", ""20통"", ""대현동"", ""아현동"", ""충정로3가"", ""남영동"", ""회현동2가"", ""후암동"", ""지점 39"", ""약수동"", ""신사동"", ""성수대교 남단"", ""지점 2"", ""청담대교 중간지점"", ""지점 3"", ""잠실 F2""]"
7b768b2566f7,2026-10-10,FPL000250,UAM0066,a4,4,4,1.0,VP013,강남,VP014,가산,8,G8,F1,G6,F2,08:10:40,08:20:21,08:35:33,08:40:16,08:50:16,580.4,912.36,283.2,1775.96,280.4,31.16,ready,08:20:04,929.16,18,"[""강남 F1"", ""서초2동 2"", ""지점 21"", ""경부고속도로 양재천 다리"", ""지점 19"", ""방배동"", ""방배2동"", ""남현동"", ""인헌동"", ""행운동"", ""봉천동"", ""은천동"", ""신림동"", ""신림동 2"", ""신사동 3"", ""지점 9"", ""가산동"", ""가산 F2""]"
7b768b2566f7,2026-10-10,FPL000251,UAM0008,a4,4,4,1.0,VP012,광화문,VP008,사당,8,G1,F1,G3,F2,08:11:06,08:20:58,08:32:38,08:37:21,08:47:21,592.08,699.9,283.2,1575.18,278.0,0.0,ready,08:20:42,716.7,15,"[""광화문 F1"", ""남영동"", ""청파동1가"", ""한강로1가"", ""한강로2가"", ""한강로3가"", ""이촌동 2"", ""상도터널"", ""상도1동"", ""상도1동 2"", ""지점 38"", ""봉천동"", ""행운동"", ""인헌동"", ""사당 F2""]"
7b768b2566f7,2026-10-10,FPL000252,UAM0005,a4,4,4,1.0,VP016,망우,VP002,잠실,8,G1,F1,G6,F2,08:11:17,08:22:21,08:32:02,08:38:27,08:48:27,663.68,581.72,384.7,1630.1,349.6,104.82,ready,08:22:04,598.52,10,"[""망우 F1"", ""중랑철교"", ""중랑천 제방길"", ""지점"", ""중곡1동"", ""송정동"", ""건대입구"", ""청담대교 중간지점"", ""지점 3"", ""잠실 F2""]"
7b768b2566f7,2026-10-10,FPL000253,UAM0022,a4,4,4,1.0,VP009,성수,VP001,여의도,8,G4,F1,G4,F2,08:14:49,08:30:03,08:40:56,08:45:39,08:55:39,913.7,652.9,283.2,1849.8,739.22,0.0,ready,08:29:46,669.7,12,"[""성수 F1"", ""성수대교 남단"", ""신사동"", ""신사동 2"", ""잠원동 2"", ""반포동"", ""이촌동"", ""이촌동 2"", ""이촌2동"", ""여의동 2"", ""지점 32"", ""여의도 F2""]"
7b768b2566f7,2026-10-10,FPL000254,UAM0039,a4,4,4,1.0,VP018,인천,VP013,강남,8,G7,F1,G7,F2,08:13:09,08:18:09,08:46:31,08:51:15,09:01:15,300.0,1702.0,283.2,2285.2,0,0.0,ready,08:17:53,1718.8,29,"[""인천 F1"", ""운북동"", ""영종동"", ""지점 26"", ""지점 27"", ""지점 28"", ""간석3동"", ""지점 37"", ""지점 29"", ""지점 30"", ""지점 31"", ""지점 17"", ""가산동"", ""지점 9"", ""신사동 3"", ""신림동 2"", ""신림동"", ""은천동"", ""봉천동"", ""행운동"", ""인헌동"", ""남현동"", ""방배2동"", ""방배동"", ""지점 19"", ""경부고속도로 양재천 다리"", ""지점 21"", ""서초2동 2"", ""강남 F2""]"
7b768b2566f7,2026-10-10,FPL000255,UAM0078,a4,4,4,1.0,VP002,잠실,VP004,용산,8,G6,F1,G3,F2,08:21:04,08:26:04,08:43:29,08:48:12,08:58:12,300.0,1045.4,283.2,1628.6,446.8,361.4,ready,08:25:47,1062.2,15,"[""잠실 F1"", ""지점 3"", ""청담대교 중간지점"", ""지점 2"", ""성수대교 남단"", ""신사동"", ""약수동"", ""지점 39"", ""후암동"", ""회현동2가"", ""남영동"", ""청파동1가"", ""한강로1가"", ""한강로2가"", ""용산 F2""]"
7b768b2566f7,2026-10-10,FPL000256,UAM0058,a4,4,4,1.0,VP011,천호,VP017,수서,8,G3,F1,G5,F2,08:14:35,08:39:43,08:50:22,08:55:05,09:05:05,1508.64,638.9,283.2,2430.74,1186.0,104.5,ready,08:39:27,655.7,9,"[""천호 F1"", ""천호대교 중간지점"", ""지점 4"", ""잠실대교 중간지점"", ""자양2동"", ""지점 3"", ""잠실7동"", ""개포3동"", ""수서 F2""]"
7b768b2566f7,2026-10-10,FPL000257,UAM0064,a4,4,4,1.0,VP012,광화문,VP011,천호,8,G2,F1,G5,F2,08:15:27,08:26:19,08:46:44,08:57:42,09:07:42,652.08,1224.62,657.92,2534.62,338.0,920.36,ready,08:26:02,1241.42,14,"[""광화문 F1"", ""회현동2가"", ""후암동"", ""지점 39"", ""약수동"", ""신사동"", ""성수대교 남단"", ""지점 2"", ""청담대교 중간지점"", ""자양2동"", ""잠실대교 중간지점"", ""지점 4"", ""천호대교 중간지점"", ""천호 F2""]"
7b768b2566f7,2026-10-10,FPL000258,UAM0013,a4,4,4,1.0,VP006,미아,VP011,천호,8,G2,F1,G1,F2,08:15:37,08:27:34,08:57:25,09:03:50,09:13:50,717.74,1790.54,385.44,2893.72,403.66,1125.34,ready,08:27:18,1807.34,15,"[""미아 F1"", ""월계동"", ""월계3동"", ""공릉1동 2"", ""월릉교"", ""중화동"", ""중랑철교"", ""중랑천 제방길"", ""지점"", ""중곡1동"", ""능동"", ""구의동"", ""아차산 고가차도"", ""천호대교 중간지점"", ""천호 F2""]"
7b768b2566f7,2026-10-10,FPL000259,UAM0053,a4,4,4,1.0,VP008,사당,VP010,연신내,8,G3,F1,G5,F2,08:16:32,08:21:32,08:36:44,08:41:27,08:51:27,300.0,912.0,283.2,1495.2,0,0.0,ready,08:21:15,928.8,18,"[""사당 F1"", ""인헌동"", ""행운동"", ""봉천동"", ""은천동"", ""신림동"", ""신림동 2"", ""영등포"", ""지점 11"", ""선유도 17고지"", ""성산대교 중간지점"", ""상암동"", ""지점 25"", ""수색교"", ""지점 24"", ""향동동"", ""지점 23"", ""연신내 F2""]"
7b768b2566f7,2026-10-10,FPL000260,UAM0089,a4,4,4,1.0,VP016,망우,VP003,상암,8,G2,F1,G4,F2,08:20:20,08:27:41,08:43:40,08:48:24,08:58:24,441.2,959.1,283.2,1683.5,338.0,0.0,ready,08:27:25,975.9,22,"[""망우 F1"", ""중랑철교"", ""중랑천 제방길"", ""지점"", ""중곡1동"", ""송정동"", ""지점 12"", ""응봉동"", ""신사동"", ""약수동"", ""지점 39"", ""후암동"", ""회현동2가"", ""남영동"", ""충정로3가"", ""아현동"", ""대현동"", ""20통"", ""동교동"", ""서교동"", ""합정동"", ""상암 F2""]"
7b768b2566f7,2026-10-10,FPL000261,UAM0052,a4,4,4,1.0,VP018,인천,VP002,잠실,8,G8,F1,G3,F2,08:19:45,08:24:45,09:01:00,09:05:57,09:15:57,300.0,2175.0,297.28,2772.28,117.82,405.7,ready,08:24:28,2191.8,34,"[""인천 F1"", ""운북동"", ""영종동"", ""지점 26"", ""지점 27"", ""지점 28"", ""간석3동"", ""지점 37"", ""지점 29"", ""지점 30"", ""지점 31"", ""지점 17"", ""가산동"", ""지점 9"", ""신사동 3"", ""신림동 2"", ""신림동"", ""은천동"", ""봉천동"", ""행운동"", ""인헌동"", ""남현동"", ""방배2동"", ""방배동"", ""지점 19"", ""경부고속도로 양재천 다리"", ""양재동"", ""지점 10"", ""지점 8"", ""지점 7"", ""지점 6"", ""대치교"", ""잠실7동"", ""잠실 F2""]"
7b768b2566f7,2026-10-10,FPL000262,UAM0085,a4,4,4,1.0,VP002,잠실,VP018,인천,8,G3,F1,G8,F2,08:21:18,08:31:24,09:00:39,09:05:22,09:15:22,606.56,1754.8,283.2,2644.56,478.64,0.0,ready,08:31:07,1771.6,34,"[""잠실 F1"", ""잠실7동"", ""대치교"", ""지점 6"", ""지점 7"", ""지점 8"", ""지점 10"", ""양재동"", ""경부고속도로 양재천 다리"", ""지점 19"", ""방배동"", ""방배2동"", ""남현동"", ""인헌동"", ""행운동"", ""봉천동"", ""은천동"", ""신림동"", ""신림동 2"", ""신사동 3"", ""지점 9"", ""가산동"", ""지점 17"", ""지점 31"", ""지점 30"", ""지점 29"", ""지점 37"", ""간석3동"", ""지점 28"", ""지점 27"", ""지점 26"", ""영종동"", ""운북동"", ""인천 F2""]"
7b768b2566f7,2026-10-10,FPL000263,UAM0082,a4,4,4,1.0,VP017,수서,VP016,망우,8,G6,F1,G1,F2,08:18:51,08:23:51,08:35:34,08:40:31,08:50:31,300.0,703.0,297.28,1300.28,0,0.0,ready,08:23:34,719.8,13,"[""수서 F1"", ""개포3동"", ""잠실7동"", ""지점 3"", ""청담대교 중간지점"", ""건대입구"", ""송정동"", ""중곡1동"", ""지점"", ""중랑천 제방길"", ""중랑철교"", ""중화동"", ""망우 F2""]"
7b768b2566f7,2026-10-10,FPL000264,UAM0017,a4,4,4,1.0,VP011,천호,VP002,잠실,8,G7,F1,G5,F2,08:31:29,08:45:04,08:52:19,08:57:02,09:07:02,814.88,434.7,283.2,1532.78,1242.32,0.0,ready,08:44:47,451.5,7,"[""천호 F1"", ""천호대교 중간지점"", ""지점 4"", ""잠실대교 중간지점"", ""자양2동"", ""지점 3"", ""잠실 F2""]"
7b768b2566f7,2026-10-10,FPL000265,UAM0020,a4,4,4,1.0,VP012,광화문,VP008,사당,8,G3,F1,G1,F2,08:19:33,08:31:40,08:45:37,08:50:34,09:00:34,726.16,837.5,297.28,1860.94,426.16,137.6,ready,08:31:23,854.3,15,"[""광화문 F1"", ""남영동"", ""청파동1가"", ""한강로1가"", ""한강로2가"", ""한강로3가"", ""이촌동 2"", ""상도터널"", ""상도1동"", ""상도1동 2"", ""지점 38"", ""봉천동"", ""행운동"", ""인헌동"", ""사당 F2""]"
7b768b2566f7,2026-10-10,FPL000266,UAM0006,a4,4,4,1.0,VP011,천호,VP003,상암,8,G4,F1,G2,F2,08:31:57,08:50:25,09:10:53,09:15:51,09:25:51,1107.36,1228.7,297.28,2633.34,1486.64,326.1,ready,08:50:08,1245.5,22,"[""천호 F1"", ""천호대교 중간지점"", ""지점 4"", ""잠실대교 중간지점"", ""자양2동"", ""청담대교 중간지점"", ""지점 2"", ""성수대교 남단"", ""신사동"", ""약수동"", ""지점 39"", ""후암동"", ""회현동2가"", ""남영동"", ""충정로3가"", ""아현동"", ""대현동"", ""20통"", ""동교동"", ""서교동"", ""합정동"", ""상암 F2""]"
7b768b2566f7,2026-10-10,FPL000267,UAM0035,a4,4,4,1.0,VP008,사당,VP011,천호,8,G4,F1,G6,F2,08:20:52,08:26:52,08:52:04,09:03:02,09:13:02,360.0,1511.74,657.92,2529.66,60.0,1128.18,ready,08:26:36,1528.54,17,"[""사당 F1"", ""방배동"", ""지점 19"", ""경부고속도로 양재천 다리"", ""양재동"", ""지점 10"", ""지점 8"", ""지점 7"", ""지점 6"", ""대치교"", ""잠실7동"", ""지점 3"", ""자양2동"", ""잠실대교 중간지점"", ""지점 4"", ""천호대교 중간지점"", ""천호 F2""]"
7b768b2566f7,2026-10-10,FPL000268,UAM0007,a4,4,4,1.0,VP016,망우,VP012,광화문,8,G3,F1,G3,F2,08:20:56,08:33:02,08:44:48,08:49:31,08:59:31,726.16,706.1,283.2,1715.46,426.16,0.0,ready,08:32:45,722.9,14,"[""망우 F1"", ""중랑철교"", ""중랑천 제방길"", ""지점"", ""중곡1동"", ""송정동"", ""지점 12"", ""응봉동"", ""신사동"", ""약수동"", ""지점 39"", ""후암동"", ""회현동2가"", ""광화문 F2""]"
7b768b2566f7,2026-10-10,FPL000269,UAM0084,a4,4,4,1.0,VP007,봉천,VP016,망우,8,G3,F1,G4,F2,08:25:50,08:30:50,08:50:46,08:55:29,09:05:29,300.0,1196.02,283.2,1779.22,256.58,254.92,ready,08:30:33,1212.82,25,"[""봉천 F1"", ""봉천동"", ""행운동"", ""인헌동"", ""남현동"", ""방배2동"", ""사당1동"", ""사당1동 2"", ""방배4동"", ""동작동"", ""동작동 2"", ""이촌동"", ""반포동"", ""잠원동 2"", ""신사동 2"", ""신사동"", ""응봉동"", ""지점 12"", ""송정동"", ""중곡1동"", ""지점"", ""중랑천 제방길"", ""중랑철교"", ""중화동"", ""망우 F2""]"
7b768b2566f7,2026-10-10,FPL000270,UAM0021,a4,4,4,1.0,VP006,미아,VP009,성수,8,G3,F1,G4,F2,08:22:01,08:32:55,08:49:33,08:54:16,09:04:16,654.12,997.88,283.2,1935.2,354.12,209.98,ready,08:32:38,1014.68,15,"[""미아 F1"", ""월계동"", ""월계3동"", ""공릉1동 2"", ""월릉교"", ""중화동"", ""중랑철교"", ""중랑천 제방길"", ""지점"", ""중곡1동"", ""송정동"", ""건대입구"", ""청담대교 중간지점"", ""지점 2"", ""성수 F2""]"
7b768b2566f7,2026-10-10,FPL000271,UAM0043,a4,4,4,1.0,VP002,잠실,VP013,강남,8,G4,F1,G8,F2,08:22:32,08:36:45,08:50:52,08:55:35,09:05:35,852.72,847.1,283.2,1983.02,538.64,253.6,ready,08:36:28,863.9,12,"[""잠실 F1"", ""잠실7동"", ""대치교"", ""지점 6"", ""지점 7"", ""지점 8"", ""지점 10"", ""양재동"", ""경부고속도로 양재천 다리"", ""지점 21"", ""서초2동 2"", ""강남 F2""]"
7b768b2566f7,2026-10-10,FPL000272,UAM0095,a4,4,4,1.0,VP001,여의도,VP011,천호,8,G3,F1,G4,F2,08:33:18,08:38:18,09:15:47,09:20:59,09:30:59,300.0,2249.68,311.36,2861.04,540.32,1382.28,ready,08:38:01,2266.48,18,"[""여의도 F1"", ""지점 32"", ""여의동 2"", ""이촌2동"", ""이촌동 2"", ""이촌동"", ""반포동"", ""잠원동 2"", ""신사동 2"", ""신사동"", ""성수대교 남단"", ""지점 2"", ""청담대교 중간지점"", ""자양2동"", ""잠실대교 중간지점"", ""지점 4"", ""천호대교 중간지점"", ""천호 F2""]"
7b768b2566f7,2026-10-10,FPL000273,UAM0067,a4,4,4,1.0,VP009,성수,VP016,망우,8,G1,F1,G3,F2,08:24:39,08:35:23,08:46:25,08:51:09,09:01:09,644.5,662.0,283.2,1589.7,330.42,0.0,ready,08:35:07,678.8,11,"[""성수 F1"", ""지점 2"", ""청담대교 중간지점"", ""건대입구"", ""송정동"", ""중곡1동"", ""지점"", ""중랑천 제방길"", ""중랑철교"", ""중화동"", ""망우 F2""]"
7b768b2566f7,2026-10-10,FPL000274,UAM0011,a4,4,4,1.0,VP011,천호,VP013,강남,8,G1,F1,G1,F2,08:24:45,08:55:45,09:21:17,09:26:42,09:36:42,1860.72,1531.24,325.44,3717.4,1518.48,740.24,ready,08:55:28,1548.04,17,"[""천호 F1"", ""천호대교 중간지점"", ""지점 4"", ""잠실대교 중간지점"", ""자양2동"", ""지점 3"", ""잠실7동"", ""대치교"", ""지점 6"", ""지점 7"", ""지점 8"", ""지점 10"", ""양재동"", ""경부고속도로 양재천 다리"", ""지점 21"", ""서초2동 2"", ""강남 F2""]"
7b768b2566f7,2026-10-10,FPL000275,UAM0040,a4,4,4,1.0,VP012,광화문,VP003,상암,8,G4,F1,G1,F2,08:32:13,08:37:13,08:48:01,08:52:58,09:02:58,300.0,647.76,297.28,1245.04,425.22,215.46,ready,08:36:57,664.56,9,"[""광화문 F1"", ""충정로3가"", ""아현동"", ""대현동"", ""20통"", ""동교동"", ""서교동"", ""합정동"", ""상암 F2""]"
7b768b2566f7,2026-10-10,FPL000276,UAM0076,a4,4,4,1.0,VP017,수서,VP002,잠실,8,G5,F1,G4,F2,08:31:47,08:36:47,08:42:09,08:47:06,08:57:06,300.0,322.3,297.28,919.58,393.68,0.0,ready,08:36:30,339.1,4,"[""수서 F1"", ""개포3동"", ""잠실7동"", ""잠실 F2""]"
7b768b2566f7,2026-10-10,FPL000277,UAM0098,a4,4,4,1.0,VP016,망우,VP013,강남,8,G4,F1,G6,F2,08:30:36,08:38:23,08:59:33,09:04:31,09:14:31,466.48,1270.72,297.28,2034.48,486.16,560.62,ready,08:38:06,1287.52,15,"[""망우 F1"", ""중랑철교"", ""중랑천 제방길"", ""지점"", ""중곡1동"", ""송정동"", ""지점 12"", ""응봉동"", ""신사동"", ""신사동 2"", ""잠원동 2"", ""잠원동"", ""주흥교"", ""반포1동"", ""강남 F2""]"
7b768b2566f7,2026-10-10,FPL000278,UAM0081,a4,4,4,1.0,VP010,연신내,VP004,용산,8,G5,F1,G4,F2,08:25:40,08:30:40,08:50:18,08:55:01,09:05:01,300.0,1177.9,283.2,1761.1,0,300.0,ready,08:30:23,1194.7,16,"[""연신내 F1"", ""지점 23"", ""향동동"", ""지점 24"", ""수색교"", ""지점 25"", ""상암동"", ""성산대교 중간지점"", ""선유도 17고지"", ""지점 5"", ""서강대교 중간지점"", ""지점 32"", ""여의동 2"", ""이촌2동"", ""한강로3가"", ""용산 F2""]"
7b768b2566f7,2026-10-10,FPL000279,UAM0015,a4,4,4,1.0,VP014,가산,VP008,사당,8,G5,F1,G3,F2,08:31:39,08:41:14,08:51:15,08:55:58,09:05:58,574.88,600.7,283.2,1458.78,601.04,0.0,ready,08:40:57,617.5,11,"[""가산 F1"", ""가산동"", ""지점 9"", ""신사동 3"", ""신림동 2"", ""신림동"", ""은천동"", ""봉천동"", ""행운동"", ""인헌동"", ""사당 F2""]"
7b768b2566f7,2026-10-10,FPL000280,UAM0054,a4,4,4,1.0,VP014,가산,VP011,천호,8,G6,F1,G8,F2,08:31:59,08:46:35,09:20:08,09:24:51,09:34:51,875.52,2013.24,283.2,3171.96,901.68,916.24,ready,08:46:18,2030.04,24,"[""가산 F1"", ""구로동"", ""신정6동"", ""신도림동 2"", ""문래동5가"", ""신도림동"", ""영등포"", ""지점 13"", ""지점 14"", ""이촌2동"", ""이촌동 2"", ""이촌동"", ""반포동"", ""잠원동 2"", ""신사동 2"", ""신사동"", ""성수대교 남단"", ""지점 2"", ""청담대교 중간지점"", ""자양2동"", ""잠실대교 중간지점"", ""지점 4"", ""천호대교 중간지점"", ""천호 F2""]"
7b768b2566f7,2026-10-10,FPL000281,UAM0027,a4,4,4,1.0,VP002,잠실,VP016,망우,8,G5,F1,G1,F2,08:26:39,08:42:06,08:55:07,09:00:04,09:10:04,926.8,781.18,297.28,2005.26,626.8,158.68,ready,08:41:49,797.98,11,"[""잠실 F1"", ""지점 3"", ""청담대교 중간지점"", ""건대입구"", ""송정동"", ""중곡1동"", ""지점"", ""중랑천 제방길"", ""중랑철교"", ""중화동"", ""망우 F2""]"
7b768b2566f7,2026-10-10,FPL000282,UAM0065,a4,4,4,1.0,VP018,인천,VP003,상암,8,G7,F1,G1,F2,08:37:54,08:42:54,09:06:33,09:11:30,09:21:30,300.0,1418.38,297.28,2015.66,493.58,163.58,ready,08:42:38,1435.18,14,"[""인천 F1"", ""운북동"", ""영종동"", ""영종대교"", ""지점 22"", ""시천동 아라로"", ""목상동"", ""선주지동"", ""하야동"", ""하야동 2"", ""개화동"", ""덕은동"", ""상암동"", ""상암 F2""]"
7b768b2566f7,2026-10-10,FPL000283,UAM0056,a4,4,4,1.0,VP013,강남,VP003,상암,8,G7,F1,G3,F2,08:33:46,08:38:46,08:52:22,08:57:05,09:07:05,300.0,815.32,283.2,1398.52,230.1,0.72,ready,08:38:30,832.12,16,"[""강남 F1"", ""반포1동"", ""주흥교"", ""잠원동"", ""잠원동 2"", ""반포동"", ""이촌동"", ""이촌동 2"", ""이촌2동"", ""여의동 2"", ""지점 32"", ""서강대교 중간지점"", ""지점 5"", ""선유도 17고지"", ""합정동"", ""상암 F2""]"
7b768b2566f7,2026-10-10,FPL000284,UAM0055,a4,4,4,1.0,VP015,마곡,VP018,인천,8,G7,F1,G5,F2,08:39:50,08:45:04,09:05:00,09:09:57,09:19:57,314.24,1195.74,297.28,1807.26,601.04,116.44,ready,08:44:47,1212.54,10,"[""마곡 F1"", ""하야동"", ""선주지동"", ""목상동"", ""시천동 아라로"", ""지점 22"", ""영종대교"", ""영종동"", ""운북동"", ""인천 F2""]"
7b768b2566f7,2026-10-10,FPL000285,UAM0028,a4,4,4,1.0,VP011,천호,VP009,성수,8,G8,F1,G3,F2,08:46:50,09:01:06,09:09:04,09:13:47,09:23:47,855.52,478.2,283.2,1616.92,1562.96,0.0,ready,09:00:49,495.0,8,"[""천호 F1"", ""천호대교 중간지점"", ""지점 4"", ""잠실대교 중간지점"", ""자양2동"", ""청담대교 중간지점"", ""지점 2"", ""성수 F2""]"
7b768b2566f7,2026-10-10,FPL000286,UAM0099,a4,4,4,1.0,VP016,망우,VP011,천호,8,G1,F1,G7,F2,08:30:50,08:43:43,09:11:27,09:16:10,09:26:10,773.04,1663.56,283.2,2719.8,493.28,1123.26,ready,08:43:26,1680.36,10,"[""망우 F1"", ""중랑철교"", ""중랑천 제방길"", ""지점"", ""중곡1동"", ""능동"", ""구의동"", ""아차산 고가차도"", ""천호대교 중간지점"", ""천호 F2""]"
7b768b2566f7,2026-10-10,FPL000287,UAM0002,a4,4,4,1.0,VP005,목동,VP014,가산,8,G7,F1,G3,F2,08:33:00,08:38:00,08:45:40,08:53:52,09:03:52,300.0,459.8,491.64,1251.44,103.06,194.36,ready,08:37:43,476.6,4,"[""목동 F1"", ""신정6동"", ""구로동"", ""가산 F2""]"
7b768b2566f7,2026-10-10,FPL000288,UAM0025,a4,4,4,1.0,VP002,잠실,VP017,수서,8,G1,F1,G4,F2,08:31:28,08:47:26,08:54:43,08:59:40,09:09:40,958.64,436.68,297.28,1692.6,630.48,111.68,ready,08:47:09,453.48,4,"[""잠실 F1"", ""잠실7동"", ""개포3동"", ""수서 F2""]"
7b768b2566f7,2026-10-10,FPL000289,UAM0032,a4,4,4,1.0,VP009,성수,VP011,천호,8,G3,F1,G3,F2,08:36:41,08:41:41,09:07:06,09:12:18,09:22:18,300.0,1525.3,311.36,2136.66,280.04,1035.0,ready,08:41:24,1542.1,8,"[""성수 F1"", ""지점 2"", ""청담대교 중간지점"", ""자양2동"", ""잠실대교 중간지점"", ""지점 4"", ""천호대교 중간지점"", ""천호 F2""]"
7b768b2566f7,2026-10-10,FPL000290,UAM0063,a4,4,4,1.0,VP018,인천,VP016,망우,8,G8,F1,G3,F2,08:38:14,08:48:15,09:24:58,09:29:41,09:39:41,600.64,2202.96,283.2,3086.8,553.58,125.16,ready,08:47:58,2219.76,37,"[""인천 F1"", ""운북동"", ""영종동"", ""영종대교"", ""지점 22"", ""시천동 아라로"", ""목상동"", ""선주지동"", ""하야동"", ""하야동 2"", ""개화동"", ""덕은동"", ""상암동"", ""성산대교 중간지점"", ""선유도 17고지"", ""합정동"", ""서교동"", ""동교동"", ""20통"", ""대현동"", ""아현동"", ""충정로3가"", ""남영동"", ""회현동2가"", ""후암동"", ""지점 39"", ""약수동"", ""신사동"", ""응봉동"", ""지점 12"", ""송정동"", ""중곡1동"", ""지점"", ""중랑천 제방길"", ""중랑철교"", ""중화동"", ""망우 F2""]"
7b768b2566f7,2026-10-10,FPL000291,UAM0018,a4,4,4,1.0,VP013,강남,VP009,성수,8,G8,F1,G2,F2,08:34:17,08:44:07,08:58:14,09:03:11,09:13:11,590.1,847.12,297.28,1734.5,290.1,389.02,ready,08:43:50,863.92,9,"[""강남 F1"", ""반포1동"", ""주흥교"", ""잠원동"", ""잠원동 2"", ""신사동 2"", ""신사동"", ""성수대교 남단"", ""성수 F2""]"
7b768b2566f7,2026-10-10,FPL000292,UAM0059,a4,4,4,1.0,VP011,천호,VP008,사당,8,G5,F1,G3,F2,08:47:04,09:06:27,09:18:41,09:23:24,09:33:24,1162.08,734.4,283.2,2179.68,1534.8,0.0,ready,09:06:10,751.2,17,"[""천호 F1"", ""천호대교 중간지점"", ""지점 4"", ""잠실대교 중간지점"", ""자양2동"", ""지점 3"", ""잠실7동"", ""대치교"", ""지점 6"", ""지점 7"", ""지점 8"", ""지점 10"", ""양재동"", ""경부고속도로 양재천 다리"", ""지점 19"", ""방배동"", ""사당 F2""]"
7b768b2566f7,2026-10-10,FPL000293,UAM0042,a4,4,4,1.0,VP007,봉천,VP009,성수,8,G4,F1,G1,F2,08:35:46,08:40:46,08:53:53,08:58:51,09:08:51,300.0,787.64,297.28,1384.92,0,144.64,ready,08:40:29,804.44,18,"[""봉천 F1"", ""봉천동"", ""행운동"", ""인헌동"", ""남현동"", ""방배2동"", ""사당1동"", ""사당1동 2"", ""방배4동"", ""동작동"", ""동작동 2"", ""이촌동"", ""반포동"", ""잠원동 2"", ""신사동 2"", ""신사동"", ""성수대교 남단"", ""성수 F2""]"
7b768b2566f7,2026-10-10,FPL000294,UAM0034,a4,4,4,1.0,VP016,망우,VP004,용산,8,G3,F1,G3,F2,08:40:21,08:49:04,09:03:08,09:07:51,09:17:51,522.4,844.0,283.2,1649.6,472.64,0.0,ready,08:48:47,860.8,18,"[""망우 F1"", ""중랑철교"", ""중랑천 제방길"", ""지점"", ""중곡1동"", ""송정동"", ""지점 12"", ""응봉동"", ""신사동"", ""약수동"", ""지점 39"", ""후암동"", ""회현동2가"", ""남영동"", ""청파동1가"", ""한강로1가"", ""한강로2가"", ""용산 F2""]"
7b768b2566f7,2026-10-10,FPL000295,UAM0096,a4,4,4,1.0,VP014,가산,VP002,잠실,8,G3,F1,G5,F2,08:37:09,08:51:55,09:18:23,09:23:06,09:33:06,886.96,1587.06,283.2,2757.22,572.88,635.06,ready,08:51:39,1603.86,23,"[""가산 F1"", ""가산동"", ""지점 9"", ""신사동 3"", ""신림동 2"", ""신림동"", ""은천동"", ""봉천동"", ""행운동"", ""인헌동"", ""남현동"", ""방배2동"", ""방배동"", ""지점 19"", ""경부고속도로 양재천 다리"", ""양재동"", ""지점 10"", ""지점 8"", ""지점 7"", ""지점 6"", ""대치교"", ""잠실7동"", ""잠실 F2""]"
7b768b2566f7,2026-10-10,FPL000296,UAM0029,a4,4,4,1.0,VP011,천호,VP015,마곡,8,G6,F1,G7,F2,08:57:46,09:11:47,09:33:23,09:38:06,09:48:06,841.44,1295.8,283.2,2420.44,1754.8,0.0,ready,09:11:30,1312.6,28,"[""천호 F1"", ""천호대교 중간지점"", ""지점 4"", ""잠실대교 중간지점"", ""자양2동"", ""청담대교 중간지점"", ""지점 2"", ""성수대교 남단"", ""신사동"", ""약수동"", ""지점 39"", ""후암동"", ""회현동2가"", ""남영동"", ""충정로3가"", ""아현동"", ""대현동"", ""20통"", ""동교동"", ""서교동"", ""합정동"", ""선유도 17고지"", ""성산대교 중간지점"", ""상암동"", ""덕은동"", ""개화동"", ""하야동 2"", ""마곡 F2""]"
7b768b2566f7,2026-10-10,FPL000297,UAM0092,a4,4,4,1.0,VP017,수서,VP011,천호,8,G6,F1,G6,F2,08:37:22,08:42:22,09:28:49,09:40:27,09:50:27,300.0,2787.56,697.28,3784.84,0,2654.66,ready,08:42:05,2804.36,9,"[""수서 F1"", ""개포3동"", ""잠실7동"", ""지점 3"", ""자양2동"", ""잠실대교 중간지점"", ""지점 4"", ""천호대교 중간지점"", ""천호 F2""]"
7b768b2566f7,2026-10-10,FPL000298,UAM0094,a4,4,4,1.0,VP014,가산,VP013,강남,8,G4,F1,G5,F2,08:40:27,08:57:16,09:25:37,09:30:34,09:40:34,1009.6,1701.04,297.28,3007.92,873.52,816.24,ready,08:56:59,1717.84,18,"[""가산 F1"", ""가산동"", ""지점 9"", ""신사동 3"", ""신림동 2"", ""신림동"", ""은천동"", ""봉천동"", ""행운동"", ""인헌동"", ""남현동"", ""방배2동"", ""방배동"", ""지점 19"", ""경부고속도로 양재천 다리"", ""지점 21"", ""서초2동 2"", ""강남 F2""]"
7b768b2566f7,2026-10-10,FPL000299,UAM0070,a4,4,4,1.0,VP012,광화문,VP016,망우,8,G3,F1,G2,F2,08:39:18,08:44:18,08:59:27,09:04:25,09:14:25,300.0,908.92,297.28,1506.2,90.06,142.12,ready,08:44:02,925.72,15,"[""광화문 F1"", ""회현동2가"", ""후암동"", ""지점 39"", ""약수동"", ""신사동"", ""응봉동"", ""지점 12"", ""송정동"", ""중곡1동"", ""지점"", ""중랑천 제방길"", ""중랑철교"", ""중화동"", ""망우 F2""]"
7b768b2566f7,2026-10-10,FPL000300,UAM0046,a4,4,4,1.0,VP009,성수,VP013,강남,8,G4,F1,G3,F2,08:37:55,08:47:02,09:03:54,09:09:05,09:19:05,546.16,1012.46,311.36,1869.98,246.16,542.46,ready,08:46:45,1029.26,9,"[""성수 F1"", ""성수대교 남단"", ""신사동"", ""신사동 2"", ""잠원동 2"", ""잠원동"", ""주흥교"", ""반포1동"", ""강남 F2""]"
7b768b2566f7,2026-10-10,FPL000301,UAM0038,a4,4,4,1.0,VP005,목동,VP018,인천,8,G8,F1,G6,F2,08:38:35,08:43:35,09:09:20,09:14:18,09:24:18,300.0,1544.98,297.28,2142.26,0,290.78,ready,08:43:19,1561.78,15,"[""목동 F1"", ""신정6동"", ""구로동"", ""지점 17"", ""지점 31"", ""지점 30"", ""지점 29"", ""지점 37"", ""간석3동"", ""지점 28"", ""지점 27"", ""지점 26"", ""영종동"", ""운북동"", ""인천 F2""]"
7b768b2566f7,2026-10-10,FPL000302,UAM0033,a4,4,4,1.0,VP001,여의도,VP016,망우,8,G4,F1,G4,F2,08:38:53,08:43:53,09:09:41,09:14:24,09:24:24,300.0,1547.8,283.2,2131.0,0,600.0,ready,08:43:36,1564.6,19,"[""여의도 F1"", ""지점 32"", ""여의동 2"", ""이촌2동"", ""이촌동 2"", ""이촌동"", ""반포동"", ""잠원동 2"", ""신사동 2"", ""신사동"", ""응봉동"", ""지점 12"", ""송정동"", ""중곡1동"", ""지점"", ""중랑천 제방길"", ""중랑철교"", ""중화동"", ""망우 F2""]"
7b768b2566f7,2026-10-10,FPL000303,UAM0030,a4,4,4,1.0,VP018,인천,VP001,여의도,8,G5,F1,G3,F2,08:39:23,08:53:36,09:16:32,09:21:15,09:31:15,852.72,1376.3,283.2,2512.22,538.64,0.0,ready,08:53:19,1393.1,19,"[""인천 F1"", ""운북동"", ""영종동"", ""지점 26"", ""지점 27"", ""지점 28"", ""간석3동"", ""지점 37"", ""지점 29"", ""지점 30"", ""지점 31"", ""지점 17"", ""구로동"", ""신정6동"", ""신도림동 2"", ""문래동5가"", ""신도림동"", ""영등포"", ""여의도 F2""]"
7b768b2566f7,2026-10-10,FPL000304,UAM0060,a4,4,4,1.0,VP013,강남,VP007,봉천,8,G5,F1,G1,F2,08:39:36,08:49:28,08:59:24,09:04:21,09:14:21,592.08,595.9,297.28,1485.26,278.0,0.0,ready,08:49:11,612.7,12,"[""강남 F1"", ""서초2동 2"", ""지점 21"", ""경부고속도로 양재천 다리"", ""지점 19"", ""방배동"", ""방배2동"", ""남현동"", ""인헌동"", ""행운동"", ""봉천동"", ""봉천 F2""]"
7b768b2566f7,2026-10-10,FPL000305,UAM0004,a4,4,4,1.0,VP015,마곡,VP010,연신내,8,G8,F1,G5,F2,08:44:10,08:50:25,09:01:44,09:06:27,09:16:27,374.24,679.6,283.2,1337.04,280.4,0.0,ready,08:50:08,696.4,10,"[""마곡 F1"", ""하야동 2"", ""개화동"", ""덕은동"", ""지점 25"", ""수색교"", ""지점 24"", ""향동동"", ""지점 23"", ""연신내 F2""]"
7b768b2566f7,2026-10-10,FPL000306,UAM0080,a4,4,4,1.0,VP016,망우,VP002,잠실,8,G2,F1,G2,F2,08:40:46,08:54:25,09:14:02,09:19:13,09:29:13,818.56,1177.38,311.36,2307.3,504.48,598.98,ready,08:54:08,1194.18,10,"[""망우 F1"", ""중랑철교"", ""중랑천 제방길"", ""지점"", ""중곡1동"", ""송정동"", ""건대입구"", ""청담대교 중간지점"", ""지점 3"", ""잠실 F2""]"
7b768b2566f7,2026-10-10,FPL000307,UAM0036,a4,4,4,1.0,VP004,용산,VP017,수서,8,G3,F1,G6,F2,08:43:56,08:48:56,09:01:35,09:06:18,09:16:18,300.0,759.3,283.2,1342.5,186.16,0.0,ready,08:48:39,776.1,17,"[""용산 F1"", ""한강로2가"", ""한강로1가"", ""청파동1가"", ""남영동"", ""회현동2가"", ""후암동"", ""지점 39"", ""약수동"", ""신사동"", ""성수대교 남단"", ""지점 2"", ""청담대교 중간지점"", ""지점 3"", ""잠실7동"", ""개포3동"", ""수서 F2""]"
7b768b2566f7,2026-10-10,FPL000308,UAM0090,a4,4,4,1.0,VP015,마곡,VP007,봉천,8,G5,F1,G4,F2,08:41:18,08:55:45,09:10:25,09:15:08,09:25:08,866.96,879.3,283.2,2029.46,552.88,0.0,ready,08:55:28,896.1,12,"[""마곡 F1"", ""하야동 2"", ""개화동"", ""덕은동"", ""상암동"", ""성산대교 중간지점"", ""선유도 17고지"", ""지점 11"", ""영등포"", ""신림동 2"", ""신림동"", ""봉천 F2""]"
7b768b2566f7,2026-10-10,FPL000309,UAM0009,a4,4,4,1.0,VP011,천호,VP006,미아,8,G3,F1,G3,F2,09:08:01,09:17:08,09:29:13,09:33:56,09:43:56,546.72,724.8,283.2,1554.72,1786.64,0.0,ready,09:16:51,741.6,15,"[""천호 F1"", ""천호대교 중간지점"", ""아차산 고가차도"", ""구의동"", ""능동"", ""중곡1동"", ""지점"", ""중랑천 제방길"", ""중랑철교"", ""중화동"", ""월릉교"", ""공릉1동 2"", ""월계3동"", ""월계동"", ""미아 F2""]"
7b768b2566f7,2026-10-10,FPL000310,UAM0023,a4,4,4,1.0,VP017,수서,VP004,용산,8,G3,F1,G1,F2,08:41:57,08:51:28,09:07:29,09:12:26,09:22:26,571.9,960.1,297.28,1829.28,257.82,196.1,ready,08:51:12,976.9,17,"[""수서 F1"", ""개포3동"", ""잠실7동"", ""지점 3"", ""청담대교 중간지점"", ""지점 2"", ""성수대교 남단"", ""신사동"", ""약수동"", ""지점 39"", ""후암동"", ""회현동2가"", ""남영동"", ""청파동1가"", ""한강로1가"", ""한강로2가"", ""용산 F2""]"
7b768b2566f7,2026-10-10,FPL000311,UAM0012,a4,4,4,1.0,VP014,가산,VP005,목동,8,G1,F1,G7,F2,08:42:03,09:02:37,09:10:21,09:15:04,09:25:04,1233.52,464.3,283.2,1981.02,905.36,0.0,ready,09:02:20,481.1,4,"[""가산 F1"", ""구로동"", ""신정6동"", ""목동 F2""]"
7b768b2566f7,2026-10-10,FPL000312,UAM0087,a4,4,4,1.0,VP012,광화문,VP011,천호,8,G1,F1,G5,F2,08:42:23,08:49:39,09:24:29,09:29:45,09:39:45,435.98,2089.6,316.64,2842.22,121.9,1444.06,ready,08:49:22,2106.4,14,"[""광화문 F1"", ""회현동2가"", ""후암동"", ""지점 39"", ""약수동"", ""신사동"", ""성수대교 남단"", ""지점 2"", ""청담대교 중간지점"", ""자양2동"", ""잠실대교 중간지점"", ""지점 4"", ""천호대교 중간지점"", ""천호 F2""]"
7b768b2566f7,2026-10-10,FPL000313,UAM0051,a4,4,4,1.0,VP009,성수,VP007,봉천,8,G1,F1,G3,F2,08:42:30,08:52:22,09:03:44,09:08:27,09:18:27,592.08,682.06,283.2,1557.34,278.0,34.96,ready,08:52:05,698.86,18,"[""성수 F1"", ""성수대교 남단"", ""신사동"", ""신사동 2"", ""잠원동 2"", ""반포동"", ""이촌동"", ""동작동 2"", ""동작동"", ""방배4동"", ""사당1동 2"", ""사당1동"", ""방배2동"", ""남현동"", ""인헌동"", ""행운동"", ""봉천동"", ""봉천 F2""]"
7b768b2566f7,2026-10-10,FPL000314,UAM0077,a4,4,4,1.0,VP002,잠실,VP016,망우,8,G5,F1,G3,F2,08:46:56,08:52:47,09:03:48,09:08:31,09:18:31,350.44,661.18,283.2,1294.82,280.4,38.68,ready,08:52:30,677.98,11,"[""잠실 F1"", ""지점 3"", ""청담대교 중간지점"", ""건대입구"", ""송정동"", ""중곡1동"", ""지점"", ""중랑천 제방길"", ""중랑철교"", ""중화동"", ""망우 F2""]"
7b768b2566f7,2026-10-10,FPL000315,UAM0041,a4,4,4,1.0,VP001,여의도,VP002,잠실,8,G1,F1,G1,F2,08:43:28,08:50:43,09:09:41,09:14:53,09:24:53,435.58,1138.08,311.36,1885.02,121.5,385.68,ready,08:50:26,1154.88,15,"[""여의도 F1"", ""지점 32"", ""여의동 2"", ""이촌2동"", ""이촌동 2"", ""이촌동"", ""반포동"", ""잠원동 2"", ""신사동 2"", ""신사동"", ""성수대교 남단"", ""지점 2"", ""청담대교 중간지점"", ""지점 3"", ""잠실 F2""]"
7b768b2566f7,2026-10-10,FPL000316,UAM0001,a4,4,4,1.0,VP018,인천,VP001,여의도,8,G6,F1,G4,F2,08:43:44,08:58:56,09:21:53,09:26:36,09:36:36,912.72,1376.3,283.2,2572.22,598.64,0.0,ready,08:58:39,1393.1,19,"[""인천 F1"", ""운북동"", ""영종동"", ""지점 26"", ""지점 27"", ""지점 28"", ""간석3동"", ""지점 37"", ""지점 29"", ""지점 30"", ""지점 31"", ""지점 17"", ""구로동"", ""신정6동"", ""신도림동 2"", ""문래동5가"", ""신도림동"", ""영등포"", ""여의도 F2""]"
7b768b2566f7,2026-10-10,FPL000317,UAM0083,a4,4,4,1.0,VP013,강남,VP017,수서,8,G6,F1,G5,F2,08:43:56,08:54:48,09:05:56,09:10:39,09:20:39,652.08,667.5,283.2,1602.78,338.0,24.4,ready,08:54:31,684.3,13,"[""강남 F1"", ""서초2동 2"", ""지점 21"", ""경부고속도로 양재천 다리"", ""양재동"", ""지점 10"", ""지점 8"", ""지점 7"", ""지점 6"", ""대치교"", ""잠실7동"", ""개포3동"", ""수서 F2""]"
7b768b2566f7,2026-10-10,FPL000318,UAM0003,a4,4,4,1.0,VP003,상암,VP017,수서,8,G3,F1,G4,F2,08:52:48,08:57:48,09:14:37,09:19:34,09:29:34,300.0,1008.58,297.28,1605.86,511.54,150.68,ready,08:57:32,1025.38,20,"[""상암 F1"", ""서교동"", ""동교동"", ""20통"", ""대현동"", ""아현동"", ""충정로3가"", ""남영동"", ""회현동2가"", ""후암동"", ""지점 39"", ""약수동"", ""신사동"", ""성수대교 남단"", ""지점 2"", ""청담대교 중간지점"", ""지점 3"", ""잠실7동"", ""개포3동"", ""수서 F2""]"
7b768b2566f7,2026-10-10,FPL000319,UAM0016,a4,4,4,1.0,VP006,미아,VP010,연신내,8,G3,F1,G6,F2,08:44:30,08:49:30,09:14:45,09:19:28,09:29:28,300.0,1515.4,283.2,2098.6,0,0.0,ready,08:49:13,1532.2,35,"[""미아 F1"", ""월계동"", ""월계3동"", ""공릉1동 2"", ""월릉교"", ""중화동"", ""중랑철교"", ""중랑천 제방길"", ""지점"", ""중곡1동"", ""송정동"", ""지점 12"", ""응봉동"", ""신사동"", ""약수동"", ""지점 39"", ""후암동"", ""회현동2가"", ""남영동"", ""충정로3가"", ""아현동"", ""대현동"", ""20통"", ""동교동"", ""서교동"", ""합정동"", ""선유도 17고지"", ""성산대교 중간지점"", ""상암동"", ""지점 25"", ""수색교"", ""지점 24"", ""향동동"", ""지점 23"", ""연신내 F2""]"
7b768b2566f7,2026-10-10,FPL000320,UAM0048,a4,4,4,1.0,VP016,망우,VP009,성수,8,G4,F1,G4,F2,08:44:53,08:59:45,09:13:25,09:18:08,09:28:08,892.64,819.6,283.2,1995.44,592.64,216.6,ready,08:59:28,836.4,10,"[""망우 F1"", ""중랑철교"", ""중랑천 제방길"", ""지점"", ""중곡1동"", ""송정동"", ""건대입구"", ""청담대교 중간지점"", ""지점 2"", ""성수 F2""]"
7b768b2566f7,2026-10-10,FPL000321,UAM0057,a4,4,4,1.0,VP004,용산,VP013,강남,8,G4,F1,G4,F2,08:48:16,08:54:16,09:12:35,09:17:47,09:27:47,360.0,1098.74,311.36,1770.1,246.16,530.74,ready,08:54:00,1115.54,10,"[""용산 F1"", ""한강로3가"", ""이촌동 2"", ""이촌동"", ""반포동"", ""잠원동 2"", ""잠원동"", ""주흥교"", ""반포1동"", ""강남 F2""]"
7b768b2566f7,2026-10-10,FPL000322,UAM0047,a4,4,4,1.0,VP015,마곡,VP017,수서,8,G6,F1,G5,F2,08:45:39,09:01:06,09:22:13,09:26:56,09:36:56,926.96,1267.0,283.2,2477.16,612.88,0.0,ready,09:00:49,1283.8,27,"[""마곡 F1"", ""하야동 2"", ""개화동"", ""덕은동"", ""상암동"", ""성산대교 중간지점"", ""선유도 17고지"", ""합정동"", ""서교동"", ""동교동"", ""20통"", ""대현동"", ""아현동"", ""충정로3가"", ""남영동"", ""회현동2가"", ""후암동"", ""지점 39"", ""약수동"", ""신사동"", ""성수대교 남단"", ""지점 2"", ""청담대교 중간지점"", ""지점 3"", ""잠실7동"", ""개포3동"", ""수서 F2""]"
7b768b2566f7,2026-10-10,FPL000323,UAM0026,a4,4,4,1.0,VP017,수서,VP002,잠실,8,G5,F1,G4,F2,08:50:49,08:56:49,09:05:21,09:10:18,09:20:18,360.0,511.56,297.28,1168.84,345.98,189.26,ready,08:56:32,528.36,4,"[""수서 F1"", ""개포3동"", ""잠실7동"", ""잠실 F2""]"
7b768b2566f7,2026-10-10,FPL000324,UAM0037,a4,4,4,1.0,VP009,성수,VP013,강남,8,G2,F1,G8,F2,08:46:51,08:59:20,09:16:56,09:21:39,09:31:39,749.6,1055.58,283.2,2088.38,435.52,585.58,ready,08:59:03,1072.38,9,"[""성수 F1"", ""성수대교 남단"", ""신사동"", ""신사동 2"", ""잠원동 2"", ""잠원동"", ""주흥교"", ""반포1동"", ""강남 F2""]"
7b768b2566f7,2026-10-10,FPL000325,UAM0008,a4,4,4,1.0,VP008,사당,VP013,강남,8,G3,F1,G7,F2,08:50:25,08:55:25,09:08:15,09:12:58,09:22:58,300.0,770.04,283.2,1353.24,183.12,290.34,ready,08:55:08,786.84,7,"[""사당 F1"", ""방배동"", ""지점 19"", ""경부고속도로 양재천 다리"", ""지점 21"", ""서초2동 2"", ""강남 F2""]"
7b768b2566f7,2026-10-10,FPL000326,UAM0079,a4,4,4,1.0,VP001,여의도,VP018,인천,8,G3,F1,G7,F2,08:47:34,08:56:04,09:18:57,09:23:40,09:33:40,509.66,1372.7,283.2,2165.56,209.66,0.0,ready,08:55:47,1389.5,19,"[""여의도 F1"", ""영등포"", ""신도림동"", ""문래동5가"", ""신도림동 2"", ""신정6동"", ""구로동"", ""지점 17"", ""지점 31"", ""지점 30"", ""지점 29"", ""지점 37"", ""간석3동"", ""지점 28"", ""지점 27"", ""지점 26"", ""영종동"", ""운북동"", ""인천 F2""]"
7b768b2566f7,2026-10-10,FPL000327,UAM0075,a4,4,4,1.0,VP014,가산,VP011,천호,8,G5,F1,G3,F2,08:53:42,09:07:57,09:44:31,09:51:22,10:01:22,855.52,2193.24,411.36,3460.12,921.68,1196.24,ready,09:07:41,2210.04,24,"[""가산 F1"", ""구로동"", ""신정6동"", ""신도림동 2"", ""문래동5가"", ""신도림동"", ""영등포"", ""지점 13"", ""지점 14"", ""이촌2동"", ""이촌동 2"", ""이촌동"", ""반포동"", ""잠원동 2"", ""신사동 2"", ""신사동"", ""성수대교 남단"", ""지점 2"", ""청담대교 중간지점"", ""자양2동"", ""잠실대교 중간지점"", ""지점 4"", ""천호대교 중간지점"", ""천호 F2""]"
7b768b2566f7,2026-10-10,FPL000328,UAM0068,a4,4,4,1.0,VP005,목동,VP014,가산,8,G5,F1,G5,F2,08:48:10,08:53:24,09:01:04,09:05:47,09:15:47,314.08,459.8,283.2,1057.08,0,0.0,ready,08:53:07,476.6,4,"[""목동 F1"", ""신정6동"", ""구로동"", ""가산 F2""]"
7b768b2566f7,2026-10-10,FPL000329,UAM0049,a4,4,4,1.0,VP018,인천,VP007,봉천,8,G3,F1,G3,F2,08:48:18,09:04:17,09:27:02,09:31:45,09:41:45,958.64,1365.4,283.2,2607.24,630.48,0.0,ready,09:04:00,1382.2,18,"[""인천 F1"", ""운북동"", ""영종동"", ""지점 26"", ""지점 27"", ""지점 28"", ""간석3동"", ""지점 37"", ""지점 29"", ""지점 30"", ""지점 31"", ""지점 17"", ""가산동"", ""지점 9"", ""신사동 3"", ""신림동 2"", ""신림동"", ""봉천 F2""]"
7b768b2566f7,2026-10-10,FPL000330,UAM0005,a4,4,4,1.0,VP002,잠실,VP003,상암,8,G6,F1,G3,F2,08:48:27,08:58:07,09:15:14,09:19:57,09:29:57,580.4,1026.48,283.2,1890.08,280.4,227.38,ready,08:57:51,1043.28,19,"[""잠실 F1"", ""지점 3"", ""청담대교 중간지점"", ""지점 2"", ""성수대교 남단"", ""신사동"", ""약수동"", ""지점 39"", ""후암동"", ""회현동2가"", ""남영동"", ""충정로3가"", ""아현동"", ""대현동"", ""20통"", ""동교동"", ""서교동"", ""합정동"", ""상암 F2""]"
7b768b2566f7,2026-10-10,FPL000331,UAM0086,a4,4,4,1.0,VP012,광화문,VP003,상암,8,G4,F1,G4,F2,08:49:36,08:55:00,09:02:12,09:06:55,09:16:55,324.26,432.3,283.2,1039.76,45.52,0.0,ready,08:54:43,449.1,9,"[""광화문 F1"", ""충정로3가"", ""아현동"", ""대현동"", ""20통"", ""동교동"", ""서교동"", ""합정동"", ""상암 F2""]"
7b768b2566f7,2026-10-10,FPL000332,UAM0091,a4,4,4,1.0,VP004,용산,VP002,잠실,8,G1,F1,G6,F2,08:49:45,08:59:37,09:22:43,09:27:26,09:37:26,592.08,1386.04,283.2,2261.32,278.0,708.04,ready,08:59:20,1402.84,15,"[""용산 F1"", ""한강로2가"", ""한강로1가"", ""청파동1가"", ""남영동"", ""회현동2가"", ""후암동"", ""지점 39"", ""약수동"", ""신사동"", ""성수대교 남단"", ""지점 2"", ""청담대교 중간지점"", ""지점 3"", ""잠실 F2""]"
7b768b2566f7,2026-10-10,FPL000333,UAM0010,a4,4,4,1.0,VP015,마곡,VP013,강남,8,G3,F1,G7,F2,08:50:14,09:06:27,09:38:39,09:43:22,09:53:22,972.88,1932.52,283.2,3188.6,644.72,876.12,ready,09:06:10,1949.32,20,"[""마곡 F1"", ""하야동 2"", ""개화동"", ""덕은동"", ""상암동"", ""성산대교 중간지점"", ""선유도 17고지"", ""지점 5"", ""서강대교 중간지점"", ""지점 32"", ""여의동 2"", ""이촌2동"", ""이촌동 2"", ""이촌동"", ""반포동"", ""잠원동 2"", ""잠원동"", ""주흥교"", ""반포1동"", ""강남 F2""]"
7b768b2566f7,2026-10-10,FPL000334,UAM0066,a4,4,4,1.0,VP014,가산,VP012,광화문,8,G6,F1,G4,F2,08:54:02,09:13:18,09:26:42,09:31:25,09:41:25,1156.16,804.1,283.2,2243.46,1081.68,0.0,ready,09:13:01,820.9,16,"[""가산 F1"", ""구로동"", ""신정6동"", ""신도림동 2"", ""문래동5가"", ""신도림동"", ""영등포"", ""지점 13"", ""지점 14"", ""이촌2동"", ""한강로3가"", ""한강로2가"", ""한강로1가"", ""청파동1가"", ""남영동"", ""광화문 F2""]"
7b768b2566f7,2026-10-10,FPL000335,UAM0082,a4,4,4,1.0,VP016,망우,VP006,미아,8,G1,F1,G3,F2,08:50:31,09:05:06,09:12:42,09:17:25,09:27:25,874.48,456.0,283.2,1613.68,560.4,0.0,ready,09:04:49,472.8,8,"[""망우 F1"", ""중랑철교"", ""중화동"", ""월릉교"", ""공릉1동 2"", ""월계3동"", ""월계동"", ""미아 F2""]"
7b768b2566f7,2026-10-10,FPL000336,UAM0097,a4,4,4,1.0,VP002,잠실,VP017,수서,8,G3,F1,G3,F2,08:51:20,09:03:28,09:10:16,09:15:14,09:25:14,727.82,408.3,297.28,1433.4,413.74,83.3,ready,09:03:11,425.1,4,"[""잠실 F1"", ""잠실7동"", ""개포3동"", ""수서 F2""]"
7b768b2566f7,2026-10-10,FPL000337,UAM0073,a4,4,4,1.0,VP011,천호,VP002,잠실,8,G7,F1,G4,F2,09:11:54,09:22:28,09:31:24,09:41:47,09:51:47,634.88,535.98,623.04,1793.9,1562.96,427.04,ready,09:22:12,552.78,7,"[""천호 F1"", ""천호대교 중간지점"", ""지점 4"", ""잠실대교 중간지점"", ""자양2동"", ""지점 3"", ""잠실 F2""]"
7b768b2566f7,2026-10-10,FPL000338,UAM0053,a4,4,4,1.0,VP010,연신내,VP014,가산,8,G5,F1,G6,F2,08:52:17,08:57:17,09:10:22,09:15:06,09:25:06,300.0,785.8,283.2,1369.0,49.48,0.0,ready,08:57:00,802.6,14,"[""연신내 F1"", ""지점 23"", ""향동동"", ""지점 24"", ""수색교"", ""지점 25"", ""상암동"", ""지점 18"", ""양평동"", ""목1동"", ""신도림동 2"", ""신정6동"", ""구로동"", ""가산 F2""]"
7b768b2566f7,2026-10-10,FPL000339,UAM0044,a4,4,4,1.0,VP004,용산,VP011,천호,8,G2,F1,G1,F2,08:54:06,09:04:58,09:33:10,09:41:15,09:51:15,652.08,1692.22,484.8,2829.1,338.0,1058.58,ready,09:04:41,1709.02,18,"[""용산 F1"", ""한강로2가"", ""한강로1가"", ""청파동1가"", ""남영동"", ""회현동2가"", ""후암동"", ""지점 39"", ""약수동"", ""신사동"", ""성수대교 남단"", ""지점 2"", ""청담대교 중간지점"", ""자양2동"", ""잠실대교 중간지점"", ""지점 4"", ""천호대교 중간지점"", ""천호 F2""]"
7b768b2566f7,2026-10-10,FPL000340,UAM0031,a4,4,4,1.0,VP015,마곡,VP003,상암,8,G7,F1,G2,F2,08:54:06,09:11:47,09:29:40,09:34:37,09:44:37,1061.04,1072.5,297.28,2430.82,761.04,492.6,ready,09:11:30,1089.3,6,"[""마곡 F1"", ""하야동 2"", ""개화동"", ""덕은동"", ""상암동"", ""상암 F2""]"
7b768b2566f7,2026-10-10,FPL000341,UAM0022,a4,4,4,1.0,VP001,여의도,VP016,망우,8,G4,F1,G2,F2,08:55:39,09:01:24,09:20:37,09:25:35,09:35:35,345.52,1152.82,297.28,1795.62,45.52,205.02,ready,09:01:08,1169.62,19,"[""여의도 F1"", ""지점 32"", ""여의동 2"", ""이촌2동"", ""이촌동 2"", ""이촌동"", ""반포동"", ""잠원동 2"", ""신사동 2"", ""신사동"", ""응봉동"", ""지점 12"", ""송정동"", ""중곡1동"", ""지점"", ""중랑천 제방길"", ""중랑철교"", ""중화동"", ""망우 F2""]"
7b768b2566f7,2026-10-10,FPL000342,UAM0050,a4,4,4,1.0,VP008,사당,VP016,망우,8,G4,F1,G1,F2,08:56:02,09:01:02,09:16:17,09:21:14,09:31:14,300.0,914.3,297.28,1511.58,2.66,0.0,ready,09:00:46,931.1,21,"[""사당 F1"", ""방배동"", ""지점 19"", ""경부고속도로 양재천 다리"", ""양재동"", ""지점 10"", ""지점 8"", ""지점 7"", ""지점 6"", ""대치교"", ""잠실7동"", ""지점 3"", ""청담대교 중간지점"", ""건대입구"", ""송정동"", ""중곡1동"", ""지점"", ""중랑천 제방길"", ""중랑철교"", ""중화동"", ""망우 F2""]"
7b768b2566f7,2026-10-10,FPL000343,UAM0074,a4,4,4,1.0,VP017,수서,VP012,광화문,8,G6,F1,G3,F2,08:59:30,09:04:30,09:14:56,09:19:40,09:29:40,300.0,626.1,283.2,1209.3,186.16,0.0,ready,09:04:14,642.9,13,"[""수서 F1"", ""개포3동"", ""잠실7동"", ""지점 3"", ""청담대교 중간지점"", ""지점 2"", ""성수대교 남단"", ""신사동"", ""약수동"", ""지점 39"", ""후암동"", ""회현동2가"", ""광화문 F2""]"
7b768b2566f7,2026-10-10,FPL000344,UAM0076,a4,4,4,1.0,VP002,잠실,VP006,미아,8,G4,F1,G4,F2,09:06:01,09:11:16,09:23:58,09:28:41,09:38:41,314.08,762.1,283.2,1359.38,535.24,0.0,ready,09:10:59,778.9,15,"[""잠실 F1"", ""지점 3"", ""청담대교 중간지점"", ""건대입구"", ""송정동"", ""중곡1동"", ""지점"", ""중랑천 제방길"", ""중랑철교"", ""중화동"", ""월릉교"", ""공릉1동 2"", ""월계3동"", ""월계동"", ""미아 F2""]"
7b768b2566f7,2026-10-10,FPL000345,UAM0071,a4,4,4,1.0,VP011,천호,VP013,강남,8,G4,F1,G5,F2,09:12:22,09:27:49,09:47:20,10:03:32,10:13:32,927.36,1171.24,971.84,3070.44,1506.64,1054.8,ready,09:27:32,1188.04,17,"[""천호 F1"", ""천호대교 중간지점"", ""지점 4"", ""잠실대교 중간지점"", ""자양2동"", ""지점 3"", ""잠실7동"", ""대치교"", ""지점 6"", ""지점 7"", ""지점 8"", ""지점 10"", ""양재동"", ""경부고속도로 양재천 다리"", ""지점 21"", ""서초2동 2"", ""강남 F2""]"
7b768b2566f7,2026-10-10,FPL000346,UAM0078,a4,4,4,1.0,VP004,용산,VP009,성수,8,G3,F1,G1,F2,08:58:12,09:10:18,09:19:55,09:24:52,09:34:52,726.16,576.4,297.28,1599.84,426.16,0.0,ready,09:10:02,593.2,12,"[""용산 F1"", ""한강로2가"", ""한강로1가"", ""청파동1가"", ""남영동"", ""회현동2가"", ""후암동"", ""지점 39"", ""약수동"", ""신사동"", ""성수대교 남단"", ""성수 F2""]"
7b768b2566f7,2026-10-10,FPL000347,UAM0089,a4,4,4,1.0,VP003,상암,VP014,가산,8,G4,F1,G3,F2,08:58:24,09:03:24,09:15:02,09:19:59,09:29:59,300.0,698.5,297.28,1295.78,0,0.0,ready,09:03:07,715.3,11,"[""상암 F1"", ""서교동"", ""합정동"", ""선유도 17고지"", ""지점 11"", ""양평동"", ""목1동"", ""신도림동 2"", ""신정6동"", ""구로동"", ""가산 F2""]"
7b768b2566f7,2026-10-10,FPL000348,UAM0007,a4,4,4,1.0,VP012,광화문,VP013,강남,8,G3,F1,G2,F2,08:59:31,09:04:31,09:29:58,09:35:23,09:45:23,300.0,1526.54,325.44,2151.98,0,985.94,ready,09:04:14,1543.34,12,"[""광화문 F1"", ""회현동2가"", ""후암동"", ""지점 39"", ""약수동"", ""신사동"", ""신사동 2"", ""잠원동 2"", ""잠원동"", ""주흥교"", ""반포1동"", ""강남 F2""]"
7b768b2566f7,2026-10-10,FPL000349,UAM0045,a4,4,4,1.0,VP007,봉천,VP003,상암,8,G3,F1,G4,F2,09:04:11,09:09:11,09:19:39,09:24:22,09:34:22,300.0,627.8,283.2,1211.0,266.04,0.0,ready,09:08:54,644.6,8,"[""봉천 F1"", ""신림동"", ""신림동 2"", ""영등포"", ""지점 11"", ""선유도 17고지"", ""합정동"", ""상암 F2""]"
7b768b2566f7,2026-10-10,FPL000350,UAM0014,a4,4,4,1.0,VP009,성수,VP014,가산,8,G3,F1,G5,F2,09:03:02,09:08:02,09:22:50,09:27:34,09:37:34,300.0,888.8,283.2,1472.0,186.16,0.0,ready,09:07:45,905.6,18,"[""성수 F1"", ""성수대교 남단"", ""신사동"", ""신사동 2"", ""잠원동 2"", ""반포동"", ""이촌동"", ""이촌동 2"", ""이촌2동"", ""지점 14"", ""지점 13"", ""영등포"", ""신도림동"", ""문래동5가"", ""신도림동 2"", ""신정6동"", ""구로동"", ""가산 F2""]"
7b768b2566f7,2026-10-10,FPL000351,UAM0020,a4,4,4,1.0,VP008,사당,VP013,강남,9,G1,F1,G6,F2,09:00:34,09:06:23,09:34:18,09:39:16,09:49:16,348.58,1675.46,297.28,2321.32,34.5,1195.76,ready,09:06:06,1692.26,7,"[""사당 F1"", ""방배동"", ""지점 19"", ""경부고속도로 양재천 다리"", ""지점 21"", ""서초2동 2"", ""강남 F2""]"
7b768b2566f7,2026-10-10,FPL000352,UAM0093,a4,4,4,1.0,VP017,수서,VP011,천호,9,G3,F1,G2,F2,09:00:59,09:09:51,09:40:10,09:46:15,09:56:15,532.08,1819.02,365.44,2716.54,218.0,1326.12,ready,09:09:34,1835.82,9,"[""수서 F1"", ""개포3동"", ""잠실7동"", ""지점 3"", ""자양2동"", ""잠실대교 중간지점"", ""지점 4"", ""천호대교 중간지점"", ""천호 F2""]"
7b768b2566f7,2026-10-10,FPL000353,UAM0067,a4,4,4,1.0,VP016,망우,VP001,여의도,9,G3,F1,G2,F2,09:04:15,09:10:26,09:30:34,09:35:31,09:45:31,371.6,1207.38,297.28,1876.26,257.76,314.38,ready,09:10:10,1224.18,18,"[""망우 F1"", ""중랑철교"", ""중랑천 제방길"", ""지점"", ""중곡1동"", ""송정동"", ""지점 12"", ""응봉동"", ""신사동"", ""신사동 2"", ""잠원동 2"", ""반포동"", ""이촌동"", ""이촌동 2"", ""이촌2동"", ""여의동 2"", ""지점 32"", ""여의도 F2""]"
7b768b2566f7,2026-10-10,FPL000354,UAM0039,a4,4,4,1.0,VP013,강남,VP008,사당,9,G7,F1,G4,F2,09:08:41,09:13:41,09:23:02,09:27:45,09:37:45,300.0,560.2,283.2,1143.4,446.8,81.5,ready,09:13:25,577.0,7,"[""강남 F1"", ""서초2동 2"", ""지점 21"", ""경부고속도로 양재천 다리"", ""지점 19"", ""방배동"", ""사당 F2""]"
7b768b2566f7,2026-10-10,FPL000355,UAM0019,a4,4,4,1.0,VP011,천호,VP013,강남,9,G8,F1,G4,F2,09:20:35,09:33:10,10:03:16,10:09:07,10:19:07,754.88,1805.8,351.36,2912.04,1562.96,1054.8,ready,09:32:53,1822.6,17,"[""천호 F1"", ""천호대교 중간지점"", ""지점 4"", ""잠실대교 중간지점"", ""자양2동"", ""지점 3"", ""잠실7동"", ""대치교"", ""지점 6"", ""지점 7"", ""지점 8"", ""지점 10"", ""양재동"", ""경부고속도로 양재천 다리"", ""지점 21"", ""서초2동 2"", ""강남 F2""]"
7b768b2566f7,2026-10-10,FPL000356,UAM0024,a4,4,4,1.0,VP010,연신내,VP016,망우,9,G6,F1,G1,F2,09:06:32,09:11:32,09:34:37,09:39:34,09:49:34,300.0,1385.2,297.28,1982.48,259.38,0.0,ready,09:11:15,1402.0,31,"[""연신내 F1"", ""지점 23"", ""향동동"", ""지점 24"", ""수색교"", ""지점 25"", ""상암동"", ""성산대교 중간지점"", ""선유도 17고지"", ""합정동"", ""서교동"", ""동교동"", ""20통"", ""대현동"", ""아현동"", ""충정로3가"", ""남영동"", ""회현동2가"", ""후암동"", ""지점 39"", ""약수동"", ""신사동"", ""응봉동"", ""지점 12"", ""송정동"", ""중곡1동"", ""지점"", ""중랑천 제방길"", ""중랑철교"", ""중화동"", ""망우 F2""]"
7b768b2566f7,2026-10-10,FPL000357,UAM0040,a4,4,4,1.0,VP003,상암,VP009,성수,9,G1,F1,G2,F2,09:02:58,09:11:59,09:24:15,09:29:13,09:39:13,541.16,735.96,297.28,1574.4,227.08,60.96,ready,09:11:43,752.76,15,"[""상암 F1"", ""서교동"", ""동교동"", ""20통"", ""대현동"", ""아현동"", ""충정로3가"", ""남영동"", ""회현동2가"", ""후암동"", ""지점 39"", ""약수동"", ""신사동"", ""성수대교 남단"", ""성수 F2""]"
7b768b2566f7,2026-10-10,FPL000358,UAM0002,a4,4,4,1.0,VP014,가산,VP008,사당,9,G3,F1,G1,F2,09:03:52,09:18:39,09:28:39,09:33:37,09:43:37,886.96,600.7,297.28,1784.94,572.88,0.0,ready,09:18:22,617.5,11,"[""가산 F1"", ""가산동"", ""지점 9"", ""신사동 3"", ""신림동 2"", ""신림동"", ""은천동"", ""봉천동"", ""행운동"", ""인헌동"", ""사당 F2""]"
7b768b2566f7,2026-10-10,FPL000359,UAM0069,a4,4,4,1.0,VP007,봉천,VP018,인천,9,G4,F1,G7,F2,09:08:32,09:14:32,09:37:09,09:41:52,09:51:52,360.0,1356.9,283.2,2000.1,326.04,0.0,ready,09:14:15,1373.7,18,"[""봉천 F1"", ""신림동"", ""신림동 2"", ""신사동 3"", ""지점 9"", ""가산동"", ""지점 17"", ""지점 31"", ""지점 30"", ""지점 29"", ""지점 37"", ""간석3동"", ""지점 28"", ""지점 27"", ""지점 26"", ""영종동"", ""운북동"", ""인천 F2""]"
7b768b2566f7,2026-10-10,FPL000360,UAM0021,a4,4,4,1.0,VP009,성수,VP001,여의도,9,G4,F1,G1,F2,09:04:16,09:13:22,09:26:13,09:31:10,09:41:10,546.16,770.96,297.28,1614.4,246.16,118.06,ready,09:13:05,787.76,12,"[""성수 F1"", ""성수대교 남단"", ""신사동"", ""신사동 2"", ""잠원동 2"", ""반포동"", ""이촌동"", ""이촌동 2"", ""이촌2동"", ""여의동 2"", ""지점 32"", ""여의도 F2""]"
7b768b2566f7,2026-10-10,FPL000361,UAM0081,a4,4,4,1.0,VP004,용산,VP011,천호,9,G4,F1,G7,F2,09:12:16,09:17:16,09:48:51,09:56:14,10:06:14,300.0,1895.32,443.2,2638.52,434.66,1262.32,ready,09:16:59,1912.12,18,"[""용산 F1"", ""한강로2가"", ""한강로1가"", ""청파동1가"", ""남영동"", ""회현동2가"", ""후암동"", ""지점 39"", ""약수동"", ""신사동"", ""성수대교 남단"", ""지점 2"", ""청담대교 중간지점"", ""자양2동"", ""잠실대교 중간지점"", ""지점 4"", ""천호대교 중간지점"", ""천호 F2""]"
7b768b2566f7,2026-10-10,FPL000362,UAM0058,a4,4,4,1.0,VP017,수서,VP016,망우,9,G5,F1,G4,F2,09:06:23,09:15:12,09:29:19,09:34:02,09:44:02,529.02,846.94,283.2,1659.16,306.16,143.94,ready,09:14:55,863.74,13,"[""수서 F1"", ""개포3동"", ""잠실7동"", ""지점 3"", ""청담대교 중간지점"", ""건대입구"", ""송정동"", ""중곡1동"", ""지점"", ""중랑천 제방길"", ""중랑철교"", ""중화동"", ""망우 F2""]"
7b768b2566f7,2026-10-10,FPL000363,UAM0100,a4,4,4,1.0,VP018,인천,VP013,강남,9,G7,F1,G1,F2,09:14:08,09:19:08,10:07:36,10:13:02,10:23:02,300.0,2908.38,325.44,3533.82,520.28,1206.38,ready,09:18:51,2925.18,29,"[""인천 F1"", ""운북동"", ""영종동"", ""지점 26"", ""지점 27"", ""지점 28"", ""간석3동"", ""지점 37"", ""지점 29"", ""지점 30"", ""지점 31"", ""지점 17"", ""가산동"", ""지점 9"", ""신사동 3"", ""신림동 2"", ""신림동"", ""은천동"", ""봉천동"", ""행운동"", ""인헌동"", ""남현동"", ""방배2동"", ""방배동"", ""지점 19"", ""경부고속도로 양재천 다리"", ""지점 21"", ""서초2동 2"", ""강남 F2""]"
7b768b2566f7,2026-10-10,FPL000364,UAM0084,a4,4,4,1.0,VP016,망우,VP007,봉천,9,G4,F1,G4,F2,09:08:35,09:15:47,09:31:23,09:36:06,09:46:06,431.6,935.84,283.2,1650.64,317.76,48.74,ready,09:15:30,952.64,24,"[""망우 F1"", ""중랑철교"", ""중랑천 제방길"", ""지점"", ""중곡1동"", ""송정동"", ""지점 12"", ""응봉동"", ""신사동"", ""신사동 2"", ""잠원동 2"", ""반포동"", ""이촌동"", ""동작동 2"", ""동작동"", ""방배4동"", ""사당1동 2"", ""사당1동"", ""방배2동"", ""남현동"", ""인헌동"", ""행운동"", ""봉천동"", ""봉천 F2""]"
7b768b2566f7,2026-10-10,FPL000365,UAM0043,a4,4,4,1.0,VP013,강남,VP008,사당,9,G8,F1,G2,F2,09:17:23,09:22:23,09:33:00,09:37:57,09:47:57,300.0,637.34,297.28,1234.62,707.44,158.64,ready,09:22:06,654.14,7,"[""강남 F1"", ""서초2동 2"", ""지점 21"", ""경부고속도로 양재천 다리"", ""지점 19"", ""방배동"", ""사당 F2""]"
7b768b2566f7,2026-10-10,FPL000366,UAM0015,a4,4,4,1.0,VP008,사당,VP002,잠실,9,G3,F1,G3,F2,09:05:58,09:11:44,09:27:04,09:32:01,09:42:01,345.52,920.2,297.28,1563.0,45.52,373.2,ready,09:11:27,937.0,12,"[""사당 F1"", ""방배동"", ""지점 19"", ""경부고속도로 양재천 다리"", ""양재동"", ""지점 10"", ""지점 8"", ""지점 7"", ""지점 6"", ""대치교"", ""잠실7동"", ""잠실 F2""]"
7b768b2566f7,2026-10-10,FPL000367,UAM0017,a4,4,4,1.0,VP002,잠실,VP015,마곡,9,G5,F1,G5,F2,09:18:49,09:23:49,09:46:44,09:51:41,10:01:41,300.0,1374.3,297.28,1971.58,707.44,181.9,ready,09:23:33,1391.1,25,"[""잠실 F1"", ""지점 3"", ""청담대교 중간지점"", ""지점 2"", ""성수대교 남단"", ""신사동"", ""약수동"", ""지점 39"", ""후암동"", ""회현동2가"", ""남영동"", ""충정로3가"", ""아현동"", ""대현동"", ""20통"", ""동교동"", ""서교동"", ""합정동"", ""선유도 17고지"", ""성산대교 중간지점"", ""상암동"", ""덕은동"", ""개화동"", ""하야동 2"", ""마곡 F2""]"
7b768b2566f7,2026-10-10,FPL000368,UAM0056,a4,4,4,1.0,VP003,상암,VP011,천호,9,G3,F1,G8,F2,09:15:41,09:20:41,09:53:12,10:06:56,10:16:56,300.0,1951.14,823.84,3074.98,515.88,1600.28,ready,09:20:24,1967.94,21,"[""상암 F1"", ""서교동"", ""동교동"", ""20통"", ""대현동"", ""아현동"", ""충정로3가"", ""남영동"", ""회현동2가"", ""후암동"", ""지점 39"", ""약수동"", ""신사동"", ""성수대교 남단"", ""지점 2"", ""청담대교 중간지점"", ""자양2동"", ""잠실대교 중간지점"", ""지점 4"", ""천호대교 중간지점"", ""천호 F2""]"
7b768b2566f7,2026-10-10,FPL000369,UAM0064,a4,4,4,1.0,VP011,천호,VP003,상암,9,G5,F1,G3,F2,09:20:49,09:38:30,09:53:33,09:58:16,10:08:16,1061.44,902.6,283.2,2247.24,1534.8,0.0,ready,09:38:14,919.4,22,"[""천호 F1"", ""천호대교 중간지점"", ""지점 4"", ""잠실대교 중간지점"", ""자양2동"", ""청담대교 중간지점"", ""지점 2"", ""성수대교 남단"", ""신사동"", ""약수동"", ""지점 39"", ""후암동"", ""회현동2가"", ""남영동"", ""충정로3가"", ""아현동"", ""대현동"", ""20통"", ""동교동"", ""서교동"", ""합정동"", ""상암 F2""]"
7b768b2566f7,2026-10-10,FPL000370,UAM0062,a4,4,4,1.0,VP012,광화문,VP003,상암,9,G4,F1,G1,F2,09:08:07,09:13:07,09:25:19,09:30:16,09:40:16,300.0,732.3,297.28,1329.58,0,300.0,ready,09:12:50,749.1,9,"[""광화문 F1"", ""충정로3가"", ""아현동"", ""대현동"", ""20통"", ""동교동"", ""서교동"", ""합정동"", ""상암 F2""]"
7b768b2566f7,2026-10-10,FPL000371,UAM0042,a4,4,4,1.0,VP009,성수,VP006,미아,9,G1,F1,G1,F2,09:08:51,09:18:52,09:33:33,09:38:31,09:48:31,600.78,881.72,297.28,1779.78,286.7,80.12,ready,09:18:35,898.52,15,"[""성수 F1"", ""지점 2"", ""청담대교 중간지점"", ""건대입구"", ""송정동"", ""중곡1동"", ""지점"", ""중랑천 제방길"", ""중랑철교"", ""중화동"", ""월릉교"", ""공릉1동 2"", ""월계3동"", ""월계동"", ""미아 F2""]"
7b768b2566f7,2026-10-10,FPL000372,UAM0025,a4,4,4,1.0,VP017,수서,VP003,상암,9,G4,F1,G3,F2,09:15:18,09:20:32,09:35:11,09:39:55,09:49:55,314.3,879.2,283.2,1476.7,338.0,0.0,ready,09:20:15,896.0,21,"[""수서 F1"", ""개포3동"", ""잠실7동"", ""지점 3"", ""청담대교 중간지점"", ""지점 2"", ""성수대교 남단"", ""신사동"", ""약수동"", ""지점 39"", ""후암동"", ""회현동2가"", ""남영동"", ""충정로3가"", ""아현동"", ""대현동"", ""20통"", ""동교동"", ""서교동"", ""합정동"", ""상암 F2""]"
7b768b2566f7,2026-10-10,FPL000373,UAM0027,a4,4,4,1.0,VP016,망우,VP001,여의도,9,G1,F1,G4,F2,09:10:04,09:21:08,09:41:01,09:45:44,09:55:44,663.68,1193.0,283.2,2139.88,349.6,300.0,ready,09:20:51,1209.8,18,"[""망우 F1"", ""중랑철교"", ""중랑천 제방길"", ""지점"", ""중곡1동"", ""송정동"", ""지점 12"", ""응봉동"", ""신사동"", ""신사동 2"", ""잠원동 2"", ""반포동"", ""이촌동"", ""이촌동 2"", ""이촌2동"", ""여의동 2"", ""지점 32"", ""여의도 F2""]"
7b768b2566f7,2026-10-10,FPL000374,UAM0061,a4,4,4,1.0,VP013,강남,VP011,천호,9,G5,F1,G1,F2,09:26:18,09:31:32,10:15:34,10:24:00,10:34:00,314.08,2642.36,505.44,3461.88,968.08,2018.76,ready,09:31:15,2659.16,17,"[""강남 F1"", ""서초2동 2"", ""지점 21"", ""경부고속도로 양재천 다리"", ""양재동"", ""지점 10"", ""지점 8"", ""지점 7"", ""지점 6"", ""대치교"", ""잠실7동"", ""지점 3"", ""자양2동"", ""잠실대교 중간지점"", ""지점 4"", ""천호대교 중간지점"", ""천호 F2""]"
7b768b2566f7,2026-10-10,FPL000375,UAM0072,a4,4,4,1.0,VP002,잠실,VP007,봉천,9,G6,F1,G1,F2,09:23:10,09:29:10,09:40:04,09:45:01,09:55:01,360.0,654.1,297.28,1311.38,767.44,0.0,ready,09:28:53,670.9,17,"[""잠실 F1"", ""잠실7동"", ""대치교"", ""지점 6"", ""지점 7"", ""지점 8"", ""지점 10"", ""양재동"", ""경부고속도로 양재천 다리"", ""지점 19"", ""방배동"", ""방배2동"", ""남현동"", ""인헌동"", ""행운동"", ""봉천동"", ""봉천 F2""]"
7b768b2566f7,2026-10-10,FPL000376,UAM0035,a4,4,4,1.0,VP011,천호,VP009,성수,9,G6,F1,G2,F2,09:29:50,09:43:51,09:52:50,09:57:47,10:07:47,841.44,538.62,297.28,1677.34,1534.8,60.42,ready,09:43:34,555.42,8,"[""천호 F1"", ""천호대교 중간지점"", ""지점 4"", ""잠실대교 중간지점"", ""자양2동"", ""청담대교 중간지점"", ""지점 2"", ""성수 F2""]"
7b768b2566f7,2026-10-10,FPL000377,UAM0018,a4,4,4,1.0,VP009,성수,VP015,마곡,9,G2,F1,G8,F2,09:13:57,09:24:12,09:42:23,09:47:06,09:57:06,614.72,1090.8,283.2,1988.72,346.7,0.0,ready,09:23:55,1107.6,22,"[""성수 F1"", ""성수대교 남단"", ""신사동"", ""약수동"", ""지점 39"", ""후암동"", ""회현동2가"", ""남영동"", ""충정로3가"", ""아현동"", ""대현동"", ""20통"", ""동교동"", ""서교동"", ""합정동"", ""선유도 17고지"", ""성산대교 중간지점"", ""상암동"", ""덕은동"", ""개화동"", ""하야동 2"", ""마곡 F2""]"
7b768b2566f7,2026-10-10,FPL000378,UAM0013,a4,4,4,1.0,VP011,천호,VP007,봉천,9,G1,F1,G4,F2,09:13:50,09:49:12,10:03:23,10:08:06,10:18:06,2121.36,851.6,283.2,3256.16,1779.12,0.0,ready,09:48:55,868.4,22,"[""천호 F1"", ""천호대교 중간지점"", ""지점 4"", ""잠실대교 중간지점"", ""자양2동"", ""지점 3"", ""잠실7동"", ""대치교"", ""지점 6"", ""지점 7"", ""지점 8"", ""지점 10"", ""양재동"", ""경부고속도로 양재천 다리"", ""지점 19"", ""방배동"", ""방배2동"", ""남현동"", ""인헌동"", ""행운동"", ""봉천동"", ""봉천 F2""]"
7b768b2566f7,2026-10-10,FPL000379,UAM0060,a4,4,4,1.0,VP007,봉천,VP012,광화문,9,G1,F1,G3,F2,09:14:21,09:20:12,09:31:03,09:35:46,09:45:46,351.18,650.76,283.2,1285.14,37.1,3.86,ready,09:19:55,667.56,13,"[""봉천 F1"", ""봉천동"", ""지점 38"", ""상도1동 2"", ""상도1동"", ""상도터널"", ""이촌동 2"", ""한강로3가"", ""한강로2가"", ""한강로1가"", ""청파동1가"", ""남영동"", ""광화문 F2""]"
7b768b2566f7,2026-10-10,FPL000380,UAM0070,a4,4,4,1.0,VP016,망우,VP001,여의도,9,G2,F1,G1,F2,09:14:34,09:26:28,09:46:21,09:51:19,10:01:19,714.32,1193.0,297.28,2204.6,409.6,300.0,ready,09:26:12,1209.8,18,"[""망우 F1"", ""중랑철교"", ""중랑천 제방길"", ""지점"", ""중곡1동"", ""송정동"", ""지점 12"", ""응봉동"", ""신사동"", ""신사동 2"", ""잠원동 2"", ""반포동"", ""이촌동"", ""이촌동 2"", ""이촌2동"", ""여의동 2"", ""지점 32"", ""여의도 F2""]"
7b768b2566f7,2026-10-10,FPL000381,UAM0098,a4,4,4,1.0,VP013,강남,VP015,마곡,9,G6,F1,G8,F2,09:34:59,09:40:13,10:04:06,10:08:49,10:18:49,314.08,1432.8,283.2,2030.08,1228.72,371.6,ready,09:39:57,1449.6,20,"[""강남 F1"", ""반포1동"", ""주흥교"", ""잠원동"", ""잠원동 2"", ""반포동"", ""이촌동"", ""이촌동 2"", ""이촌2동"", ""여의동 2"", ""지점 32"", ""서강대교 중간지점"", ""지점 5"", ""선유도 17고지"", ""성산대교 중간지점"", ""상암동"", ""덕은동"", ""개화동"", ""하야동 2"", ""마곡 F2""]"
7b768b2566f7,2026-10-10,FPL000382,UAM0085,a4,4,4,1.0,VP018,인천,VP010,연신내,9,G8,F1,G3,F2,09:15:22,09:24:28,09:47:50,09:52:47,10:02:47,546.16,1401.58,297.28,2245.02,246.16,47.18,ready,09:24:12,1418.38,18,"[""인천 F1"", ""운북동"", ""영종동"", ""영종대교"", ""지점 22"", ""시천동 아라로"", ""목상동"", ""선주지동"", ""하야동"", ""하야동 2"", ""개화동"", ""덕은동"", ""지점 25"", ""수색교"", ""지점 24"", ""향동동"", ""지점 23"", ""연신내 F2""]"
7b768b2566f7,2026-10-10,FPL000383,UAM0068,a4,4,4,1.0,VP014,가산,VP013,강남,9,G5,F1,G8,F2,09:19:50,09:24:50,09:43:00,09:57:57,10:07:57,300.0,1090.16,897.76,2287.92,242.36,819.92,ready,09:24:33,1106.96,18,"[""가산 F1"", ""가산동"", ""지점 9"", ""신사동 3"", ""신림동 2"", ""신림동"", ""은천동"", ""봉천동"", ""행운동"", ""인헌동"", ""남현동"", ""방배2동"", ""방배동"", ""지점 19"", ""경부고속도로 양재천 다리"", ""지점 21"", ""서초2동 2"", ""강남 F2""]"
7b768b2566f7,2026-10-10,FPL000384,UAM0052,a4,4,4,1.0,VP002,잠실,VP017,수서,9,G3,F1,G5,F2,09:19:03,09:34:31,09:39:56,09:44:39,09:54:39,927.2,325.0,283.2,1535.4,799.28,0.0,ready,09:34:14,341.8,4,"[""잠실 F1"", ""잠실7동"", ""개포3동"", ""수서 F2""]"
7b768b2566f7,2026-10-10,FPL000385,UAM0036,a4,4,4,1.0,VP017,수서,VP006,미아,9,G6,F1,G4,F2,09:19:25,09:25:53,09:39:56,09:44:39,09:54:39,388.38,842.7,283.2,1514.28,274.54,0.0,ready,09:25:36,859.5,17,"[""수서 F1"", ""개포3동"", ""잠실7동"", ""지점 3"", ""청담대교 중간지점"", ""건대입구"", ""송정동"", ""중곡1동"", ""지점"", ""중랑천 제방길"", ""중랑철교"", ""중화동"", ""월릉교"", ""공릉1동 2"", ""월계3동"", ""월계동"", ""미아 F2""]"
7b768b2566f7,2026-10-10,FPL000386,UAM0004,a4,4,4,1.0,VP010,연신내,VP001,여의도,9,G5,F1,G3,F2,09:19:33,09:24:33,09:35:47,09:40:30,09:50:30,300.0,674.7,283.2,1257.9,185.08,0.0,ready,09:24:16,691.5,11,"[""연신내 F1"", ""지점 23"", ""향동동"", ""지점 24"", ""수색교"", ""지점 25"", ""상암동"", ""성산대교 중간지점"", ""선유도 17고지"", ""지점 11"", ""여의도 F2""]"
7b768b2566f7,2026-10-10,FPL000387,UAM0086,a4,4,4,1.0,VP003,상암,VP018,인천,9,G4,F1,G8,F2,09:20:01,09:26:01,09:46:23,09:51:06,10:01:06,360.0,1221.2,283.2,1864.4,246.16,0.0,ready,09:25:45,1238.0,14,"[""상암 F1"", ""지점 25"", ""덕은동"", ""개화동"", ""하야동 2"", ""하야동"", ""선주지동"", ""목상동"", ""시천동 아라로"", ""지점 22"", ""영종대교"", ""영종동"", ""운북동"", ""인천 F2""]"
7b768b2566f7,2026-10-10,FPL000388,UAM0034,a4,4,4,1.0,VP004,용산,VP011,천호,9,G3,F1,G4,F2,09:17:51,09:22:51,09:57:33,10:07:44,10:17:44,300.0,2081.48,611.36,2992.84,0,1588.48,ready,09:22:34,2098.28,18,"[""용산 F1"", ""한강로2가"", ""한강로1가"", ""청파동1가"", ""남영동"", ""회현동2가"", ""후암동"", ""지점 39"", ""약수동"", ""신사동"", ""성수대교 남단"", ""지점 2"", ""청담대교 중간지점"", ""자양2동"", ""잠실대교 중간지점"", ""지점 4"", ""천호대교 중간지점"", ""천호 F2""]"
7b768b2566f7,2026-10-10,FPL000389,UAM0088,a4,4,4,1.0,VP011,천호,VP001,여의도,9,G2,F1,G2,F2,09:41:19,09:54:32,10:10:12,10:15:09,10:25:09,793.28,939.64,297.28,2030.2,1839.12,81.64,ready,09:54:16,956.44,18,"[""천호 F1"", ""천호대교 중간지점"", ""지점 4"", ""잠실대교 중간지점"", ""자양2동"", ""청담대교 중간지점"", ""지점 2"", ""성수대교 남단"", ""신사동"", ""신사동 2"", ""잠원동 2"", ""반포동"", ""이촌동"", ""이촌동 2"", ""이촌2동"", ""여의동 2"", ""지점 32"", ""여의도 F2""]"
7b768b2566f7,2026-10-10,FPL000390,UAM0051,a4,4,4,1.0,VP007,봉천,VP016,망우,9,G3,F1,G3,F2,09:18:27,09:25:33,09:41:14,09:45:57,09:55:57,425.26,941.1,283.2,1649.56,125.26,0.0,ready,09:25:16,957.9,25,"[""봉천 F1"", ""봉천동"", ""행운동"", ""인헌동"", ""남현동"", ""방배2동"", ""사당1동"", ""사당1동 2"", ""방배4동"", ""동작동"", ""동작동 2"", ""이촌동"", ""반포동"", ""잠원동 2"", ""신사동 2"", ""신사동"", ""응봉동"", ""지점 12"", ""송정동"", ""중곡1동"", ""지점"", ""중랑천 제방길"", ""중랑철교"", ""중화동"", ""망우 F2""]"
7b768b2566f7,2026-10-10,FPL000391,UAM0077,a4,4,4,1.0,VP016,망우,VP017,수서,9,G3,F1,G6,F2,09:25:25,09:31:49,09:44:16,09:48:59,09:58:59,384.28,747.26,283.2,1414.74,497.76,88.06,ready,09:31:32,764.06,12,"[""망우 F1"", ""중랑철교"", ""중랑천 제방길"", ""지점"", ""중곡1동"", ""송정동"", ""건대입구"", ""청담대교 중간지점"", ""지점 3"", ""잠실7동"", ""개포3동"", ""수서 F2""]"
7b768b2566f7,2026-10-10,FPL000392,UAM0046,a4,4,4,1.0,VP013,강남,VP017,수서,9,G3,F1,G5,F2,09:35:13,09:45:34,09:56:17,10:01:00,10:11:00,620.64,643.1,283.2,1546.94,1260.56,0.0,ready,09:45:17,659.9,13,"[""강남 F1"", ""서초2동 2"", ""지점 21"", ""경부고속도로 양재천 다리"", ""양재동"", ""지점 10"", ""지점 8"", ""지점 7"", ""지점 6"", ""대치교"", ""잠실7동"", ""개포3동"", ""수서 F2""]"
7b768b2566f7,2026-10-10,FPL000393,UAM0055,a4,4,4,1.0,VP018,인천,VP016,망우,9,G5,F1,G1,F2,09:19:57,09:29:49,10:05:16,10:10:13,10:20:13,592.08,2126.58,297.28,3015.94,278.0,48.78,ready,09:29:32,2143.38,37,"[""인천 F1"", ""운북동"", ""영종동"", ""영종대교"", ""지점 22"", ""시천동 아라로"", ""목상동"", ""선주지동"", ""하야동"", ""하야동 2"", ""개화동"", ""덕은동"", ""상암동"", ""성산대교 중간지점"", ""선유도 17고지"", ""합정동"", ""서교동"", ""동교동"", ""20통"", ""대현동"", ""아현동"", ""충정로3가"", ""남영동"", ""회현동2가"", ""후암동"", ""지점 39"", ""약수동"", ""신사동"", ""응봉동"", ""지점 12"", ""송정동"", ""중곡1동"", ""지점"", ""중랑천 제방길"", ""중랑철교"", ""중화동"", ""망우 F2""]"
7b768b2566f7,2026-10-10,FPL000394,UAM0026,a4,4,4,1.0,VP002,잠실,VP013,강남,9,G4,F1,G6,F2,09:27:37,09:39:51,10:11:57,10:16:54,10:26:54,734.72,1925.58,297.28,2957.58,859.28,1332.08,ready,09:39:34,1942.38,12,"[""잠실 F1"", ""잠실7동"", ""대치교"", ""지점 6"", ""지점 7"", ""지점 8"", ""지점 10"", ""양재동"", ""경부고속도로 양재천 다리"", ""지점 21"", ""서초2동 2"", ""강남 F2""]"
7b768b2566f7,2026-10-10,FPL000395,UAM0083,a4,4,4,1.0,VP017,수서,VP011,천호,9,G5,F1,G5,F2,09:20:39,09:31:14,10:06:53,10:12:30,10:22:30,634.54,2139.66,337.28,3111.48,334.54,1646.76,ready,09:30:57,2156.46,9,"[""수서 F1"", ""개포3동"", ""잠실7동"", ""지점 3"", ""자양2동"", ""잠실대교 중간지점"", ""지점 4"", ""천호대교 중간지점"", ""천호 F2""]"
7b768b2566f7,2026-10-10,FPL000396,UAM0065,a4,4,4,1.0,VP003,상암,VP010,연신내,9,G1,F1,G5,F2,09:21:30,09:31:22,09:38:09,09:42:52,09:52:52,592.08,406.7,283.2,1281.98,278.0,0.0,ready,09:31:05,423.5,7,"[""상암 F1"", ""지점 25"", ""수색교"", ""지점 24"", ""향동동"", ""지점 23"", ""연신내 F2""]"
7b768b2566f7,2026-10-10,FPL000397,UAM0032,a4,4,4,1.0,VP011,천호,VP007,봉천,9,G3,F1,G3,F2,09:46:06,09:59:53,10:14:05,10:18:48,10:28:48,827.36,851.6,283.2,1962.16,1927.28,0.0,ready,09:59:36,868.4,22,"[""천호 F1"", ""천호대교 중간지점"", ""지점 4"", ""잠실대교 중간지점"", ""자양2동"", ""지점 3"", ""잠실7동"", ""대치교"", ""지점 6"", ""지점 7"", ""지점 8"", ""지점 10"", ""양재동"", ""경부고속도로 양재천 다리"", ""지점 19"", ""방배동"", ""방배2동"", ""남현동"", ""인헌동"", ""행운동"", ""봉천동"", ""봉천 F2""]"
7b768b2566f7,2026-10-10,FPL000398,UAM0023,a4,4,4,1.0,VP004,용산,VP009,성수,9,G1,F1,G3,F2,09:22:26,09:28:12,09:37:48,09:42:31,09:52:31,345.92,576.4,283.2,1205.52,31.84,0.0,ready,09:27:55,593.2,12,"[""용산 F1"", ""한강로2가"", ""한강로1가"", ""청파동1가"", ""남영동"", ""회현동2가"", ""후암동"", ""지점 39"", ""약수동"", ""신사동"", ""성수대교 남단"", ""성수 F2""]"
7b768b2566f7,2026-10-10,FPL000399,UAM0008,a4,4,4,1.0,VP013,강남,VP001,여의도,9,G7,F1,G4,F2,09:39:06,09:50:55,10:01:31,10:06:14,10:16:14,708.8,636.0,283.2,1628.0,1376.88,0.0,ready,09:50:38,652.8,12,"[""강남 F1"", ""반포1동"", ""주흥교"", ""잠원동"", ""잠원동 2"", ""반포동"", ""이촌동"", ""이촌동 2"", ""이촌2동"", ""여의동 2"", ""지점 32"", ""여의도 F2""]"
7b768b2566f7,2026-10-10,FPL000400,UAM0028,a4,4,4,1.0,VP009,성수,VP013,강남,9,G3,F1,G3,F2,09:29:03,09:34:03,09:57:55,10:04:06,10:14:06,300.0,1432.02,371.36,2103.38,315.58,1022.02,ready,09:33:46,1448.82,9,"[""성수 F1"", ""성수대교 남단"", ""신사동"", ""신사동 2"", ""잠원동 2"", ""잠원동"", ""주흥교"", ""반포1동"", ""강남 F2""]"
7b768b2566f7,2026-10-10,FPL000401,UAM0038,a4,4,4,1.0,VP018,인천,VP016,망우,9,G6,F1,G2,F2,09:24:18,09:35:10,10:09:48,10:14:45,10:24:45,652.08,2077.8,297.28,3027.16,338.0,0.0,ready,09:34:53,2094.6,37,"[""인천 F1"", ""운북동"", ""영종동"", ""영종대교"", ""지점 22"", ""시천동 아라로"", ""목상동"", ""선주지동"", ""하야동"", ""하야동 2"", ""개화동"", ""덕은동"", ""상암동"", ""성산대교 중간지점"", ""선유도 17고지"", ""합정동"", ""서교동"", ""동교동"", ""20통"", ""대현동"", ""아현동"", ""충정로3가"", ""남영동"", ""회현동2가"", ""후암동"", ""지점 39"", ""약수동"", ""신사동"", ""응봉동"", ""지점 12"", ""송정동"", ""중곡1동"", ""지점"", ""중랑천 제방길"", ""중랑철교"", ""중화동"", ""망우 F2""]"
7b768b2566f7,2026-10-10,FPL000402,UAM0033,a4,4,4,1.0,VP016,망우,VP010,연신내,9,G4,F1,G5,F2,09:29:45,09:37:10,09:59:20,10:04:04,10:14:04,444.28,1330.7,283.2,2058.18,465.76,0.0,ready,09:36:53,1347.5,30,"[""망우 F1"", ""중랑철교"", ""중랑천 제방길"", ""지점"", ""중곡1동"", ""송정동"", ""지점 12"", ""응봉동"", ""신사동"", ""약수동"", ""지점 39"", ""후암동"", ""회현동2가"", ""남영동"", ""충정로3가"", ""아현동"", ""대현동"", ""20통"", ""동교동"", ""서교동"", ""합정동"", ""선유도 17고지"", ""성산대교 중간지점"", ""상암동"", ""지점 25"", ""수색교"", ""지점 24"", ""향동동"", ""지점 23"", ""연신내 F2""]"
7b768b2566f7,2026-10-10,FPL000403,UAM0041,a4,4,4,1.0,VP002,잠실,VP017,수서,9,G1,F1,G3,F2,09:24:53,09:45:12,09:50:37,09:55:34,10:05:34,1219.28,325.0,297.28,1841.56,891.12,0.0,ready,09:44:55,341.8,4,"[""잠실 F1"", ""잠실7동"", ""개포3동"", ""수서 F2""]"
7b768b2566f7,2026-10-10,FPL000404,UAM0012,a4,4,4,1.0,VP005,목동,VP018,인천,9,G7,F1,G5,F2,09:25:04,09:30:04,09:50:58,09:55:56,10:05:56,300.0,1254.2,297.28,1851.48,0,0.0,ready,09:29:47,1271.0,15,"[""목동 F1"", ""신정6동"", ""구로동"", ""지점 17"", ""지점 31"", ""지점 30"", ""지점 29"", ""지점 37"", ""간석3동"", ""지점 28"", ""지점 27"", ""지점 26"", ""영종동"", ""운북동"", ""인천 F2""]"
7b768b2566f7,2026-10-10,FPL000405,UAM0053,a4,4,4,1.0,VP014,가산,VP015,마곡,9,G6,F1,G3,F2,09:27:38,09:32:38,09:55:25,10:00:36,10:10:36,300.0,1367.1,311.36,1978.46,152.28,537.0,ready,09:32:21,1383.9,12,"[""가산 F1"", ""구로동"", ""신정6동"", ""신도림동 2"", ""목1동"", ""양평동"", ""지점 18"", ""상암동"", ""덕은동"", ""개화동"", ""하야동 2"", ""마곡 F2""]"
7b768b2566f7,2026-10-10,FPL000406,UAM0090,a4,4,4,1.0,VP007,봉천,VP015,마곡,9,G4,F1,G6,F2,09:25:08,09:30:53,09:51:04,09:56:02,10:06:02,345.52,1210.98,297.28,1853.78,45.52,338.08,ready,09:30:36,1227.78,12,"[""봉천 F1"", ""신림동"", ""신림동 2"", ""영등포"", ""지점 11"", ""선유도 17고지"", ""성산대교 중간지점"", ""상암동"", ""덕은동"", ""개화동"", ""하야동 2"", ""마곡 F2""]"
7b768b2566f7,2026-10-10,FPL000407,UAM0097,a4,4,4,1.0,VP017,수서,VP009,성수,9,G3,F1,G4,F2,09:25:14,09:36:34,09:44:08,09:48:52,09:58:52,680.46,454.2,283.2,1417.86,366.38,0.0,ready,09:36:17,471.0,7,"[""수서 F1"", ""개포3동"", ""잠실7동"", ""지점 3"", ""청담대교 중간지점"", ""지점 2"", ""성수 F2""]"
7b768b2566f7,2026-10-10,FPL000408,UAM0006,a4,4,4,1.0,VP003,상암,VP010,연신내,9,G2,F1,G6,F2,09:30:21,09:36:43,09:43:29,09:48:13,09:58:13,382.12,406.7,283.2,1072.02,338.0,0.0,ready,09:36:26,423.5,7,"[""상암 F1"", ""지점 25"", ""수색교"", ""지점 24"", ""향동동"", ""지점 23"", ""연신내 F2""]"
7b768b2566f7,2026-10-10,FPL000409,UAM0099,a4,4,4,1.0,VP011,천호,VP014,가산,9,G7,F1,G6,F2,09:50:58,10:05:14,10:23:27,10:28:11,10:38:11,855.52,1093.9,283.2,2232.62,2043.6,0.0,ready,10:04:57,1110.7,24,"[""천호 F1"", ""천호대교 중간지점"", ""지점 4"", ""잠실대교 중간지점"", ""자양2동"", ""청담대교 중간지점"", ""지점 2"", ""성수대교 남단"", ""신사동"", ""신사동 2"", ""잠원동 2"", ""반포동"", ""이촌동"", ""이촌동 2"", ""이촌2동"", ""지점 14"", ""지점 13"", ""영등포"", ""신도림동"", ""문래동5가"", ""신도림동 2"", ""신정6동"", ""구로동"", ""가산 F2""]"
7b768b2566f7,2026-10-10,FPL000410,UAM0082,a4,4,4,1.0,VP006,미아,VP009,성수,9,G3,F1,G1,F2,09:28:45,09:33:45,09:48:29,09:53:26,10:03:26,300.0,883.9,297.28,1481.18,80.12,96.0,ready,09:33:28,900.7,15,"[""미아 F1"", ""월계동"", ""월계3동"", ""공릉1동 2"", ""월릉교"", ""중화동"", ""중랑철교"", ""중랑천 제방길"", ""지점"", ""중곡1동"", ""송정동"", ""건대입구"", ""청담대교 중간지점"", ""지점 2"", ""성수 F2""]"
7b768b2566f7,2026-10-10,FPL000411,UAM0057,a4,4,4,1.0,VP013,강남,VP017,수서,9,G4,F1,G6,F2,09:35:33,09:56:15,10:06:58,10:11:42,10:21:42,1241.92,643.1,283.2,2168.22,1380.56,0.0,ready,09:55:59,659.9,13,"[""강남 F1"", ""서초2동 2"", ""지점 21"", ""경부고속도로 양재천 다리"", ""양재동"", ""지점 10"", ""지점 8"", ""지점 7"", ""지점 6"", ""대치교"", ""잠실7동"", ""개포3동"", ""수서 F2""]"
7b768b2566f7,2026-10-10,FPL000412,UAM0048,a4,4,4,1.0,VP009,성수,VP012,광화문,9,G4,F1,G3,F2,09:29:23,09:39:24,09:46:48,09:51:31,10:01:31,600.64,444.6,283.2,1328.44,375.58,0.0,ready,09:39:07,461.4,8,"[""성수 F1"", ""성수대교 남단"", ""신사동"", ""약수동"", ""지점 39"", ""후암동"", ""회현동2가"", ""광화문 F2""]"
7b768b2566f7,2026-10-10,FPL000413,UAM0080,a4,4,4,1.0,VP002,잠실,VP016,망우,9,G2,F1,G3,F2,09:32:11,09:50:33,10:00:55,10:05:38,10:15:38,1101.28,622.5,283.2,2006.98,951.12,0.0,ready,09:50:16,639.3,11,"[""잠실 F1"", ""지점 3"", ""청담대교 중간지점"", ""건대입구"", ""송정동"", ""중곡1동"", ""지점"", ""중랑천 제방길"", ""중랑철교"", ""중화동"", ""망우 F2""]"
7b768b2566f7,2026-10-10,FPL000414,UAM0016,a4,4,4,1.0,VP010,연신내,VP008,사당,9,G6,F1,G3,F2,09:29:28,09:34:28,09:49:43,09:54:26,10:04:26,300.0,914.6,283.2,1497.8,0,0.0,ready,09:34:11,931.4,18,"[""연신내 F1"", ""지점 23"", ""향동동"", ""지점 24"", ""수색교"", ""지점 25"", ""상암동"", ""성산대교 중간지점"", ""선유도 17고지"", ""지점 11"", ""영등포"", ""신림동 2"", ""신림동"", ""은천동"", ""봉천동"", ""행운동"", ""인헌동"", ""사당 F2""]"
7b768b2566f7,2026-10-10,FPL000415,UAM0003,a4,4,4,1.0,VP017,수서,VP010,연신내,9,G4,F1,G6,F2,09:29:34,09:41:55,10:03:41,10:08:24,10:18:24,740.46,1306.16,283.2,2329.82,426.38,55.46,ready,09:41:38,1322.96,29,"[""수서 F1"", ""개포3동"", ""잠실7동"", ""지점 3"", ""청담대교 중간지점"", ""지점 2"", ""성수대교 남단"", ""신사동"", ""약수동"", ""지점 39"", ""후암동"", ""회현동2가"", ""남영동"", ""충정로3가"", ""아현동"", ""대현동"", ""20통"", ""동교동"", ""서교동"", ""합정동"", ""선유도 17고지"", ""성산대교 중간지점"", ""상암동"", ""지점 25"", ""수색교"", ""지점 24"", ""향동동"", ""지점 23"", ""연신내 F2""]"
7b768b2566f7,2026-10-10,FPL000416,UAM0074,a4,4,4,1.0,VP012,광화문,VP004,용산,9,G3,F1,G3,F2,09:31:30,09:36:30,09:42:24,09:47:07,09:57:07,300.0,354.0,283.2,937.2,109.94,0.0,ready,09:36:13,370.8,6,"[""광화문 F1"", ""남영동"", ""청파동1가"", ""한강로1가"", ""한강로2가"", ""용산 F2""]"
7b768b2566f7,2026-10-10,FPL000417,UAM0005,a4,4,4,1.0,VP003,상암,VP017,수서,9,G3,F1,G4,F2,09:34:27,09:42:03,10:00:38,10:05:35,10:15:35,456.2,1114.44,297.28,1867.92,426.16,256.54,ready,09:41:47,1131.24,20,"[""상암 F1"", ""서교동"", ""동교동"", ""20통"", ""대현동"", ""아현동"", ""충정로3가"", ""남영동"", ""회현동2가"", ""후암동"", ""지점 39"", ""약수동"", ""신사동"", ""성수대교 남단"", ""지점 2"", ""청담대교 중간지점"", ""지점 3"", ""잠실7동"", ""개포3동"", ""수서 F2""]"
7b768b2566f7,2026-10-10,FPL000418,UAM0089,a4,4,4,1.0,VP014,가산,VP009,성수,9,G3,F1,G1,F2,09:29:59,09:37:58,10:07:38,10:12:35,10:22:35,479.06,1779.3,297.28,2555.64,164.98,900.0,ready,09:37:42,1796.1,18,"[""가산 F1"", ""구로동"", ""신정6동"", ""신도림동 2"", ""문래동5가"", ""신도림동"", ""영등포"", ""지점 13"", ""지점 14"", ""이촌2동"", ""이촌동 2"", ""이촌동"", ""반포동"", ""잠원동 2"", ""신사동 2"", ""신사동"", ""성수대교 남단"", ""성수 F2""]"
7b768b2566f7,2026-10-10,FPL000419,UAM0095,a4,4,4,1.0,VP011,천호,VP013,강남,9,G4,F1,G4,F2,09:51:26,10:10:34,10:35:19,10:46:31,10:56:31,1148.0,1485.16,672.0,3305.16,2047.28,1054.8,ready,10:10:17,1501.96,17,"[""천호 F1"", ""천호대교 중간지점"", ""지점 4"", ""잠실대교 중간지점"", ""자양2동"", ""지점 3"", ""잠실7동"", ""대치교"", ""지점 6"", ""지점 7"", ""지점 8"", ""지점 10"", ""양재동"", ""경부고속도로 양재천 다리"", ""지점 21"", ""서초2동 2"", ""강남 F2""]"
7b768b2566f7,2026-10-10,FPL000420,UAM0050,a4,4,4,1.0,VP016,망우,VP007,봉천,9,G1,F1,G3,F2,09:31:14,09:42:30,09:57:17,10:02:01,10:12:01,676.36,887.1,283.2,1846.66,362.28,0.0,ready,09:42:13,903.9,24,"[""망우 F1"", ""중랑철교"", ""중랑천 제방길"", ""지점"", ""중곡1동"", ""송정동"", ""지점 12"", ""응봉동"", ""신사동"", ""신사동 2"", ""잠원동 2"", ""반포동"", ""이촌동"", ""동작동 2"", ""동작동"", ""방배4동"", ""사당1동 2"", ""사당1동"", ""방배2동"", ""남현동"", ""인헌동"", ""행운동"", ""봉천동"", ""봉천 F2""]"
7b768b2566f7,2026-10-10,FPL000421,UAM0030,a4,4,4,1.0,VP001,여의도,VP011,천호,9,G3,F1,G6,F2,09:35:21,09:40:21,10:11:14,10:23:12,10:33:12,300.0,1852.58,717.92,2870.5,246.16,1405.82,ready,09:40:04,1869.38,18,"[""여의도 F1"", ""지점 32"", ""여의동 2"", ""이촌2동"", ""이촌동 2"", ""이촌동"", ""반포동"", ""잠원동 2"", ""신사동 2"", ""신사동"", ""성수대교 남단"", ""지점 2"", ""청담대교 중간지점"", ""자양2동"", ""잠실대교 중간지점"", ""지점 4"", ""천호대교 중간지점"", ""천호 F2""]"
7b768b2566f7,2026-10-10,FPL000422,UAM0037,a4,4,4,1.0,VP013,강남,VP006,미아,9,G8,F1,G3,F2,09:43:47,10:01:36,10:16:32,10:21:15,10:31:15,1069.44,895.8,283.2,2248.44,1496.88,0.0,ready,10:01:19,912.6,20,"[""강남 F1"", ""반포1동"", ""주흥교"", ""잠원동"", ""잠원동 2"", ""신사동 2"", ""신사동"", ""응봉동"", ""지점 12"", ""송정동"", ""중곡1동"", ""지점"", ""중랑천 제방길"", ""중랑철교"", ""중화동"", ""월릉교"", ""공릉1동 2"", ""월계3동"", ""월계동"", ""미아 F2""]"
7b768b2566f7,2026-10-10,FPL000423,UAM0096,a4,4,4,1.0,VP002,잠실,VP008,사당,9,G5,F1,G3,F2,09:41:38,09:55:53,10:04:50,10:09:33,10:19:33,855.52,536.9,283.2,1675.62,1067.44,0.0,ready,09:55:36,553.7,12,"[""잠실 F1"", ""잠실7동"", ""대치교"", ""지점 6"", ""지점 7"", ""지점 8"", ""지점 10"", ""양재동"", ""경부고속도로 양재천 다리"", ""지점 19"", ""방배동"", ""사당 F2""]"
7b768b2566f7,2026-10-10,FPL000424,UAM0059,a4,4,4,1.0,VP008,사당,VP002,잠실,9,G3,F1,G5,F2,09:37:47,09:42:47,09:51:54,09:57:35,10:07:35,300.0,547.0,340.88,1187.88,263.3,57.68,ready,09:42:31,563.8,12,"[""사당 F1"", ""방배동"", ""지점 19"", ""경부고속도로 양재천 다리"", ""양재동"", ""지점 10"", ""지점 8"", ""지점 7"", ""지점 6"", ""대치교"", ""잠실7동"", ""잠실 F2""]"
7b768b2566f7,2026-10-10,FPL000425,UAM0079,a4,4,4,1.0,VP018,인천,VP011,천호,9,G7,F1,G2,F2,09:33:40,09:40:30,10:33:36,10:40:02,10:50:02,410.66,3186.02,385.44,3982.12,110.66,1270.12,ready,09:40:14,3202.82,36,"[""인천 F1"", ""운북동"", ""영종동"", ""영종대교"", ""지점 22"", ""시천동 아라로"", ""목상동"", ""선주지동"", ""하야동"", ""하야동 2"", ""개화동"", ""덕은동"", ""상암동"", ""성산대교 중간지점"", ""선유도 17고지"", ""합정동"", ""서교동"", ""동교동"", ""20통"", ""대현동"", ""아현동"", ""충정로3가"", ""남영동"", ""회현동2가"", ""후암동"", ""지점 39"", ""약수동"", ""신사동"", ""성수대교 남단"", ""지점 2"", ""청담대교 중간지점"", ""자양2동"", ""잠실대교 중간지점"", ""지점 4"", ""천호대교 중간지점"", ""천호 F2""]"
7b768b2566f7,2026-10-10,FPL000426,UAM0045,a4,4,4,1.0,VP003,상암,VP015,마곡,9,G4,F1,G7,F2,09:34:47,09:47:24,09:59:46,10:04:29,10:14:29,756.84,741.58,283.2,1781.62,481.98,192.58,ready,09:47:07,758.38,6,"[""상암 F1"", ""지점 25"", ""덕은동"", ""개화동"", ""하야동 2"", ""마곡 F2""]"
7b768b2566f7,2026-10-10,FPL000427,UAM0054,a4,4,4,1.0,VP011,천호,VP001,여의도,9,G8,F1,G3,F2,09:56:39,10:15:55,10:30:13,10:34:56,10:44:56,1156.16,858.0,283.2,2297.36,2163.6,0.0,ready,10:15:38,874.8,18,"[""천호 F1"", ""천호대교 중간지점"", ""지점 4"", ""잠실대교 중간지점"", ""자양2동"", ""청담대교 중간지점"", ""지점 2"", ""성수대교 남단"", ""신사동"", ""신사동 2"", ""잠원동 2"", ""반포동"", ""이촌동"", ""이촌동 2"", ""이촌2동"", ""여의동 2"", ""지점 32"", ""여의도 F2""]"
7b768b2566f7,2026-10-10,FPL000428,UAM0078,a4,4,4,1.0,VP009,성수,VP016,망우,9,G1,F1,G4,F2,09:34:52,09:44:44,09:55:46,10:00:29,10:10:29,592.08,662.0,283.2,1537.28,278.0,0.0,ready,09:44:27,678.8,11,"[""성수 F1"", ""지점 2"", ""청담대교 중간지점"", ""건대입구"", ""송정동"", ""중곡1동"", ""지점"", ""중랑천 제방길"", ""중랑철교"", ""중화동"", ""망우 F2""]"
7b768b2566f7,2026-10-10,FPL000429,UAM0022,a4,4,4,1.0,VP016,망우,VP012,광화문,9,G2,F1,G4,F2,09:39:38,09:47:51,09:59:37,10:04:20,10:14:20,492.52,706.1,283.2,1481.82,422.28,0.0,ready,09:47:34,722.9,14,"[""망우 F1"", ""중랑철교"", ""중랑천 제방길"", ""지점"", ""중곡1동"", ""송정동"", ""지점 12"", ""응봉동"", ""신사동"", ""약수동"", ""지점 39"", ""후암동"", ""회현동2가"", ""광화문 F2""]"
7b768b2566f7,2026-10-10,FPL000430,UAM0001,a4,4,4,1.0,VP001,여의도,VP014,가산,9,G4,F1,G5,F2,09:40:35,09:45:42,09:55:22,10:00:05,10:10:05,307.24,579.8,283.2,1170.24,246.16,0.0,ready,09:45:25,596.6,8,"[""여의도 F1"", ""영등포"", ""신도림동"", ""문래동5가"", ""신도림동 2"", ""신정6동"", ""구로동"", ""가산 F2""]"
7b768b2566f7,2026-10-10,FPL000431,UAM0011,a4,4,4,1.0,VP013,강남,VP015,마곡,9,G1,F1,G7,F2,09:36:42,10:06:57,10:24:38,10:35:27,10:45:27,1814.64,1061.2,648.72,3524.56,1472.4,365.52,ready,10:06:40,1078.0,20,"[""강남 F1"", ""반포1동"", ""주흥교"", ""잠원동"", ""잠원동 2"", ""반포동"", ""이촌동"", ""이촌동 2"", ""이촌2동"", ""여의동 2"", ""지점 32"", ""서강대교 중간지점"", ""지점 5"", ""선유도 17고지"", ""성산대교 중간지점"", ""상암동"", ""덕은동"", ""개화동"", ""하야동 2"", ""마곡 F2""]"
7b768b2566f7,2026-10-10,FPL000432,UAM0047,a4,4,4,1.0,VP017,수서,VP009,성수,9,G5,F1,G3,F2,09:36:56,09:47:15,09:57:10,10:01:53,10:11:53,619.34,594.84,283.2,1497.38,319.34,140.64,ready,09:46:59,611.64,7,"[""수서 F1"", ""개포3동"", ""잠실7동"", ""지점 3"", ""청담대교 중간지점"", ""지점 2"", ""성수 F2""]"
7b768b2566f7,2026-10-10,FPL000433,UAM0091,a4,4,4,1.0,VP002,잠실,VP012,광화문,9,G6,F1,G3,F2,09:41:58,10:01:14,10:10:20,10:15:03,10:25:03,1156.16,546.1,283.2,1985.46,1127.44,0.0,ready,10:00:57,562.9,11,"[""잠실 F1"", ""지점 3"", ""청담대교 중간지점"", ""지점 2"", ""성수대교 남단"", ""신사동"", ""약수동"", ""지점 39"", ""후암동"", ""회현동2가"", ""광화문 F2""]"
7b768b2566f7,2026-10-10,FPL000434,UAM0014,a4,4,4,1.0,VP014,가산,VP013,강남,9,G5,F1,G7,F2,09:37:34,09:43:19,10:16:17,10:21:01,10:31:01,345.52,1978.38,283.2,2607.1,45.52,1093.58,ready,09:43:02,1995.18,18,"[""가산 F1"", ""가산동"", ""지점 9"", ""신사동 3"", ""신림동 2"", ""신림동"", ""은천동"", ""봉천동"", ""행운동"", ""인헌동"", ""남현동"", ""방배2동"", ""방배동"", ""지점 19"", ""경부고속도로 양재천 다리"", ""지점 21"", ""서초2동 2"", ""강남 F2""]"
7b768b2566f7,2026-10-10,FPL000435,UAM0039,a4,4,4,1.0,VP008,사당,VP015,마곡,9,G4,F1,G5,F2,09:38:07,09:48:08,10:08:27,10:13:24,10:23:24,600.64,1218.74,297.28,2116.66,323.3,284.84,ready,09:47:51,1235.54,16,"[""사당 F1"", ""인헌동"", ""행운동"", ""봉천동"", ""은천동"", ""신림동"", ""신림동 2"", ""영등포"", ""지점 11"", ""선유도 17고지"", ""성산대교 중간지점"", ""상암동"", ""덕은동"", ""개화동"", ""하야동 2"", ""마곡 F2""]"
7b768b2566f7,2026-10-10,FPL000436,UAM0076,a4,4,4,1.0,VP006,미아,VP003,상암,9,G4,F1,G4,F2,09:38:41,09:43:41,10:02:45,10:07:28,10:17:28,300.0,1143.8,283.2,1727.0,0,0.0,ready,09:43:24,1160.6,27,"[""미아 F1"", ""월계동"", ""월계3동"", ""공릉1동 2"", ""월릉교"", ""중화동"", ""중랑철교"", ""중랑천 제방길"", ""지점"", ""중곡1동"", ""송정동"", ""지점 12"", ""응봉동"", ""신사동"", ""약수동"", ""지점 39"", ""후암동"", ""회현동2가"", ""남영동"", ""충정로3가"", ""아현동"", ""대현동"", ""20통"", ""동교동"", ""서교동"", ""합정동"", ""상암 F2""]"
7b768b2566f7,2026-10-10,FPL000437,UAM0040,a4,4,4,1.0,VP009,성수,VP015,마곡,9,G2,F1,G6,F2,09:39:13,09:50:05,10:17:08,10:22:05,10:32:05,652.08,1623.3,297.28,2572.66,338.0,532.5,ready,09:49:48,1640.1,22,"[""성수 F1"", ""성수대교 남단"", ""신사동"", ""약수동"", ""지점 39"", ""후암동"", ""회현동2가"", ""남영동"", ""충정로3가"", ""아현동"", ""대현동"", ""20통"", ""동교동"", ""서교동"", ""합정동"", ""선유도 17고지"", ""성산대교 중간지점"", ""상암동"", ""덕은동"", ""개화동"", ""하야동 2"", ""마곡 F2""]"
7b768b2566f7,2026-10-10,FPL000438,UAM0063,a4,4,4,1.0,VP016,망우,VP009,성수,9,G3,F1,G2,F2,09:40:12,09:53:12,10:11:58,10:16:56,10:26:56,779.08,1126.84,297.28,2203.2,510.44,523.84,ready,09:52:55,1143.64,10,"[""망우 F1"", ""중랑철교"", ""중랑천 제방길"", ""지점"", ""중곡1동"", ""송정동"", ""건대입구"", ""청담대교 중간지점"", ""지점 2"", ""성수 F2""]"
7b768b2566f7,2026-10-10,FPL000439,UAM0087,a4,4,4,1.0,VP011,천호,VP012,광화문,9,G5,F1,G4,F2,10:07:34,10:21:16,10:35:45,10:40:28,10:50:28,821.44,869.38,283.2,1974.02,2176.08,219.78,ready,10:20:59,886.18,14,"[""천호 F1"", ""천호대교 중간지점"", ""지점 4"", ""잠실대교 중간지점"", ""자양2동"", ""청담대교 중간지점"", ""지점 2"", ""성수대교 남단"", ""신사동"", ""약수동"", ""지점 39"", ""후암동"", ""회현동2가"", ""광화문 F2""]"
7b768b2566f7,2026-10-10,FPL000440,UAM0062,a4,4,4,1.0,VP003,상암,VP008,사당,9,G1,F1,G4,F2,09:40:16,09:52:45,10:09:11,10:13:54,10:23:54,748.28,986.1,283.2,2017.58,434.2,253.8,ready,09:52:28,1002.9,13,"[""상암 F1"", ""서교동"", ""합정동"", ""선유도 17고지"", ""지점 11"", ""영등포"", ""신림동 2"", ""신림동"", ""은천동"", ""봉천동"", ""행운동"", ""인헌동"", ""사당 F2""]"
7b768b2566f7,2026-10-10,FPL000441,UAM0094,a4,4,4,1.0,VP013,강남,VP007,봉천,9,G5,F1,G1,F2,09:47:01,10:12:17,10:24:12,10:29:10,10:39:10,1516.64,715.06,297.28,2528.98,1588.72,119.16,ready,10:12:00,731.86,12,"[""강남 F1"", ""서초2동 2"", ""지점 21"", ""경부고속도로 양재천 다리"", ""지점 19"", ""방배동"", ""방배2동"", ""남현동"", ""인헌동"", ""행운동"", ""봉천동"", ""봉천 F2""]"
7b768b2566f7,2026-10-10,FPL000442,UAM0021,a4,4,4,1.0,VP001,여의도,VP009,성수,9,G1,F1,G4,F2,09:41:10,09:51:03,10:01:52,10:06:36,10:16:36,592.08,649.8,283.2,1525.08,278.0,0.0,ready,09:50:46,666.6,12,"[""여의도 F1"", ""지점 32"", ""여의동 2"", ""이촌2동"", ""이촌동 2"", ""이촌동"", ""반포동"", ""잠원동 2"", ""신사동 2"", ""신사동"", ""성수대교 남단"", ""성수 F2""]"
7b768b2566f7,2026-10-10,FPL000443,UAM0066,a4,4,4,1.0,VP012,광화문,VP001,여의도,9,G4,F1,G3,F2,09:41:25,09:46:25,09:56:05,10:00:48,10:10:48,300.0,579.9,283.2,1163.1,0,0.0,ready,09:46:09,596.7,10,"[""광화문 F1"", ""남영동"", ""청파동1가"", ""한강로1가"", ""한강로2가"", ""한강로3가"", ""이촌2동"", ""여의동 2"", ""지점 32"", ""여의도 F2""]"
7b768b2566f7,2026-10-10,FPL000444,UAM0049,a4,4,4,1.0,VP007,봉천,VP011,천호,9,G3,F1,G3,F2,09:44:52,09:49:52,10:22:55,10:34:07,10:44:07,300.0,1983.6,672.0,2955.6,186.04,1483.04,ready,09:49:35,2000.4,22,"[""봉천 F1"", ""봉천동"", ""행운동"", ""인헌동"", ""남현동"", ""방배2동"", ""방배동"", ""지점 19"", ""경부고속도로 양재천 다리"", ""양재동"", ""지점 10"", ""지점 8"", ""지점 7"", ""지점 6"", ""대치교"", ""잠실7동"", ""지점 3"", ""자양2동"", ""잠실대교 중간지점"", ""지점 4"", ""천호대교 중간지점"", ""천호 F2""]"
7b768b2566f7,2026-10-10,FPL000445,UAM0015,a4,4,4,1.0,VP002,잠실,VP013,강남,9,G3,F1,G3,F2,09:42:01,10:06:34,10:29:19,10:36:10,10:46:10,1473.36,1364.94,410.72,3249.02,1159.28,870.8,ready,10:06:18,1381.74,12,"[""잠실 F1"", ""잠실7동"", ""대치교"", ""지점 6"", ""지점 7"", ""지점 8"", ""지점 10"", ""양재동"", ""경부고속도로 양재천 다리"", ""지점 21"", ""서초2동 2"", ""강남 F2""]"
7b768b2566f7,2026-10-10,FPL000446,UAM0002,a4,4,4,1.0,VP008,사당,VP001,여의도,9,G1,F1,G1,F2,09:43:37,09:53:29,10:05:51,10:10:49,10:20:49,592.08,742.58,297.28,1631.94,278.0,158.28,ready,09:53:12,759.38,9,"[""사당 F1"", ""인헌동"", ""행운동"", ""봉천동"", ""은천동"", ""신림동"", ""신림동 2"", ""영등포"", ""여의도 F2""]"
7b768b2566f7,2026-10-10,FPL000447,UAM0009,a4,4,4,1.0,VP006,미아,VP014,가산,9,G3,F1,G5,F2,09:44:43,09:49:43,10:11:37,10:16:20,10:26:20,300.0,1313.7,283.2,1896.9,47.2,0.0,ready,09:49:26,1330.5,29,"[""미아 F1"", ""월계동"", ""월계3동"", ""공릉1동 2"", ""월릉교"", ""중화동"", ""중랑철교"", ""중랑천 제방길"", ""지점"", ""중곡1동"", ""송정동"", ""지점 12"", ""응봉동"", ""신사동"", ""신사동 2"", ""잠원동 2"", ""반포동"", ""이촌동"", ""이촌동 2"", ""이촌2동"", ""지점 14"", ""지점 13"", ""영등포"", ""신도림동"", ""문래동5가"", ""신도림동 2"", ""신정6동"", ""구로동"", ""가산 F2""]"
7b768b2566f7,2026-10-10,FPL000448,UAM0058,a4,4,4,1.0,VP016,망우,VP004,용산,9,G4,F1,G3,F2,09:46:01,09:58:32,10:12:36,10:17:19,10:27:19,751.0,844.0,283.2,1878.2,570.44,0.0,ready,09:58:15,860.8,18,"[""망우 F1"", ""중랑철교"", ""중랑천 제방길"", ""지점"", ""중곡1동"", ""송정동"", ""지점 12"", ""응봉동"", ""신사동"", ""약수동"", ""지점 39"", ""후암동"", ""회현동2가"", ""남영동"", ""청파동1가"", ""한강로1가"", ""한강로2가"", ""용산 F2""]"
7b768b2566f7,2026-10-10,FPL000449,UAM0031,a4,4,4,1.0,VP003,상암,VP016,망우,9,G2,F1,G4,F2,09:44:37,09:58:05,10:14:39,10:19:22,10:29:22,808.28,993.4,283.2,2084.88,494.2,0.0,ready,09:57:48,1010.2,22,"[""상암 F1"", ""서교동"", ""동교동"", ""20통"", ""대현동"", ""아현동"", ""충정로3가"", ""남영동"", ""회현동2가"", ""후암동"", ""지점 39"", ""약수동"", ""신사동"", ""응봉동"", ""지점 12"", ""송정동"", ""중곡1동"", ""지점"", ""중랑천 제방길"", ""중랑철교"", ""중화동"", ""망우 F2""]"
7b768b2566f7,2026-10-10,FPL000450,UAM0007,a4,4,4,1.0,VP013,강남,VP011,천호,9,G2,F1,G5,F2,09:45:23,10:17:38,10:43:18,10:55:36,11:05:36,1934.64,1539.8,737.92,4212.36,1592.4,1176.84,ready,10:17:21,1556.6,17,"[""강남 F1"", ""서초2동 2"", ""지점 21"", ""경부고속도로 양재천 다리"", ""양재동"", ""지점 10"", ""지점 8"", ""지점 7"", ""지점 6"", ""대치교"", ""잠실7동"", ""지점 3"", ""자양2동"", ""잠실대교 중간지점"", ""지점 4"", ""천호대교 중간지점"", ""천호 F2""]"
7b768b2566f7,2026-10-10,FPL000451,UAM0067,a4,4,4,1.0,VP001,여의도,VP003,상암,9,G2,F1,G1,F2,09:45:54,09:56:23,10:07:05,10:12:03,10:22:03,629.1,642.14,297.28,1568.52,338.0,187.44,ready,09:56:06,658.94,5,"[""여의도 F1"", ""지점 11"", ""선유도 17고지"", ""합정동"", ""상암 F2""]"
7b768b2566f7,2026-10-10,FPL000452,UAM0060,a4,4,4,1.0,VP012,광화문,VP015,마곡,9,G3,F1,G4,F2,09:45:46,09:51:46,10:12:47,10:17:59,10:27:59,360.0,1261.5,311.36,1932.86,60.0,436.0,ready,09:51:29,1278.3,15,"[""광화문 F1"", ""충정로3가"", ""아현동"", ""대현동"", ""20통"", ""동교동"", ""서교동"", ""합정동"", ""선유도 17고지"", ""성산대교 중간지점"", ""상암동"", ""덕은동"", ""개화동"", ""하야동 2"", ""마곡 F2""]"
7b768b2566f7,2026-10-10,FPL000453,UAM0084,a4,4,4,1.0,VP007,봉천,VP011,천호,9,G4,F1,G7,F2,09:46:06,09:55:12,10:27:16,10:39:00,10:49:00,546.04,1923.6,703.84,3173.48,246.04,1483.04,ready,09:54:55,1940.4,22,"[""봉천 F1"", ""봉천동"", ""행운동"", ""인헌동"", ""남현동"", ""방배2동"", ""방배동"", ""지점 19"", ""경부고속도로 양재천 다리"", ""양재동"", ""지점 10"", ""지점 8"", ""지점 7"", ""지점 6"", ""대치교"", ""잠실7동"", ""지점 3"", ""자양2동"", ""잠실대교 중간지점"", ""지점 4"", ""천호대교 중간지점"", ""천호 F2""]"
7b768b2566f7,2026-10-10,FPL000454,UAM0043,a4,4,4,1.0,VP008,사당,VP010,연신내,9,G2,F1,G3,F2,09:47:57,09:58:49,10:14:01,10:18:59,10:28:59,652.08,912.0,297.28,1861.36,338.0,0.0,ready,09:58:33,928.8,18,"[""사당 F1"", ""인헌동"", ""행운동"", ""봉천동"", ""은천동"", ""신림동"", ""신림동 2"", ""영등포"", ""지점 11"", ""선유도 17고지"", ""성산대교 중간지점"", ""상암동"", ""지점 25"", ""수색교"", ""지점 24"", ""향동동"", ""지점 23"", ""연신내 F2""]"
7b768b2566f7,2026-10-10,FPL000455,UAM0029,a4,4,4,1.0,VP015,마곡,VP007,봉천,9,G7,F1,G4,F2,10:00:12,10:05:12,10:19:52,10:24:35,10:34:35,300.0,879.3,283.2,1462.5,726.16,0.0,ready,10:04:56,896.1,12,"[""마곡 F1"", ""하야동 2"", ""개화동"", ""덕은동"", ""상암동"", ""성산대교 중간지점"", ""선유도 17고지"", ""지점 11"", ""영등포"", ""신림동 2"", ""신림동"", ""봉천 F2""]"
7b768b2566f7,2026-10-10,FPL000456,UAM0042,a4,4,4,1.0,VP006,미아,VP001,여의도,9,G1,F1,G3,F2,09:48:31,09:55:04,10:14:33,10:19:16,10:29:16,393.12,1168.92,283.2,1845.24,79.04,91.02,ready,09:54:47,1185.72,23,"[""미아 F1"", ""월계동"", ""월계3동"", ""공릉1동 2"", ""월릉교"", ""중화동"", ""중랑철교"", ""중랑천 제방길"", ""지점"", ""중곡1동"", ""송정동"", ""지점 12"", ""응봉동"", ""신사동"", ""신사동 2"", ""잠원동 2"", ""반포동"", ""이촌동"", ""이촌동 2"", ""이촌2동"", ""여의동 2"", ""지점 32"", ""여의도 F2""]"
7b768b2566f7,2026-10-10,FPL000457,UAM0020,a4,4,4,1.0,VP013,강남,VP017,수서,9,G6,F1,G5,F2,10:12:38,10:22:59,10:33:42,10:38:25,10:48:25,620.8,643.1,283.2,1547.1,1708.72,0.0,ready,10:22:42,659.9,13,"[""강남 F1"", ""서초2동 2"", ""지점 21"", ""경부고속도로 양재천 다리"", ""양재동"", ""지점 10"", ""지점 8"", ""지점 7"", ""지점 6"", ""대치교"", ""잠실7동"", ""개포3동"", ""수서 F2""]"
7b768b2566f7,2026-10-10,FPL000458,UAM0024,a4,4,4,1.0,VP016,망우,VP015,마곡,9,G1,F1,G8,F2,09:49:34,10:03:53,10:28:58,10:35:47,10:45:47,858.68,1505.6,408.08,2772.36,544.6,278.18,ready,10:03:36,1522.4,28,"[""망우 F1"", ""중랑철교"", ""중랑천 제방길"", ""지점"", ""중곡1동"", ""송정동"", ""지점 12"", ""응봉동"", ""신사동"", ""약수동"", ""지점 39"", ""후암동"", ""회현동2가"", ""남영동"", ""충정로3가"", ""아현동"", ""대현동"", ""20통"", ""동교동"", ""서교동"", ""합정동"", ""선유도 17고지"", ""성산대교 중간지점"", ""상암동"", ""덕은동"", ""개화동"", ""하야동 2"", ""마곡 F2""]"
7b768b2566f7,2026-10-10,FPL000459,UAM0025,a4,4,4,1.0,VP003,상암,VP016,망우,9,G3,F1,G3,F2,09:49:55,10:03:26,10:19:59,10:24:42,10:34:42,811.24,993.4,283.2,2087.84,511.24,0.0,ready,10:03:09,1010.2,22,"[""상암 F1"", ""서교동"", ""동교동"", ""20통"", ""대현동"", ""아현동"", ""충정로3가"", ""남영동"", ""회현동2가"", ""후암동"", ""지점 39"", ""약수동"", ""신사동"", ""응봉동"", ""지점 12"", ""송정동"", ""중곡1동"", ""지점"", ""중랑천 제방길"", ""중랑철교"", ""중화동"", ""망우 F2""]"
7b768b2566f7,2026-10-10,FPL000460,UAM0092,a4,4,4,1.0,VP011,천호,VP003,상암,9,G6,F1,G4,F2,10:12:35,10:26:36,10:45:15,10:49:59,10:59:59,841.44,1119.2,283.2,2243.84,1855.44,216.6,ready,10:26:19,1136.0,22,"[""천호 F1"", ""천호대교 중간지점"", ""지점 4"", ""잠실대교 중간지점"", ""자양2동"", ""청담대교 중간지점"", ""지점 2"", ""성수대교 남단"", ""신사동"", ""약수동"", ""지점 39"", ""후암동"", ""회현동2가"", ""남영동"", ""충정로3가"", ""아현동"", ""대현동"", ""20통"", ""동교동"", ""서교동"", ""합정동"", ""상암 F2""]"
7b768b2566f7,2026-10-10,FPL000461,UAM0004,a4,4,4,1.0,VP001,여의도,VP018,인천,9,G3,F1,G7,F2,09:51:09,10:01:44,10:24:37,10:29:20,10:39:20,635.02,1372.7,283.2,2290.92,373.4,0.0,ready,10:01:27,1389.5,19,"[""여의도 F1"", ""영등포"", ""신도림동"", ""문래동5가"", ""신도림동 2"", ""신정6동"", ""구로동"", ""지점 17"", ""지점 31"", ""지점 30"", ""지점 29"", ""지점 37"", ""간석3동"", ""지점 28"", ""지점 27"", ""지점 26"", ""영종동"", ""운북동"", ""인천 F2""]"
7b768b2566f7,2026-10-10,FPL000462,UAM0044,a4,4,4,1.0,VP011,천호,VP002,잠실,9,G1,F1,G5,F2,09:51:15,10:31:57,10:39:11,10:43:55,10:53:55,2442.0,434.7,283.2,3159.9,2099.76,0.0,ready,10:31:40,451.5,7,"[""천호 F1"", ""천호대교 중간지점"", ""지점 4"", ""잠실대교 중간지점"", ""자양2동"", ""지점 3"", ""잠실 F2""]"
7b768b2566f7,2026-10-10,FPL000463,UAM0073,a4,4,4,1.0,VP002,잠실,VP007,봉천,9,G4,F1,G2,F2,09:51:47,10:11:55,10:28:33,10:33:30,10:43:30,1207.6,997.84,297.28,2502.72,893.52,343.74,ready,10:11:38,1014.64,17,"[""잠실 F1"", ""잠실7동"", ""대치교"", ""지점 6"", ""지점 7"", ""지점 8"", ""지점 10"", ""양재동"", ""경부고속도로 양재천 다리"", ""지점 19"", ""방배동"", ""방배2동"", ""남현동"", ""인헌동"", ""행운동"", ""봉천동"", ""봉천 F2""]"
7b768b2566f7,2026-10-10,FPL000464,UAM0069,a4,4,4,1.0,VP018,인천,VP005,목동,9,G7,F1,G7,F2,09:55:46,10:00:46,10:21:45,10:26:28,10:36:28,300.0,1259.2,283.2,1842.4,234.16,0.0,ready,10:00:29,1276.0,15,"[""인천 F1"", ""운북동"", ""영종동"", ""지점 26"", ""지점 27"", ""지점 28"", ""간석3동"", ""지점 37"", ""지점 29"", ""지점 30"", ""지점 31"", ""지점 17"", ""구로동"", ""신정6동"", ""목동 F2""]"
7b768b2566f7,2026-10-10,FPL000465,UAM0023,a4,4,4,1.0,VP009,성수,VP013,강남,9,G3,F1,G8,F2,09:57:37,10:02:37,10:20:38,10:25:21,10:35:21,300.0,1081.02,283.2,1664.22,305.78,611.02,ready,10:02:20,1097.82,9,"[""성수 F1"", ""성수대교 남단"", ""신사동"", ""신사동 2"", ""잠원동 2"", ""잠원동"", ""주흥교"", ""반포1동"", ""강남 F2""]"
7b768b2566f7,2026-10-10,FPL000466,UAM0065,a4,4,4,1.0,VP010,연신내,VP012,광화문,9,G5,F1,G1,F2,09:52:52,09:57:52,10:14:41,10:19:38,10:29:38,300.0,1008.6,297.28,1605.88,0,205.5,ready,09:57:35,1025.4,17,"[""연신내 F1"", ""지점 23"", ""향동동"", ""지점 24"", ""수색교"", ""지점 25"", ""상암동"", ""성산대교 중간지점"", ""선유도 17고지"", ""합정동"", ""서교동"", ""동교동"", ""20통"", ""대현동"", ""아현동"", ""충정로3가"", ""광화문 F2""]"
7b768b2566f7,2026-10-10,FPL000467,UAM0010,a4,4,4,1.0,VP013,강남,VP003,상암,9,G7,F1,G1,F2,10:16:44,10:28:19,10:49:36,10:54:33,11:04:33,694.88,1276.84,297.28,2269.0,1796.88,462.24,ready,10:28:02,1293.64,16,"[""강남 F1"", ""반포1동"", ""주흥교"", ""잠원동"", ""잠원동 2"", ""반포동"", ""이촌동"", ""이촌동 2"", ""이촌2동"", ""여의동 2"", ""지점 32"", ""서강대교 중간지점"", ""지점 5"", ""선유도 17고지"", ""합정동"", ""상암 F2""]"
7b768b2566f7,2026-10-10,FPL000468,UAM0036,a4,4,4,1.0,VP006,미아,VP013,강남,9,G4,F1,G5,F2,09:54:39,10:00:24,10:24:59,10:35:36,10:45:36,345.52,1474.44,637.28,2457.24,45.52,919.44,ready,10:00:08,1491.24,20,"[""미아 F1"", ""월계동"", ""월계3동"", ""공릉1동 2"", ""월릉교"", ""중화동"", ""중랑철교"", ""중랑천 제방길"", ""지점"", ""중곡1동"", ""송정동"", ""지점 12"", ""응봉동"", ""신사동"", ""신사동 2"", ""잠원동 2"", ""잠원동"", ""주흥교"", ""반포1동"", ""강남 F2""]"
7b768b2566f7,2026-10-10,FPL000469,UAM0052,a4,4,4,1.0,VP017,수서,VP009,성수,9,G5,F1,G3,F2,09:55:24,10:00:24,10:16:19,10:21:02,10:31:02,300.0,954.7,283.2,1537.9,45.52,500.5,ready,10:00:08,971.5,7,"[""수서 F1"", ""개포3동"", ""잠실7동"", ""지점 3"", ""청담대교 중간지점"", ""지점 2"", ""성수 F2""]"
7b768b2566f7,2026-10-10,FPL000470,UAM0072,a4,4,4,1.0,VP007,봉천,VP003,상암,9,G1,F1,G3,F2,09:55:01,10:00:33,10:11:26,10:16:09,10:26:09,331.44,653.16,283.2,1267.8,17.36,25.36,ready,10:00:16,669.96,8,"[""봉천 F1"", ""신림동"", ""신림동 2"", ""영등포"", ""지점 11"", ""선유도 17고지"", ""합정동"", ""상암 F2""]"
7b768b2566f7,2026-10-10,FPL000471,UAM0027,a4,4,4,1.0,VP001,여의도,VP008,사당,9,G4,F1,G1,F2,09:55:44,10:07:04,10:16:52,10:21:49,10:31:49,680.54,587.5,297.28,1565.32,380.54,0.0,ready,10:06:48,604.3,9,"[""여의도 F1"", ""영등포"", ""신림동 2"", ""신림동"", ""은천동"", ""봉천동"", ""행운동"", ""인헌동"", ""사당 F2""]"
7b768b2566f7,2026-10-10,FPL000472,UAM0051,a4,4,4,1.0,VP016,망우,VP017,수서,9,G3,F1,G3,F2,10:00:34,10:09:13,10:20:13,10:25:10,10:35:10,519.86,659.2,297.28,1476.34,496.52,0.0,ready,10:08:57,676.0,12,"[""망우 F1"", ""중랑철교"", ""중랑천 제방길"", ""지점"", ""중곡1동"", ""송정동"", ""건대입구"", ""청담대교 중간지점"", ""지점 3"", ""잠실7동"", ""개포3동"", ""수서 F2""]"
7b768b2566f7,2026-10-10,FPL000473,UAM0093,a4,4,4,1.0,VP011,천호,VP008,사당,9,G2,F1,G3,F2,10:24:04,10:37:17,10:55:40,11:00:24,11:10:24,793.28,1102.98,283.2,2179.46,2119.76,368.58,ready,10:37:01,1119.78,17,"[""천호 F1"", ""천호대교 중간지점"", ""지점 4"", ""잠실대교 중간지점"", ""자양2동"", ""지점 3"", ""잠실7동"", ""대치교"", ""지점 6"", ""지점 7"", ""지점 8"", ""지점 10"", ""양재동"", ""경부고속도로 양재천 다리"", ""지점 19"", ""방배동"", ""사당 F2""]"
7b768b2566f7,2026-10-10,FPL000474,UAM0018,a4,4,4,1.0,VP015,마곡,VP001,여의도,9,G8,F1,G4,F2,10:04:33,10:10:33,10:22:05,10:26:48,10:36:48,360.0,691.8,283.2,1335.0,506.8,0.0,ready,10:10:16,708.6,9,"[""마곡 F1"", ""하야동 2"", ""개화동"", ""덕은동"", ""상암동"", ""성산대교 중간지점"", ""선유도 17고지"", ""지점 11"", ""여의도 F2""]"
7b768b2566f7,2026-10-10,FPL000475,UAM0074,a4,4,4,1.0,VP004,용산,VP017,수서,9,G3,F1,G5,F2,09:57:07,10:02:07,10:14:46,10:19:29,10:29:29,300.0,759.3,283.2,1342.5,0,0.0,ready,10:01:50,776.1,17,"[""용산 F1"", ""한강로2가"", ""한강로1가"", ""청파동1가"", ""남영동"", ""회현동2가"", ""후암동"", ""지점 39"", ""약수동"", ""신사동"", ""성수대교 남단"", ""지점 2"", ""청담대교 중간지점"", ""지점 3"", ""잠실7동"", ""개포3동"", ""수서 F2""]"
7b768b2566f7,2026-10-10,FPL000476,UAM0006,a4,4,4,1.0,VP010,연신내,VP018,인천,9,G6,F1,G8,F2,09:58:13,10:03:13,10:28:57,10:33:40,10:43:40,300.0,1544.56,283.2,2127.76,0,194.86,ready,10:02:56,1561.36,18,"[""연신내 F1"", ""지점 23"", ""향동동"", ""지점 24"", ""수색교"", ""지점 25"", ""덕은동"", ""개화동"", ""하야동 2"", ""하야동"", ""선주지동"", ""목상동"", ""시천동 아라로"", ""지점 22"", ""영종대교"", ""영종동"", ""운북동"", ""인천 F2""]"
7b768b2566f7,2026-10-10,FPL000477,UAM0097,a4,4,4,1.0,VP009,성수,VP018,인천,9,G4,F1,G5,F2,10:01:58,10:07:58,10:37:21,10:42:18,10:52:18,360.0,1763.1,297.28,2420.38,246.16,0.0,ready,10:07:41,1779.9,30,"[""성수 F1"", ""성수대교 남단"", ""신사동"", ""약수동"", ""지점 39"", ""후암동"", ""회현동2가"", ""남영동"", ""충정로3가"", ""아현동"", ""대현동"", ""20통"", ""동교동"", ""서교동"", ""합정동"", ""선유도 17고지"", ""성산대교 중간지점"", ""상암동"", ""덕은동"", ""개화동"", ""하야동 2"", ""하야동"", ""선주지동"", ""목상동"", ""시천동 아라로"", ""지점 22"", ""영종대교"", ""영종동"", ""운북동"", ""인천 F2""]"
7b768b2566f7,2026-10-10,FPL000478,UAM0077,a4,4,4,1.0,VP017,수서,VP002,잠실,9,G6,F1,G5,F2,10:05:25,10:10:25,10:15:48,10:20:31,10:30:31,300.0,322.3,283.2,905.5,385.76,0.0,ready,10:10:08,339.1,4,"[""수서 F1"", ""개포3동"", ""잠실7동"", ""잠실 F2""]"
7b768b2566f7,2026-10-10,FPL000479,UAM0086,a4,4,4,1.0,VP018,인천,VP005,목동,10,G8,F1,G8,F2,10:01:06,10:06:07,10:27:06,10:31:49,10:41:49,300.72,1259.2,283.2,1843.12,0.72,0.0,ready,10:05:50,1276.0,15,"[""인천 F1"", ""운북동"", ""영종동"", ""지점 26"", ""지점 27"", ""지점 28"", ""간석3동"", ""지점 37"", ""지점 29"", ""지점 30"", ""지점 31"", ""지점 17"", ""구로동"", ""신정6동"", ""목동 F2""]"
7b768b2566f7,2026-10-10,FPL000480,UAM0070,a4,4,4,1.0,VP001,여의도,VP006,미아,10,G1,F1,G4,F2,10:01:19,10:12:25,10:30:32,10:35:16,10:45:16,666.46,1087.4,283.2,2037.06,352.38,0.0,ready,10:12:08,1104.2,23,"[""여의도 F1"", ""지점 32"", ""여의동 2"", ""이촌2동"", ""이촌동 2"", ""이촌동"", ""반포동"", ""잠원동 2"", ""신사동 2"", ""신사동"", ""응봉동"", ""지점 12"", ""송정동"", ""중곡1동"", ""지점"", ""중랑천 제방길"", ""중랑철교"", ""중화동"", ""월릉교"", ""공릉1동 2"", ""월계3동"", ""월계동"", ""미아 F2""]"
7b768b2566f7,2026-10-10,FPL000481,UAM0075,a4,4,4,1.0,VP011,천호,VP015,마곡,10,G3,F1,G6,F2,10:24:38,10:42:38,11:06:33,11:11:30,11:21:30,1079.84,1435.14,297.28,2812.26,2147.92,139.34,ready,10:42:21,1451.94,28,"[""천호 F1"", ""천호대교 중간지점"", ""지점 4"", ""잠실대교 중간지점"", ""자양2동"", ""청담대교 중간지점"", ""지점 2"", ""성수대교 남단"", ""신사동"", ""약수동"", ""지점 39"", ""후암동"", ""회현동2가"", ""남영동"", ""충정로3가"", ""아현동"", ""대현동"", ""20통"", ""동교동"", ""서교동"", ""합정동"", ""선유도 17고지"", ""성산대교 중간지점"", ""상암동"", ""덕은동"", ""개화동"", ""하야동 2"", ""마곡 F2""]"
7b768b2566f7,2026-10-10,FPL000482,UAM0048,a4,4,4,1.0,VP012,광화문,VP010,연신내,10,G3,F1,G5,F2,10:04:24,10:09:24,10:22:48,10:27:32,10:37:32,300.0,803.9,283.2,1387.1,173.12,0.0,ready,10:09:08,820.7,17,"[""광화문 F1"", ""충정로3가"", ""아현동"", ""대현동"", ""20통"", ""동교동"", ""서교동"", ""합정동"", ""선유도 17고지"", ""성산대교 중간지점"", ""상암동"", ""지점 25"", ""수색교"", ""지점 24"", ""향동동"", ""지점 23"", ""연신내 F2""]"
7b768b2566f7,2026-10-10,FPL000483,UAM0017,a4,4,4,1.0,VP015,마곡,VP014,가산,10,G5,F1,G3,F2,10:01:41,10:15:54,10:33:16,10:38:13,10:48:13,852.72,1042.48,297.28,2192.48,538.64,220.78,ready,10:15:37,1059.28,12,"[""마곡 F1"", ""하야동 2"", ""개화동"", ""덕은동"", ""상암동"", ""지점 18"", ""양평동"", ""목1동"", ""신도림동 2"", ""신정6동"", ""구로동"", ""가산 F2""]"
7b768b2566f7,2026-10-10,FPL000484,UAM0085,a4,4,4,1.0,VP010,연신내,VP016,망우,10,G3,F1,G3,F2,10:02:47,10:13:28,10:36:34,10:41:17,10:51:17,641.1,1385.2,283.2,2309.5,327.02,0.0,ready,10:13:12,1402.0,31,"[""연신내 F1"", ""지점 23"", ""향동동"", ""지점 24"", ""수색교"", ""지점 25"", ""상암동"", ""성산대교 중간지점"", ""선유도 17고지"", ""합정동"", ""서교동"", ""동교동"", ""20통"", ""대현동"", ""아현동"", ""충정로3가"", ""남영동"", ""회현동2가"", ""후암동"", ""지점 39"", ""약수동"", ""신사동"", ""응봉동"", ""지점 12"", ""송정동"", ""중곡1동"", ""지점"", ""중랑천 제방길"", ""중랑철교"", ""중화동"", ""망우 F2""]"
7b768b2566f7,2026-10-10,FPL000485,UAM0082,a4,4,4,1.0,VP009,성수,VP017,수서,10,G1,F1,G4,F2,10:03:26,10:13:18,10:24:33,10:29:31,10:39:31,592.08,674.94,297.28,1564.3,278.0,218.34,ready,10:13:02,691.74,7,"[""성수 F1"", ""지점 2"", ""청담대교 중간지점"", ""지점 3"", ""잠실7동"", ""개포3동"", ""수서 F2""]"
7b768b2566f7,2026-10-10,FPL000486,UAM0016,a4,4,4,1.0,VP008,사당,VP016,망우,10,G3,F1,G1,F2,10:04:26,10:09:26,10:24:40,10:29:38,10:39:38,300.0,914.3,297.28,1511.58,0,0.0,ready,10:09:09,931.1,21,"[""사당 F1"", ""방배동"", ""지점 19"", ""경부고속도로 양재천 다리"", ""양재동"", ""지점 10"", ""지점 8"", ""지점 7"", ""지점 6"", ""대치교"", ""잠실7동"", ""지점 3"", ""청담대교 중간지점"", ""건대입구"", ""송정동"", ""중곡1동"", ""지점"", ""중랑천 제방길"", ""중랑철교"", ""중화동"", ""망우 F2""]"
7b768b2566f7,2026-10-10,FPL000487,UAM0041,a4,4,4,1.0,VP017,수서,VP009,성수,10,G3,F1,G4,F2,10:05:39,10:15:46,10:23:20,10:28:03,10:38:03,606.56,454.2,283.2,1343.96,297.6,0.0,ready,10:15:29,471.0,7,"[""수서 F1"", ""개포3동"", ""잠실7동"", ""지점 3"", ""청담대교 중간지점"", ""지점 2"", ""성수 F2""]"
7b768b2566f7,2026-10-10,FPL000488,UAM0012,a4,4,4,1.0,VP018,인천,VP014,가산,10,G5,F1,G5,F2,10:05:56,10:11:27,10:28:55,10:33:39,10:43:39,331.44,1048.3,283.2,1662.94,17.36,0.0,ready,10:11:10,1065.1,12,"[""인천 F1"", ""운북동"", ""영종동"", ""지점 26"", ""지점 27"", ""지점 28"", ""간석3동"", ""지점 37"", ""지점 29"", ""지점 30"", ""지점 31"", ""가산 F2""]"
7b768b2566f7,2026-10-10,FPL000489,UAM0090,a4,4,4,1.0,VP015,마곡,VP013,강남,10,G6,F1,G7,F2,10:17:49,10:23:03,10:46:01,11:02:05,11:12:05,314.08,1377.6,964.48,2656.16,707.44,1002.48,ready,10:22:46,1394.4,20,"[""마곡 F1"", ""하야동 2"", ""개화동"", ""덕은동"", ""상암동"", ""성산대교 중간지점"", ""선유도 17고지"", ""지점 5"", ""서강대교 중간지점"", ""지점 32"", ""여의동 2"", ""이촌2동"", ""이촌동 2"", ""이촌동"", ""반포동"", ""잠원동 2"", ""잠원동"", ""주흥교"", ""반포1동"", ""강남 F2""]"
7b768b2566f7,2026-10-10,FPL000490,UAM0081,a4,4,4,1.0,VP011,천호,VP013,강남,10,G7,F1,G5,F2,10:33:43,10:47:59,11:02:03,11:18:41,11:28:41,855.52,843.88,998.56,2697.96,2204.24,754.16,ready,10:47:42,860.68,17,"[""천호 F1"", ""천호대교 중간지점"", ""지점 4"", ""잠실대교 중간지점"", ""자양2동"", ""지점 3"", ""잠실7동"", ""대치교"", ""지점 6"", ""지점 7"", ""지점 8"", ""지점 10"", ""양재동"", ""경부고속도로 양재천 다리"", ""지점 21"", ""서초2동 2"", ""강남 F2""]"
7b768b2566f7,2026-10-10,FPL000491,UAM0059,a4,4,4,1.0,VP002,잠실,VP011,천호,10,G5,F1,G8,F2,10:07:35,10:17:16,10:38:57,10:55:02,11:05:02,580.4,1301.3,964.48,2846.18,280.4,1539.98,ready,10:16:59,1318.1,7,"[""잠실 F1"", ""지점 3"", ""자양2동"", ""잠실대교 중간지점"", ""지점 4"", ""천호대교 중간지점"", ""천호 F2""]"
7b768b2566f7,2026-10-10,FPL000492,UAM0035,a4,4,4,1.0,VP009,성수,VP017,수서,10,G2,F1,G6,F2,10:12:39,10:18:39,10:28:54,10:33:37,10:43:37,359.74,614.94,283.2,1257.88,338.0,158.34,ready,10:18:22,631.74,7,"[""성수 F1"", ""지점 2"", ""청담대교 중간지점"", ""지점 3"", ""잠실7동"", ""개포3동"", ""수서 F2""]"
7b768b2566f7,2026-10-10,FPL000493,UAM0068,a4,4,4,1.0,VP013,강남,VP001,여의도,10,G8,F1,G4,F2,10:21:05,10:33:40,10:44:16,10:48:59,10:58:59,754.88,636.0,283.2,1674.08,1242.32,0.0,ready,10:33:23,652.8,12,"[""강남 F1"", ""반포1동"", ""주흥교"", ""잠원동"", ""잠원동 2"", ""반포동"", ""이촌동"", ""이촌동 2"", ""이촌2동"", ""여의동 2"", ""지점 32"", ""여의도 F2""]"
7b768b2566f7,2026-10-10,FPL000494,UAM0064,a4,4,4,1.0,VP003,상암,VP013,강남,10,G3,F1,G6,F2,10:11:53,10:16:53,10:39:40,10:51:38,11:01:38,300.0,1367.28,717.92,2385.2,216.56,940.62,ready,10:16:36,1384.08,17,"[""상암 F1"", ""서교동"", ""합정동"", ""선유도 17고지"", ""지점 5"", ""서강대교 중간지점"", ""지점 32"", ""여의동 2"", ""이촌2동"", ""이촌동 2"", ""이촌동"", ""반포동"", ""잠원동 2"", ""잠원동"", ""주흥교"", ""반포1동"", ""강남 F2""]"
7b768b2566f7,2026-10-10,FPL000495,UAM0001,a4,4,4,1.0,VP014,가산,VP011,천호,10,G5,F1,G4,F2,10:10:05,10:15:05,10:54:59,11:00:10,11:10:10,300.0,2394.06,311.36,3005.42,0,1297.06,ready,10:14:48,2410.86,24,"[""가산 F1"", ""구로동"", ""신정6동"", ""신도림동 2"", ""문래동5가"", ""신도림동"", ""영등포"", ""지점 13"", ""지점 14"", ""이촌2동"", ""이촌동 2"", ""이촌동"", ""반포동"", ""잠원동 2"", ""신사동 2"", ""신사동"", ""성수대교 남단"", ""지점 2"", ""청담대교 중간지점"", ""자양2동"", ""잠실대교 중간지점"", ""지점 4"", ""천호대교 중간지점"", ""천호 F2""]"
7b768b2566f7,2026-10-10,FPL000496,UAM0078,a4,4,4,1.0,VP016,망우,VP008,사당,10,G4,F1,G3,F2,10:14:35,10:19:35,10:33:54,10:38:37,10:48:37,300.0,859.0,283.2,1442.2,245.6,0.0,ready,10:19:18,875.8,20,"[""망우 F1"", ""중랑철교"", ""중랑천 제방길"", ""지점"", ""중곡1동"", ""송정동"", ""건대입구"", ""청담대교 중간지점"", ""지점 3"", ""잠실7동"", ""대치교"", ""지점 6"", ""지점 7"", ""지점 8"", ""지점 10"", ""양재동"", ""경부고속도로 양재천 다리"", ""지점 19"", ""방배동"", ""사당 F2""]"
7b768b2566f7,2026-10-10,FPL000497,UAM0053,a4,4,4,1.0,VP015,마곡,VP007,봉천,10,G3,F1,G4,F2,10:18:03,10:28:24,10:43:29,10:48:12,10:58:12,620.64,905.34,283.2,1809.18,739.28,26.04,ready,10:28:07,922.14,12,"[""마곡 F1"", ""하야동 2"", ""개화동"", ""덕은동"", ""상암동"", ""성산대교 중간지점"", ""선유도 17고지"", ""지점 11"", ""영등포"", ""신림동 2"", ""신림동"", ""봉천 F2""]"
7b768b2566f7,2026-10-10,FPL000498,UAM0066,a4,4,4,1.0,VP001,여의도,VP011,천호,10,G3,F1,G6,F2,10:14:59,10:19:59,10:59:20,11:05:57,11:15:57,300.0,2360.2,397.28,3057.48,250.96,1592.8,ready,10:19:43,2377.0,18,"[""여의도 F1"", ""지점 32"", ""여의동 2"", ""이촌2동"", ""이촌동 2"", ""이촌동"", ""반포동"", ""잠원동 2"", ""신사동 2"", ""신사동"", ""성수대교 남단"", ""지점 2"", ""청담대교 중간지점"", ""자양2동"", ""잠실대교 중간지점"", ""지점 4"", ""천호대교 중간지점"", ""천호 F2""]"
7b768b2566f7,2026-10-10,FPL000499,UAM0046,a4,4,4,1.0,VP017,수서,VP004,용산,10,G5,F1,G3,F2,10:11:46,10:21:06,10:33:50,10:38:34,10:48:34,560.64,764.0,283.2,1607.84,306.16,0.0,ready,10:20:50,780.8,17,"[""수서 F1"", ""개포3동"", ""잠실7동"", ""지점 3"", ""청담대교 중간지점"", ""지점 2"", ""성수대교 남단"", ""신사동"", ""약수동"", ""지점 39"", ""후암동"", ""회현동2가"", ""남영동"", ""청파동1가"", ""한강로1가"", ""한강로2가"", ""용산 F2""]"
7b768b2566f7,2026-10-10,FPL000500,UAM0047,a4,4,4,1.0,VP009,성수,VP012,광화문,10,G3,F1,G3,F2,10:16:46,10:24:00,10:31:24,10:36:07,10:46:07,433.82,444.6,283.2,1161.62,426.16,0.0,ready,10:23:43,461.4,8,"[""성수 F1"", ""성수대교 남단"", ""신사동"", ""약수동"", ""지점 39"", ""후암동"", ""회현동2가"", ""광화문 F2""]"
7b768b2566f7,2026-10-10,FPL000501,UAM0050,a4,4,4,1.0,VP007,봉천,VP010,연신내,10,G3,F1,G6,F2,10:12:01,10:17:01,10:31:12,10:35:55,10:45:55,300.0,851.0,283.2,1434.2,0,0.0,ready,10:16:44,867.8,14,"[""봉천 F1"", ""신림동"", ""신림동 2"", ""영등포"", ""지점 11"", ""선유도 17고지"", ""성산대교 중간지점"", ""상암동"", ""지점 25"", ""수색교"", ""지점 24"", ""향동동"", ""지점 23"", ""연신내 F2""]"
7b768b2566f7,2026-10-10,FPL000502,UAM0071,a4,4,4,1.0,VP013,강남,VP008,사당,10,G5,F1,G1,F2,10:16:58,10:39:00,10:46:59,10:51:56,11:01:56,1322.08,478.7,297.28,2098.06,1214.16,0.0,ready,10:38:44,495.5,7,"[""강남 F1"", ""서초2동 2"", ""지점 21"", ""경부고속도로 양재천 다리"", ""지점 19"", ""방배동"", ""사당 F2""]"
7b768b2566f7,2026-10-10,FPL000503,UAM0033,a4,4,4,1.0,VP010,연신내,VP008,사당,10,G5,F1,G4,F2,10:18:49,10:23:49,10:39:03,10:43:47,10:53:47,300.0,914.6,283.2,1497.8,285.28,0.0,ready,10:23:32,931.4,18,"[""연신내 F1"", ""지점 23"", ""향동동"", ""지점 24"", ""수색교"", ""지점 25"", ""상암동"", ""성산대교 중간지점"", ""선유도 17고지"", ""지점 11"", ""영등포"", ""신림동 2"", ""신림동"", ""은천동"", ""봉천동"", ""행운동"", ""인헌동"", ""사당 F2""]"
7b768b2566f7,2026-10-10,FPL000504,UAM0028,a4,4,4,1.0,VP013,강남,VP011,천호,10,G3,F1,G2,F2,10:14:06,10:44:21,11:16:42,11:22:47,11:32:47,1814.8,1941.08,364.8,4120.68,1486.64,1176.84,ready,10:44:04,1957.88,17,"[""강남 F1"", ""서초2동 2"", ""지점 21"", ""경부고속도로 양재천 다리"", ""양재동"", ""지점 10"", ""지점 8"", ""지점 7"", ""지점 6"", ""대치교"", ""잠실7동"", ""지점 3"", ""자양2동"", ""잠실대교 중간지점"", ""지점 4"", ""천호대교 중간지점"", ""천호 F2""]"
7b768b2566f7,2026-10-10,FPL000505,UAM0022,a4,4,4,1.0,VP012,광화문,VP011,천호,10,G4,F1,G1,F2,10:19:28,10:24:28,11:03:40,11:09:06,11:19:06,300.0,2352.24,325.44,2977.68,307.78,1687.34,ready,10:24:11,2369.04,14,"[""광화문 F1"", ""회현동2가"", ""후암동"", ""지점 39"", ""약수동"", ""신사동"", ""성수대교 남단"", ""지점 2"", ""청담대교 중간지점"", ""자양2동"", ""잠실대교 중간지점"", ""지점 4"", ""천호대교 중간지점"", ""천호 F2""]"
7b768b2566f7,2026-10-10,FPL000506,UAM0045,a4,4,4,1.0,VP015,마곡,VP006,미아,10,G7,F1,G4,F2,10:22:44,10:33:44,11:03:25,11:08:09,11:18:09,660.64,1781.02,283.2,2724.86,855.6,238.92,ready,10:33:28,1797.82,33,"[""마곡 F1"", ""하야동 2"", ""개화동"", ""덕은동"", ""상암동"", ""성산대교 중간지점"", ""선유도 17고지"", ""합정동"", ""서교동"", ""동교동"", ""20통"", ""대현동"", ""아현동"", ""충정로3가"", ""남영동"", ""회현동2가"", ""후암동"", ""지점 39"", ""약수동"", ""신사동"", ""응봉동"", ""지점 12"", ""송정동"", ""중곡1동"", ""지점"", ""중랑천 제방길"", ""중랑철교"", ""중화동"", ""월릉교"", ""공릉1동 2"", ""월계3동"", ""월계동"", ""미아 F2""]"
7b768b2566f7,2026-10-10,FPL000507,UAM0005,a4,4,4,1.0,VP017,수서,VP006,미아,10,G4,F1,G3,F2,10:15:35,10:26:27,10:40:30,10:45:13,10:55:13,652.08,842.7,283.2,1777.98,338.0,0.0,ready,10:26:10,859.5,17,"[""수서 F1"", ""개포3동"", ""잠실7동"", ""지점 3"", ""청담대교 중간지점"", ""건대입구"", ""송정동"", ""중곡1동"", ""지점"", ""중랑천 제방길"", ""중랑철교"", ""중화동"", ""월릉교"", ""공릉1동 2"", ""월계3동"", ""월계동"", ""미아 F2""]"
7b768b2566f7,2026-10-10,FPL000508,UAM0080,a4,4,4,1.0,VP016,망우,VP003,상암,10,G3,F1,G3,F2,10:19:26,10:24:56,10:40:55,10:45:38,10:55:38,329.52,959.1,283.2,1571.82,257.38,0.0,ready,10:24:39,975.9,22,"[""망우 F1"", ""중랑철교"", ""중랑천 제방길"", ""지점"", ""중곡1동"", ""송정동"", ""지점 12"", ""응봉동"", ""신사동"", ""약수동"", ""지점 39"", ""후암동"", ""회현동2가"", ""남영동"", ""충정로3가"", ""아현동"", ""대현동"", ""20통"", ""동교동"", ""서교동"", ""합정동"", ""상암 F2""]"
7b768b2566f7,2026-10-10,FPL000509,UAM0008,a4,4,4,1.0,VP001,여의도,VP015,마곡,10,G4,F1,G5,F2,10:19:20,10:25:20,10:36:59,10:46:22,10:56:22,360.0,699.4,562.44,1621.84,246.16,265.16,ready,10:25:03,716.2,9,"[""여의도 F1"", ""지점 11"", ""선유도 17고지"", ""성산대교 중간지점"", ""상암동"", ""덕은동"", ""개화동"", ""하야동 2"", ""마곡 F2""]"
7b768b2566f7,2026-10-10,FPL000510,UAM0021,a4,4,4,1.0,VP009,성수,VP018,인천,10,G4,F1,G7,F2,10:21:06,10:29:20,10:58:43,11:03:27,11:13:27,493.82,1763.1,283.2,2540.12,464.76,0.0,ready,10:29:03,1779.9,30,"[""성수 F1"", ""성수대교 남단"", ""신사동"", ""약수동"", ""지점 39"", ""후암동"", ""회현동2가"", ""남영동"", ""충정로3가"", ""아현동"", ""대현동"", ""20통"", ""동교동"", ""서교동"", ""합정동"", ""선유도 17고지"", ""성산대교 중간지점"", ""상암동"", ""덕은동"", ""개화동"", ""하야동 2"", ""하야동"", ""선주지동"", ""목상동"", ""시천동 아라로"", ""지점 22"", ""영종대교"", ""영종동"", ""운북동"", ""인천 F2""]"
7b768b2566f7,2026-10-10,FPL000511,UAM0056,a4,4,4,1.0,VP011,천호,VP017,수서,10,G8,F1,G3,F2,10:39:24,10:53:19,11:07:48,11:12:45,11:22:45,835.52,868.22,297.28,2001.02,1883.6,333.82,ready,10:53:03,885.02,9,"[""천호 F1"", ""천호대교 중간지점"", ""지점 4"", ""잠실대교 중간지점"", ""자양2동"", ""지점 3"", ""잠실7동"", ""개포3동"", ""수서 F2""]"
7b768b2566f7,2026-10-10,FPL000512,UAM0076,a4,4,4,1.0,VP003,상암,VP014,가산,10,G4,F1,G4,F2,10:17:28,10:22:28,10:37:37,10:42:34,10:52:34,300.0,908.88,297.28,1506.16,0,210.38,ready,10:22:11,925.68,11,"[""상암 F1"", ""서교동"", ""합정동"", ""선유도 17고지"", ""지점 11"", ""양평동"", ""목1동"", ""신도림동 2"", ""신정6동"", ""구로동"", ""가산 F2""]"
7b768b2566f7,2026-10-10,FPL000513,UAM0034,a4,4,4,1.0,VP011,천호,VP018,인천,10,G4,F1,G5,F2,10:39:52,10:58:40,11:31:28,11:36:25,11:46:25,1128.0,1968.0,297.28,3393.28,2127.92,0.0,ready,10:58:23,1984.8,36,"[""천호 F1"", ""천호대교 중간지점"", ""지점 4"", ""잠실대교 중간지점"", ""자양2동"", ""청담대교 중간지점"", ""지점 2"", ""성수대교 남단"", ""신사동"", ""약수동"", ""지점 39"", ""후암동"", ""회현동2가"", ""남영동"", ""충정로3가"", ""아현동"", ""대현동"", ""20통"", ""동교동"", ""서교동"", ""합정동"", ""선유도 17고지"", ""성산대교 중간지점"", ""상암동"", ""덕은동"", ""개화동"", ""하야동 2"", ""하야동"", ""선주지동"", ""목상동"", ""시천동 아라로"", ""지점 22"", ""영종대교"", ""영종동"", ""운북동"", ""인천 F2""]"
7b768b2566f7,2026-10-10,FPL000514,UAM0013,a4,4,4,1.0,VP007,봉천,VP009,성수,10,G4,F1,G3,F2,10:18:52,10:23:52,10:34:35,10:39:18,10:49:18,300.0,643.0,283.2,1226.2,45.52,0.0,ready,10:23:35,659.8,18,"[""봉천 F1"", ""봉천동"", ""행운동"", ""인헌동"", ""남현동"", ""방배2동"", ""사당1동"", ""사당1동 2"", ""방배4동"", ""동작동"", ""동작동 2"", ""이촌동"", ""반포동"", ""잠원동 2"", ""신사동 2"", ""신사동"", ""성수대교 남단"", ""성수 F2""]"
7b768b2566f7,2026-10-10,FPL000515,UAM0003,a4,4,4,1.0,VP010,연신내,VP017,수서,10,G6,F1,G5,F2,10:19:09,10:29:09,10:54:46,10:59:29,11:09:29,600.64,1536.2,283.2,2420.04,345.28,286.6,ready,10:28:53,1553.0,29,"[""연신내 F1"", ""지점 23"", ""향동동"", ""지점 24"", ""수색교"", ""지점 25"", ""상암동"", ""성산대교 중간지점"", ""선유도 17고지"", ""합정동"", ""서교동"", ""동교동"", ""20통"", ""대현동"", ""아현동"", ""충정로3가"", ""남영동"", ""회현동2가"", ""후암동"", ""지점 39"", ""약수동"", ""신사동"", ""성수대교 남단"", ""지점 2"", ""청담대교 중간지점"", ""지점 3"", ""잠실7동"", ""개포3동"", ""수서 F2""]"
7b768b2566f7,2026-10-10,FPL000516,UAM0098,a4,4,4,1.0,VP015,마곡,VP003,상암,10,G8,F1,G4,F2,10:23:04,10:39:05,11:03:45,11:08:28,11:18:28,961.28,1479.9,283.2,2724.38,915.6,900.0,ready,10:38:48,1496.7,6,"[""마곡 F1"", ""하야동 2"", ""개화동"", ""덕은동"", ""상암동"", ""상암 F2""]"
7b768b2566f7,2026-10-10,FPL000517,UAM0019,a4,4,4,1.0,VP013,강남,VP018,인천,10,G4,F1,G7,F2,10:36:14,10:49:42,11:17:59,11:22:42,11:32:42,807.36,1696.8,283.2,2787.36,1506.64,0.0,ready,10:49:25,1713.6,29,"[""강남 F1"", ""서초2동 2"", ""지점 21"", ""경부고속도로 양재천 다리"", ""지점 19"", ""방배동"", ""방배2동"", ""남현동"", ""인헌동"", ""행운동"", ""봉천동"", ""은천동"", ""신림동"", ""신림동 2"", ""신사동 3"", ""지점 9"", ""가산동"", ""지점 17"", ""지점 31"", ""지점 30"", ""지점 29"", ""지점 37"", ""간석3동"", ""지점 28"", ""지점 27"", ""지점 26"", ""영종동"", ""운북동"", ""인천 F2""]"
7b768b2566f7,2026-10-10,FPL000518,UAM0096,a4,4,4,1.0,VP008,사당,VP016,망우,10,G3,F1,G4,F2,10:21:39,10:26:39,10:41:54,10:46:37,10:56:37,300.0,914.3,283.2,1497.5,126.12,0.0,ready,10:26:23,931.1,21,"[""사당 F1"", ""방배동"", ""지점 19"", ""경부고속도로 양재천 다리"", ""양재동"", ""지점 10"", ""지점 8"", ""지점 7"", ""지점 6"", ""대치교"", ""잠실7동"", ""지점 3"", ""청담대교 중간지점"", ""건대입구"", ""송정동"", ""중곡1동"", ""지점"", ""중랑천 제방길"", ""중랑철교"", ""중화동"", ""망우 F2""]"
7b768b2566f7,2026-10-10,FPL000519,UAM0055,a4,4,4,1.0,VP016,망우,VP009,성수,10,G1,F1,G4,F2,10:20:13,10:30:16,10:40:19,10:45:02,10:55:02,603.3,603.0,283.2,1489.5,289.22,0.0,ready,10:29:59,619.8,10,"[""망우 F1"", ""중랑철교"", ""중랑천 제방길"", ""지점"", ""중곡1동"", ""송정동"", ""건대입구"", ""청담대교 중간지점"", ""지점 2"", ""성수 F2""]"
7b768b2566f7,2026-10-10,FPL000520,UAM0002,a4,4,4,1.0,VP001,여의도,VP016,망우,10,G1,F1,G1,F2,10:20:49,10:30:41,10:46:28,10:51:26,11:01:26,592.08,947.8,297.28,1837.16,278.0,0.0,ready,10:30:24,964.6,19,"[""여의도 F1"", ""지점 32"", ""여의동 2"", ""이촌2동"", ""이촌동 2"", ""이촌동"", ""반포동"", ""잠원동 2"", ""신사동 2"", ""신사동"", ""응봉동"", ""지점 12"", ""송정동"", ""중곡1동"", ""지점"", ""중랑천 제방길"", ""중랑철교"", ""중화동"", ""망우 F2""]"
7b768b2566f7,2026-10-10,FPL000521,UAM0057,a4,4,4,1.0,VP017,수서,VP010,연신내,10,G6,F1,G5,F2,10:29:21,10:34:21,10:55:11,10:59:55,11:09:55,300.0,1250.7,283.2,1833.9,459.14,0.0,ready,10:34:04,1267.5,29,"[""수서 F1"", ""개포3동"", ""잠실7동"", ""지점 3"", ""청담대교 중간지점"", ""지점 2"", ""성수대교 남단"", ""신사동"", ""약수동"", ""지점 39"", ""후암동"", ""회현동2가"", ""남영동"", ""충정로3가"", ""아현동"", ""대현동"", ""20통"", ""동교동"", ""서교동"", ""합정동"", ""선유도 17고지"", ""성산대교 중간지점"", ""상암동"", ""지점 25"", ""수색교"", ""지점 24"", ""향동동"", ""지점 23"", ""연신내 F2""]"
7b768b2566f7,2026-10-10,FPL000522,UAM0067,a4,4,4,1.0,VP003,상암,VP007,봉천,10,G1,F1,G3,F2,10:22:03,10:27:49,10:39:08,10:43:52,10:53:52,345.92,679.9,283.2,1309.02,31.84,0.0,ready,10:27:32,696.7,9,"[""상암 F1"", ""서교동"", ""합정동"", ""선유도 17고지"", ""지점 11"", ""영등포"", ""신림동 2"", ""신림동"", ""봉천 F2""]"
7b768b2566f7,2026-10-10,FPL000523,UAM0083,a4,4,4,1.0,VP011,천호,VP010,연신내,10,G5,F1,G6,F2,10:40:26,11:04:01,11:26:43,11:31:26,11:41:26,1414.56,1362.14,283.2,3059.9,2176.08,87.94,ready,11:03:44,1378.94,30,"[""천호 F1"", ""천호대교 중간지점"", ""지점 4"", ""잠실대교 중간지점"", ""자양2동"", ""청담대교 중간지점"", ""지점 2"", ""성수대교 남단"", ""신사동"", ""약수동"", ""지점 39"", ""후암동"", ""회현동2가"", ""남영동"", ""충정로3가"", ""아현동"", ""대현동"", ""20통"", ""동교동"", ""서교동"", ""합정동"", ""선유도 17고지"", ""성산대교 중간지점"", ""상암동"", ""지점 25"", ""수색교"", ""지점 24"", ""향동동"", ""지점 23"", ""연신내 F2""]"
7b768b2566f7,2026-10-10,FPL000524,UAM0089,a4,4,4,1.0,VP009,성수,VP014,가산,10,G1,F1,G5,F2,10:22:35,10:34:41,10:49:30,10:54:13,11:04:13,725.9,888.8,283.2,1897.9,411.82,0.0,ready,10:34:24,905.6,18,"[""성수 F1"", ""성수대교 남단"", ""신사동"", ""신사동 2"", ""잠원동 2"", ""반포동"", ""이촌동"", ""이촌동 2"", ""이촌2동"", ""지점 14"", ""지점 13"", ""영등포"", ""신도림동"", ""문래동5가"", ""신도림동 2"", ""신정6동"", ""구로동"", ""가산 F2""]"
7b768b2566f7,2026-10-10,FPL000525,UAM0100,a4,4,4,1.0,VP013,강남,VP012,광화문,10,G1,F1,G1,F2,10:23:02,10:55:02,11:04:00,11:08:57,11:18:57,1920.72,537.8,297.28,2755.8,1578.48,0.0,ready,10:54:46,554.6,12,"[""강남 F1"", ""반포1동"", ""주흥교"", ""잠원동"", ""잠원동 2"", ""신사동 2"", ""신사동"", ""약수동"", ""지점 39"", ""후암동"", ""회현동2가"", ""광화문 F2""]"
7b768b2566f7,2026-10-10,FPL000526,UAM0039,a4,4,4,1.0,VP015,마곡,VP013,강남,10,G5,F1,G6,F2,10:23:24,10:44:26,11:18:05,11:23:42,11:33:42,1261.52,2018.88,337.28,3617.68,947.44,1002.48,ready,10:44:09,2035.68,20,"[""마곡 F1"", ""하야동 2"", ""개화동"", ""덕은동"", ""상암동"", ""성산대교 중간지점"", ""선유도 17고지"", ""지점 5"", ""서강대교 중간지점"", ""지점 32"", ""여의동 2"", ""이촌2동"", ""이촌동 2"", ""이촌동"", ""반포동"", ""잠원동 2"", ""잠원동"", ""주흥교"", ""반포1동"", ""강남 F2""]"
7b768b2566f7,2026-10-10,FPL000527,UAM0062,a4,4,4,1.0,VP008,사당,VP017,수서,10,G4,F1,G3,F2,10:23:54,10:32:00,10:41:44,10:46:41,10:56:41,486.12,583.7,297.28,1367.1,186.12,0.0,ready,10:31:43,600.5,13,"[""사당 F1"", ""방배동"", ""지점 19"", ""경부고속도로 양재천 다리"", ""양재동"", ""지점 10"", ""지점 8"", ""지점 7"", ""지점 6"", ""대치교"", ""잠실7동"", ""개포3동"", ""수서 F2""]"
7b768b2566f7,2026-10-10,FPL000528,UAM0038,a4,4,4,1.0,VP016,망우,VP010,연신내,10,G2,F1,G6,F2,10:29:42,10:35:37,10:59:32,11:04:15,11:14:15,355.0,1435.2,283.2,2073.4,338.0,104.5,ready,10:35:20,1452.0,30,"[""망우 F1"", ""중랑철교"", ""중랑천 제방길"", ""지점"", ""중곡1동"", ""송정동"", ""지점 12"", ""응봉동"", ""신사동"", ""약수동"", ""지점 39"", ""후암동"", ""회현동2가"", ""남영동"", ""충정로3가"", ""아현동"", ""대현동"", ""20통"", ""동교동"", ""서교동"", ""합정동"", ""선유도 17고지"", ""성산대교 중간지점"", ""상암동"", ""지점 25"", ""수색교"", ""지점 24"", ""향동동"", ""지점 23"", ""연신내 F2""]"
7b768b2566f7,2026-10-10,FPL000529,UAM0091,a4,4,4,1.0,VP012,광화문,VP004,용산,10,G3,F1,G4,F2,10:25:03,10:30:03,10:38:11,10:42:54,10:52:54,300.0,488.02,283.2,1071.22,0,134.02,ready,10:29:46,504.82,6,"[""광화문 F1"", ""남영동"", ""청파동1가"", ""한강로1가"", ""한강로2가"", ""용산 F2""]"
7b768b2566f7,2026-10-10,FPL000530,UAM0088,a4,4,4,1.0,VP001,여의도,VP003,상암,10,G2,F1,G3,F2,10:25:09,10:36:01,10:58:36,11:03:19,11:13:19,652.08,1354.7,283.2,2289.98,338.0,900.0,ready,10:35:45,1371.5,5,"[""여의도 F1"", ""지점 11"", ""선유도 17고지"", ""합정동"", ""상암 F2""]"
7b768b2566f7,2026-10-10,FPL000531,UAM0072,a4,4,4,1.0,VP003,상암,VP011,천호,10,G3,F1,G3,F2,10:26:09,10:33:09,11:08:01,11:13:12,11:23:12,420.0,2091.72,311.36,2823.08,120.0,1200.22,ready,10:32:52,2108.52,21,"[""상암 F1"", ""서교동"", ""동교동"", ""20통"", ""대현동"", ""아현동"", ""충정로3가"", ""남영동"", ""회현동2가"", ""후암동"", ""지점 39"", ""약수동"", ""신사동"", ""성수대교 남단"", ""지점 2"", ""청담대교 중간지점"", ""자양2동"", ""잠실대교 중간지점"", ""지점 4"", ""천호대교 중간지점"", ""천호 F2""]"
7b768b2566f7,2026-10-10,FPL000532,UAM0009,a4,4,4,1.0,VP014,가산,VP015,마곡,10,G5,F1,G7,F2,10:28:15,10:33:15,10:47:05,10:56:49,11:06:49,300.0,830.1,584.04,1714.14,115.0,300.84,ready,10:32:58,846.9,12,"[""가산 F1"", ""구로동"", ""신정6동"", ""신도림동 2"", ""목1동"", ""양평동"", ""지점 18"", ""상암동"", ""덕은동"", ""개화동"", ""하야동 2"", ""마곡 F2""]"
7b768b2566f7,2026-10-10,FPL000533,UAM0026,a4,4,4,1.0,VP013,강남,VP014,가산,10,G6,F1,G3,F2,10:46:22,11:00:23,11:19:51,11:24:48,11:34:48,841.44,1167.7,297.28,2306.42,1694.8,286.5,ready,11:00:06,1184.5,18,"[""강남 F1"", ""서초2동 2"", ""지점 21"", ""경부고속도로 양재천 다리"", ""지점 19"", ""방배동"", ""방배2동"", ""남현동"", ""인헌동"", ""행운동"", ""봉천동"", ""은천동"", ""신림동"", ""신림동 2"", ""신사동 3"", ""지점 9"", ""가산동"", ""가산 F2""]"
7b768b2566f7,2026-10-10,FPL000534,UAM0063,a4,4,4,1.0,VP009,성수,VP014,가산,10,G2,F1,G3,F2,10:26:56,10:40:02,10:58:11,11:03:08,11:13:08,785.9,1089.44,297.28,2172.62,471.82,200.64,ready,10:39:45,1106.24,18,"[""성수 F1"", ""성수대교 남단"", ""신사동"", ""신사동 2"", ""잠원동 2"", ""반포동"", ""이촌동"", ""이촌동 2"", ""이촌2동"", ""지점 14"", ""지점 13"", ""영등포"", ""신도림동"", ""문래동5가"", ""신도림동 2"", ""신정6동"", ""구로동"", ""가산 F2""]"
7b768b2566f7,2026-10-10,FPL000535,UAM0058,a4,4,4,1.0,VP004,용산,VP017,수서,10,G3,F1,G6,F2,10:27:19,10:32:19,10:46:04,10:50:48,11:00:48,300.0,824.98,283.2,1408.18,0,65.68,ready,10:32:03,841.78,17,"[""용산 F1"", ""한강로2가"", ""한강로1가"", ""청파동1가"", ""남영동"", ""회현동2가"", ""후암동"", ""지점 39"", ""약수동"", ""신사동"", ""성수대교 남단"", ""지점 2"", ""청담대교 중간지점"", ""지점 3"", ""잠실7동"", ""개포3동"", ""수서 F2""]"
7b768b2566f7,2026-10-10,FPL000536,UAM0060,a4,4,4,1.0,VP015,마곡,VP010,연신내,10,G4,F1,G3,F2,10:27:59,10:49:46,11:03:53,11:08:50,11:18:50,1307.44,846.46,297.28,2451.18,979.28,166.86,ready,10:49:29,863.26,10,"[""마곡 F1"", ""하야동 2"", ""개화동"", ""덕은동"", ""지점 25"", ""수색교"", ""지점 24"", ""향동동"", ""지점 23"", ""연신내 F2""]"
7b768b2566f7,2026-10-10,FPL000537,UAM0032,a4,4,4,1.0,VP007,봉천,VP018,인천,10,G3,F1,G8,F2,10:33:20,10:38:20,11:03:04,11:07:47,11:17:47,300.0,1483.66,283.2,2066.86,272.62,126.76,ready,10:38:04,1500.46,18,"[""봉천 F1"", ""신림동"", ""신림동 2"", ""신사동 3"", ""지점 9"", ""가산동"", ""지점 17"", ""지점 31"", ""지점 30"", ""지점 29"", ""지점 37"", ""간석3동"", ""지점 28"", ""지점 27"", ""지점 26"", ""영종동"", ""운북동"", ""인천 F2""]"
7b768b2566f7,2026-10-10,FPL000538,UAM0043,a4,4,4,1.0,VP010,연신내,VP011,천호,10,G3,F1,G7,F2,10:28:59,10:34:30,11:12:22,11:21:45,11:31:45,331.44,2271.42,563.2,3166.06,17.36,1268.12,ready,10:34:13,2288.22,30,"[""연신내 F1"", ""지점 23"", ""향동동"", ""지점 24"", ""수색교"", ""지점 25"", ""상암동"", ""성산대교 중간지점"", ""선유도 17고지"", ""합정동"", ""서교동"", ""동교동"", ""20통"", ""대현동"", ""아현동"", ""충정로3가"", ""남영동"", ""회현동2가"", ""후암동"", ""지점 39"", ""약수동"", ""신사동"", ""성수대교 남단"", ""지점 2"", ""청담대교 중간지점"", ""자양2동"", ""잠실대교 중간지점"", ""지점 4"", ""천호대교 중간지점"", ""천호 F2""]"
7b768b2566f7,2026-10-10,FPL000539,UAM0042,a4,4,4,1.0,VP001,여의도,VP014,가산,10,G3,F1,G6,F2,10:29:16,10:41:22,10:53:50,10:58:34,11:08:34,726.16,748.42,283.2,1757.78,426.16,168.62,ready,10:41:05,765.22,8,"[""여의도 F1"", ""영등포"", ""신도림동"", ""문래동5가"", ""신도림동 2"", ""신정6동"", ""구로동"", ""가산 F2""]"
7b768b2566f7,2026-10-10,FPL000540,UAM0031,a4,4,4,1.0,VP016,망우,VP012,광화문,10,G4,F1,G3,F2,10:30:16,10:40:58,10:52:44,10:57:27,11:07:27,641.56,706.1,283.2,1630.86,395.68,0.0,ready,10:40:41,722.9,14,"[""망우 F1"", ""중랑철교"", ""중랑천 제방길"", ""지점"", ""중곡1동"", ""송정동"", ""지점 12"", ""응봉동"", ""신사동"", ""약수동"", ""지점 39"", ""후암동"", ""회현동2가"", ""광화문 F2""]"
7b768b2566f7,2026-10-10,FPL000541,UAM0074,a4,4,4,1.0,VP017,수서,VP001,여의도,10,G5,F1,G3,F2,10:33:41,10:39:41,10:53:36,10:58:19,11:08:19,360.0,834.5,283.2,1477.7,312.12,0.0,ready,10:39:25,851.3,17,"[""수서 F1"", ""개포3동"", ""잠실7동"", ""지점 3"", ""청담대교 중간지점"", ""지점 2"", ""성수대교 남단"", ""신사동"", ""신사동 2"", ""잠원동 2"", ""반포동"", ""이촌동"", ""이촌동 2"", ""이촌2동"", ""여의동 2"", ""지점 32"", ""여의도 F2""]"
7b768b2566f7,2026-10-10,FPL000542,UAM0065,a4,4,4,1.0,VP012,광화문,VP003,상암,10,G1,F1,G2,F2,10:29:38,10:35:24,10:53:57,10:58:54,11:08:54,345.92,1112.88,297.28,1756.08,31.84,680.58,ready,10:35:07,1129.68,9,"[""광화문 F1"", ""충정로3가"", ""아현동"", ""대현동"", ""20통"", ""동교동"", ""서교동"", ""합정동"", ""상암 F2""]"
7b768b2566f7,2026-10-10,FPL000543,UAM0077,a4,4,4,1.0,VP002,잠실,VP015,마곡,10,G5,F1,G8,F2,10:30:31,10:35:31,10:55:23,11:00:06,11:10:06,300.0,1192.4,283.2,1775.6,0,0.0,ready,10:35:14,1209.2,25,"[""잠실 F1"", ""지점 3"", ""청담대교 중간지점"", ""지점 2"", ""성수대교 남단"", ""신사동"", ""약수동"", ""지점 39"", ""후암동"", ""회현동2가"", ""남영동"", ""충정로3가"", ""아현동"", ""대현동"", ""20통"", ""동교동"", ""서교동"", ""합정동"", ""선유도 17고지"", ""성산대교 중간지점"", ""상암동"", ""덕은동"", ""개화동"", ""하야동 2"", ""마곡 F2""]"
7b768b2566f7,2026-10-10,FPL000544,UAM0014,a4,4,4,1.0,VP013,강남,VP002,잠실,10,G7,F1,G5,F2,10:51:28,11:05:44,11:15:50,11:20:33,11:30:33,855.52,606.4,283.2,1745.12,1782.96,0.0,ready,11:05:27,623.2,12,"[""강남 F1"", ""서초2동 2"", ""지점 21"", ""경부고속도로 양재천 다리"", ""양재동"", ""지점 10"", ""지점 8"", ""지점 7"", ""지점 6"", ""대치교"", ""잠실7동"", ""잠실 F2""]"
7b768b2566f7,2026-10-10,FPL000545,UAM0052,a4,4,4,1.0,VP009,성수,VP017,수서,10,G3,F1,G1,F2,10:31:02,10:45:22,10:59:06,11:04:18,11:14:18,859.98,824.08,311.36,1995.42,559.98,367.48,ready,10:45:05,840.88,7,"[""성수 F1"", ""지점 2"", ""청담대교 중간지점"", ""지점 3"", ""잠실7동"", ""개포3동"", ""수서 F2""]"
7b768b2566f7,2026-10-10,FPL000546,UAM0037,a4,4,4,1.0,VP006,미아,VP012,광화문,10,G3,F1,G4,F2,10:35:20,10:40:20,10:57:04,11:01:47,11:11:47,300.0,1004.34,283.2,1587.54,244.98,113.34,ready,10:40:03,1021.14,19,"[""미아 F1"", ""월계동"", ""월계3동"", ""공릉1동 2"", ""월릉교"", ""중화동"", ""중랑철교"", ""중랑천 제방길"", ""지점"", ""중곡1동"", ""송정동"", ""지점 12"", ""응봉동"", ""신사동"", ""약수동"", ""지점 39"", ""후암동"", ""회현동2가"", ""광화문 F2""]"
7b768b2566f7,2026-10-10,FPL000547,UAM0027,a4,4,4,1.0,VP008,사당,VP017,수서,10,G1,F1,G4,F2,10:31:49,10:37:21,10:50:25,10:55:22,11:05:22,331.44,784.34,297.28,1413.06,17.36,200.64,ready,10:37:04,801.14,13,"[""사당 F1"", ""방배동"", ""지점 19"", ""경부고속도로 양재천 다리"", ""양재동"", ""지점 10"", ""지점 8"", ""지점 7"", ""지점 6"", ""대치교"", ""잠실7동"", ""개포3동"", ""수서 F2""]"
7b768b2566f7,2026-10-10,FPL000548,UAM0040,a4,4,4,1.0,VP015,마곡,VP012,광화문,10,G6,F1,G3,F2,10:35:57,10:55:07,11:08:47,11:13:30,11:23:30,1150.24,820.2,283.2,2253.64,1067.44,0.0,ready,10:54:50,837.0,15,"[""마곡 F1"", ""하야동 2"", ""개화동"", ""덕은동"", ""상암동"", ""성산대교 중간지점"", ""선유도 17고지"", ""합정동"", ""서교동"", ""동교동"", ""20통"", ""대현동"", ""아현동"", ""충정로3가"", ""광화문 F2""]"
7b768b2566f7,2026-10-10,FPL000549,UAM0030,a4,4,4,1.0,VP011,천호,VP006,미아,10,G6,F1,G3,F2,11:00:00,11:09:21,11:21:26,11:26:09,11:36:09,560.8,724.8,283.2,1568.8,1855.44,0.0,ready,11:09:04,741.6,15,"[""천호 F1"", ""천호대교 중간지점"", ""아차산 고가차도"", ""구의동"", ""능동"", ""중곡1동"", ""지점"", ""중랑천 제방길"", ""중랑철교"", ""중화동"", ""월릉교"", ""공릉1동 2"", ""월계3동"", ""월계동"", ""미아 F2""]"
7b768b2566f7,2026-10-10,FPL000550,UAM0061,a4,4,4,1.0,VP011,천호,VP012,광화문,10,G1,F1,G1,F2,10:40:06,11:14:42,11:29:29,11:34:27,11:44:27,2075.84,887.36,297.28,3260.48,2099.76,237.76,ready,11:14:25,904.16,14,"[""천호 F1"", ""천호대교 중간지점"", ""지점 4"", ""잠실대교 중간지점"", ""자양2동"", ""청담대교 중간지점"", ""지점 2"", ""성수대교 남단"", ""신사동"", ""약수동"", ""지점 39"", ""후암동"", ""회현동2가"", ""광화문 F2""]"
7b768b2566f7,2026-10-10,FPL000551,UAM0029,a4,4,4,1.0,VP007,봉천,VP008,사당,10,G4,F1,G2,F2,10:34:35,10:43:41,10:51:20,10:56:17,11:06:17,546.16,458.76,297.28,1302.2,246.16,146.26,ready,10:43:24,475.56,5,"[""봉천 F1"", ""봉천동"", ""행운동"", ""인헌동"", ""사당 F2""]"
7b768b2566f7,2026-10-10,FPL000552,UAM0025,a4,4,4,1.0,VP016,망우,VP002,잠실,10,G3,F1,G6,F2,10:34:42,10:46:18,11:00:06,11:04:49,11:14:49,695.68,827.44,283.2,1806.32,395.68,249.04,ready,10:46:01,844.24,10,"[""망우 F1"", ""중랑철교"", ""중랑천 제방길"", ""지점"", ""중곡1동"", ""송정동"", ""건대입구"", ""청담대교 중간지점"", ""지점 3"", ""잠실 F2""]"
7b768b2566f7,2026-10-10,FPL000553,UAM0051,a4,4,4,1.0,VP017,수서,VP006,미아,10,G3,F1,G3,F2,10:35:10,10:45:02,10:59:05,11:03:48,11:13:48,592.08,842.7,283.2,1717.98,278.0,0.0,ready,10:44:45,859.5,17,"[""수서 F1"", ""개포3동"", ""잠실7동"", ""지점 3"", ""청담대교 중간지점"", ""건대입구"", ""송정동"", ""중곡1동"", ""지점"", ""중랑천 제방길"", ""중랑철교"", ""중화동"", ""월릉교"", ""공릉1동 2"", ""월계3동"", ""월계동"", ""미아 F2""]"
7b768b2566f7,2026-10-10,FPL000554,UAM0023,a4,4,4,1.0,VP013,강남,VP012,광화문,10,G8,F1,G4,F2,10:51:48,11:11:04,11:20:02,11:24:45,11:34:45,1156.16,537.8,283.2,1977.16,1842.96,0.0,ready,11:10:47,554.6,12,"[""강남 F1"", ""반포1동"", ""주흥교"", ""잠원동"", ""잠원동 2"", ""신사동 2"", ""신사동"", ""약수동"", ""지점 39"", ""후암동"", ""회현동2가"", ""광화문 F2""]"
7b768b2566f7,2026-10-10,FPL000555,UAM0018,a4,4,4,1.0,VP001,여의도,VP013,강남,10,G4,F1,G8,F2,10:36:48,10:46:43,10:57:13,11:18:07,11:28:07,594.6,630.8,1253.68,2479.08,294.6,970.48,ready,10:46:26,647.6,12,"[""여의도 F1"", ""지점 32"", ""여의동 2"", ""이촌2동"", ""이촌동 2"", ""이촌동"", ""반포동"", ""잠원동 2"", ""잠원동"", ""주흥교"", ""반포1동"", ""강남 F2""]"
7b768b2566f7,2026-10-10,FPL000556,UAM0048,a4,4,4,1.0,VP010,연신내,VP011,천호,10,G5,F1,G5,F2,10:37:32,10:42:32,11:26:03,11:32:40,11:42:40,300.0,2611.24,397.28,3308.52,0,1427.94,ready,10:42:15,2628.04,30,"[""연신내 F1"", ""지점 23"", ""향동동"", ""지점 24"", ""수색교"", ""지점 25"", ""상암동"", ""성산대교 중간지점"", ""선유도 17고지"", ""합정동"", ""서교동"", ""동교동"", ""20통"", ""대현동"", ""아현동"", ""충정로3가"", ""남영동"", ""회현동2가"", ""후암동"", ""지점 39"", ""약수동"", ""신사동"", ""성수대교 남단"", ""지점 2"", ""청담대교 중간지점"", ""자양2동"", ""잠실대교 중간지점"", ""지점 4"", ""천호대교 중간지점"", ""천호 F2""]"
7b768b2566f7,2026-10-10,FPL000557,UAM0041,a4,4,4,1.0,VP009,성수,VP007,봉천,10,G4,F1,G3,F2,10:39:22,10:50:43,11:01:30,11:06:13,11:16:13,680.42,647.1,283.2,1610.72,459.6,0.0,ready,10:50:26,663.9,18,"[""성수 F1"", ""성수대교 남단"", ""신사동"", ""신사동 2"", ""잠원동 2"", ""반포동"", ""이촌동"", ""동작동 2"", ""동작동"", ""방배4동"", ""사당1동 2"", ""사당1동"", ""방배2동"", ""남현동"", ""인헌동"", ""행운동"", ""봉천동"", ""봉천 F2""]"
7b768b2566f7,2026-10-10,FPL000558,UAM0099,a4,4,4,1.0,VP014,가산,VP001,여의도,10,G6,F1,G1,F2,10:42:24,10:47:24,10:57:57,11:02:54,11:12:54,300.0,632.34,297.28,1229.62,253.5,50.44,ready,10:47:07,649.14,8,"[""가산 F1"", ""구로동"", ""신정6동"", ""신도림동 2"", ""문래동5가"", ""신도림동"", ""영등포"", ""여의도 F2""]"
7b768b2566f7,2026-10-10,FPL000559,UAM0094,a4,4,4,1.0,VP007,봉천,VP009,성수,10,G1,F1,G3,F2,10:39:10,10:49:02,10:59:45,11:04:28,11:14:28,592.08,643.0,283.2,1518.28,278.0,0.0,ready,10:48:45,659.8,18,"[""봉천 F1"", ""봉천동"", ""행운동"", ""인헌동"", ""남현동"", ""방배2동"", ""사당1동"", ""사당1동 2"", ""방배4동"", ""동작동"", ""동작동 2"", ""이촌동"", ""반포동"", ""잠원동 2"", ""신사동 2"", ""신사동"", ""성수대교 남단"", ""성수 F2""]"
7b768b2566f7,2026-10-10,FPL000560,UAM0004,a4,4,4,1.0,VP018,인천,VP009,성수,10,G7,F1,G3,F2,10:42:08,10:47:08,11:16:27,11:21:11,11:31:11,300.0,1759.2,283.2,2342.4,168.56,0.0,ready,10:46:51,1776.0,30,"[""인천 F1"", ""운북동"", ""영종동"", ""영종대교"", ""지점 22"", ""시천동 아라로"", ""목상동"", ""선주지동"", ""하야동"", ""하야동 2"", ""개화동"", ""덕은동"", ""상암동"", ""성산대교 중간지점"", ""선유도 17고지"", ""합정동"", ""서교동"", ""동교동"", ""20통"", ""대현동"", ""아현동"", ""충정로3가"", ""남영동"", ""회현동2가"", ""후암동"", ""지점 39"", ""약수동"", ""신사동"", ""성수대교 남단"", ""성수 F2""]"
7b768b2566f7,2026-10-10,FPL000561,UAM0082,a4,4,4,1.0,VP017,수서,VP002,잠실,10,G4,F1,G5,F2,10:39:31,10:50:23,10:55:45,11:00:28,11:10:28,652.08,322.3,283.2,1257.58,338.0,0.0,ready,10:50:06,339.1,4,"[""수서 F1"", ""개포3동"", ""잠실7동"", ""잠실 F2""]"
7b768b2566f7,2026-10-10,FPL000562,UAM0016,a4,4,4,1.0,VP016,망우,VP011,천호,10,G1,F1,G8,F2,10:39:38,10:51:39,11:21:42,11:27:05,11:37:05,721.16,1803.34,323.2,2847.7,407.08,1303.04,ready,10:51:22,1820.14,10,"[""망우 F1"", ""중랑철교"", ""중랑천 제방길"", ""지점"", ""중곡1동"", ""능동"", ""구의동"", ""아차산 고가차도"", ""천호대교 중간지점"", ""천호 F2""]"
7b768b2566f7,2026-10-10,FPL000563,UAM0069,a4,4,4,1.0,VP005,목동,VP018,인천,10,G7,F1,G5,F2,10:41:28,10:46:28,11:07:25,11:12:22,11:22:22,300.0,1256.38,297.28,1853.66,0,2.18,ready,10:46:11,1273.18,15,"[""목동 F1"", ""신정6동"", ""구로동"", ""지점 17"", ""지점 31"", ""지점 30"", ""지점 29"", ""지점 37"", ""간석3동"", ""지점 28"", ""지점 27"", ""지점 26"", ""영종동"", ""운북동"", ""인천 F2""]"
7b768b2566f7,2026-10-10,FPL000564,UAM0086,a4,4,4,1.0,VP005,목동,VP018,인천,10,G8,F1,G6,F2,10:41:49,10:51:49,11:12:43,11:17:40,11:27:40,600.0,1254.2,297.28,2151.48,300.0,0.0,ready,10:51:32,1271.0,15,"[""목동 F1"", ""신정6동"", ""구로동"", ""지점 17"", ""지점 31"", ""지점 30"", ""지점 29"", ""지점 37"", ""간석3동"", ""지점 28"", ""지점 27"", ""지점 26"", ""영종동"", ""운북동"", ""인천 F2""]"
7b768b2566f7,2026-10-10,FPL000565,UAM0073,a4,4,4,1.0,VP007,봉천,VP017,수서,10,G2,F1,G4,F2,10:44:02,10:54:22,11:12:08,11:17:05,11:27:05,620.52,1065.92,297.28,1983.72,338.0,365.22,ready,10:54:05,1082.72,18,"[""봉천 F1"", ""봉천동"", ""행운동"", ""인헌동"", ""남현동"", ""방배2동"", ""방배동"", ""지점 19"", ""경부고속도로 양재천 다리"", ""양재동"", ""지점 10"", ""지점 8"", ""지점 7"", ""지점 6"", ""대치교"", ""잠실7동"", ""개포3동"", ""수서 F2""]"
7b768b2566f7,2026-10-10,FPL000566,UAM0035,a4,4,4,1.0,VP017,수서,VP003,상암,10,G6,F1,G2,F2,10:46:31,10:55:43,11:12:26,11:17:23,11:27:23,552.14,1002.86,297.28,1852.28,426.16,123.66,ready,10:55:27,1019.66,21,"[""수서 F1"", ""개포3동"", ""잠실7동"", ""지점 3"", ""청담대교 중간지점"", ""지점 2"", ""성수대교 남단"", ""신사동"", ""약수동"", ""지점 39"", ""후암동"", ""회현동2가"", ""남영동"", ""충정로3가"", ""아현동"", ""대현동"", ""20통"", ""동교동"", ""서교동"", ""합정동"", ""상암 F2""]"
7b768b2566f7,2026-10-10,FPL000567,UAM0012,a4,4,4,1.0,VP014,가산,VP005,목동,10,G5,F1,G7,F2,10:43:39,10:52:45,11:00:29,11:05:12,11:15:12,546.16,464.3,283.2,1293.66,246.16,0.0,ready,10:52:28,481.1,4,"[""가산 F1"", ""구로동"", ""신정6동"", ""목동 F2""]"
7b768b2566f7,2026-10-10,FPL000568,UAM0006,a4,4,4,1.0,VP018,인천,VP002,잠실,10,G8,F1,G4,F2,10:43:40,10:52:29,11:28:52,11:33:49,11:43:49,528.56,2183.04,297.28,3008.88,228.56,413.74,ready,10:52:12,2199.84,34,"[""인천 F1"", ""운북동"", ""영종동"", ""지점 26"", ""지점 27"", ""지점 28"", ""간석3동"", ""지점 37"", ""지점 29"", ""지점 30"", ""지점 31"", ""지점 17"", ""가산동"", ""지점 9"", ""신사동 3"", ""신림동 2"", ""신림동"", ""은천동"", ""봉천동"", ""행운동"", ""인헌동"", ""남현동"", ""방배2동"", ""방배동"", ""지점 19"", ""경부고속도로 양재천 다리"", ""양재동"", ""지점 10"", ""지점 8"", ""지점 7"", ""지점 6"", ""대치교"", ""잠실7동"", ""잠실 F2""]"
7b768b2566f7,2026-10-10,FPL000569,UAM0049,a4,4,4,1.0,VP011,천호,VP008,사당,10,G3,F1,G4,F2,11:08:56,11:20:03,11:32:17,11:37:00,11:47:00,666.72,734.4,283.2,1684.32,1827.28,0.0,ready,11:19:46,751.2,17,"[""천호 F1"", ""천호대교 중간지점"", ""지점 4"", ""잠실대교 중간지점"", ""자양2동"", ""지점 3"", ""잠실7동"", ""대치교"", ""지점 6"", ""지점 7"", ""지점 8"", ""지점 10"", ""양재동"", ""경부고속도로 양재천 다리"", ""지점 19"", ""방배동"", ""사당 F2""]"
7b768b2566f7,2026-10-10,FPL000570,UAM0054,a4,4,4,1.0,VP001,여의도,VP013,강남,10,G3,F1,G4,F2,10:49:03,10:54:03,11:26:46,11:31:57,11:41:57,300.0,1962.56,311.36,2573.92,247.16,1331.76,ready,10:53:46,1979.36,12,"[""여의도 F1"", ""지점 32"", ""여의동 2"", ""이촌2동"", ""이촌동 2"", ""이촌동"", ""반포동"", ""잠원동 2"", ""잠원동"", ""주흥교"", ""반포1동"", ""강남 F2""]"
7b768b2566f7,2026-10-10,FPL000571,UAM0070,a4,4,4,1.0,VP006,미아,VP007,봉천,10,G4,F1,G4,F2,10:45:17,10:50:17,11:08:09,11:12:52,11:22:52,300.0,1072.0,283.2,1655.2,1.58,0.0,ready,10:50:00,1088.8,29,"[""미아 F1"", ""월계동"", ""월계3동"", ""공릉1동 2"", ""월릉교"", ""중화동"", ""중랑철교"", ""중랑천 제방길"", ""지점"", ""중곡1동"", ""송정동"", ""지점 12"", ""응봉동"", ""신사동"", ""신사동 2"", ""잠원동 2"", ""반포동"", ""이촌동"", ""동작동 2"", ""동작동"", ""방배4동"", ""사당1동 2"", ""사당1동"", ""방배2동"", ""남현동"", ""인헌동"", ""행운동"", ""봉천동"", ""봉천 F2""]"
7b768b2566f7,2026-10-10,FPL000572,UAM0011,a4,4,4,1.0,VP015,마곡,VP013,강남,10,G7,F1,G7,F2,10:46:12,11:00:28,11:31:06,11:35:50,11:45:50,855.52,1838.88,283.2,2977.6,601.04,782.48,ready,11:00:11,1855.68,20,"[""마곡 F1"", ""하야동 2"", ""개화동"", ""덕은동"", ""상암동"", ""성산대교 중간지점"", ""선유도 17고지"", ""지점 5"", ""서강대교 중간지점"", ""지점 32"", ""여의동 2"", ""이촌2동"", ""이촌동 2"", ""이촌동"", ""반포동"", ""잠원동 2"", ""잠원동"", ""주흥교"", ""반포1동"", ""강남 F2""]"
7b768b2566f7,2026-10-10,FPL000573,UAM0036,a4,4,4,1.0,VP013,강남,VP001,여의도,10,G5,F1,G3,F2,10:51:42,11:16:25,11:27:01,11:31:44,11:41:44,1482.72,636.0,283.2,2401.92,1534.8,0.0,ready,11:16:08,652.8,12,"[""강남 F1"", ""반포1동"", ""주흥교"", ""잠원동"", ""잠원동 2"", ""반포동"", ""이촌동"", ""이촌동 2"", ""이촌2동"", ""여의동 2"", ""지점 32"", ""여의도 F2""]"
7b768b2566f7,2026-10-10,FPL000574,UAM0024,a4,4,4,1.0,VP015,마곡,VP018,인천,10,G8,F1,G8,F2,10:46:32,11:05:48,11:23:47,11:28:31,11:38:31,1156.16,1079.3,283.2,2518.66,901.68,0.0,ready,11:05:31,1096.1,10,"[""마곡 F1"", ""하야동"", ""선주지동"", ""목상동"", ""시천동 아라로"", ""지점 22"", ""영종대교"", ""영종동"", ""운북동"", ""인천 F2""]"
7b768b2566f7,2026-10-10,FPL000575,UAM0050,a4,4,4,1.0,VP010,연신내,VP015,마곡,10,G6,F1,G5,F2,10:45:55,10:50:55,11:02:13,11:07:10,11:17:10,300.0,677.8,297.28,1275.08,0,0.0,ready,10:50:38,694.6,10,"[""연신내 F1"", ""지점 23"", ""향동동"", ""지점 24"", ""수색교"", ""지점 25"", ""덕은동"", ""개화동"", ""하야동 2"", ""마곡 F2""]"
7b768b2566f7,2026-10-10,FPL000576,UAM0047,a4,4,4,1.0,VP012,광화문,VP017,수서,10,G3,F1,G6,F2,10:46:07,10:51:07,11:03:27,11:08:10,11:18:10,300.0,739.48,283.2,1322.68,0,108.18,ready,10:50:51,756.28,13,"[""광화문 F1"", ""회현동2가"", ""후암동"", ""지점 39"", ""약수동"", ""신사동"", ""성수대교 남단"", ""지점 2"", ""청담대교 중간지점"", ""지점 3"", ""잠실7동"", ""개포3동"", ""수서 F2""]"
7b768b2566f7,2026-10-10,FPL000577,UAM0015,a4,4,4,1.0,VP013,강남,VP006,미아,10,G3,F1,G3,F2,10:46:36,11:21:46,11:36:41,11:41:25,11:51:25,2109.92,895.8,283.2,3288.92,1807.28,0.0,ready,11:21:29,912.6,20,"[""강남 F1"", ""반포1동"", ""주흥교"", ""잠원동"", ""잠원동 2"", ""신사동 2"", ""신사동"", ""응봉동"", ""지점 12"", ""송정동"", ""중곡1동"", ""지점"", ""중랑천 제방길"", ""중랑철교"", ""중화동"", ""월릉교"", ""공릉1동 2"", ""월계3동"", ""월계동"", ""미아 F2""]"
7b768b2566f7,2026-10-10,FPL000578,UAM0017,a4,4,4,1.0,VP014,가산,VP011,천호,10,G3,F1,G6,F2,10:48:13,10:58:05,11:34:44,11:43:21,11:53:21,592.08,2198.6,517.28,3307.96,278.0,1321.6,ready,10:57:49,2215.4,24,"[""가산 F1"", ""구로동"", ""신정6동"", ""신도림동 2"", ""문래동5가"", ""신도림동"", ""영등포"", ""지점 13"", ""지점 14"", ""이촌2동"", ""이촌동 2"", ""이촌동"", ""반포동"", ""잠원동 2"", ""신사동 2"", ""신사동"", ""성수대교 남단"", ""지점 2"", ""청담대교 중간지점"", ""자양2동"", ""잠실대교 중간지점"", ""지점 4"", ""천호대교 중간지점"", ""천호 F2""]"
7b768b2566f7,2026-10-10,FPL000579,UAM0020,a4,4,4,1.0,VP017,수서,VP015,마곡,10,G5,F1,G8,F2,10:55:12,11:01:04,11:23:44,11:28:27,11:38:27,351.5,1360.06,283.2,1994.76,459.14,87.56,ready,11:00:47,1376.86,27,"[""수서 F1"", ""개포3동"", ""잠실7동"", ""지점 3"", ""청담대교 중간지점"", ""지점 2"", ""성수대교 남단"", ""신사동"", ""약수동"", ""지점 39"", ""후암동"", ""회현동2가"", ""남영동"", ""충정로3가"", ""아현동"", ""대현동"", ""20통"", ""동교동"", ""서교동"", ""합정동"", ""선유도 17고지"", ""성산대교 중간지점"", ""상암동"", ""덕은동"", ""개화동"", ""하야동 2"", ""마곡 F2""]"
7b768b2566f7,2026-10-10,FPL000580,UAM0046,a4,4,4,1.0,VP004,용산,VP013,강남,10,G3,F1,G3,F2,10:48:34,10:53:34,11:22:25,11:27:37,11:37:37,300.0,1731.46,311.36,2342.82,0,1163.46,ready,10:53:17,1748.26,10,"[""용산 F1"", ""한강로3가"", ""이촌동 2"", ""이촌동"", ""반포동"", ""잠원동 2"", ""잠원동"", ""주흥교"", ""반포1동"", ""강남 F2""]"
7b768b2566f7,2026-10-10,FPL000581,UAM0078,a4,4,4,1.0,VP008,사당,VP014,가산,10,G3,F1,G5,F2,10:56:07,11:01:07,11:11:09,11:15:53,11:25:53,300.0,602.2,283.2,1185.4,450.04,0.0,ready,11:00:50,619.0,11,"[""사당 F1"", ""인헌동"", ""행운동"", ""봉천동"", ""은천동"", ""신림동"", ""신림동 2"", ""신사동 3"", ""지점 9"", ""가산동"", ""가산 F2""]"
7b768b2566f7,2026-10-10,FPL000582,UAM0084,a4,4,4,1.0,VP011,천호,VP001,여의도,10,G7,F1,G3,F2,11:12:48,11:25:23,11:59:41,12:04:24,12:14:24,754.88,2058.0,283.2,3096.08,1883.6,1200.0,ready,11:25:06,2074.8,18,"[""천호 F1"", ""천호대교 중간지점"", ""지점 4"", ""잠실대교 중간지점"", ""자양2동"", ""청담대교 중간지점"", ""지점 2"", ""성수대교 남단"", ""신사동"", ""신사동 2"", ""잠원동 2"", ""반포동"", ""이촌동"", ""이촌동 2"", ""이촌2동"", ""여의동 2"", ""지점 32"", ""여의도 F2""]"
7b768b2566f7,2026-10-10,FPL000583,UAM0013,a4,4,4,1.0,VP009,성수,VP003,상암,10,G3,F1,G1,F2,10:49:18,10:56:03,11:08:06,11:13:03,11:23:03,405.3,722.04,297.28,1424.62,105.3,24.44,ready,10:55:47,738.84,16,"[""성수 F1"", ""성수대교 남단"", ""신사동"", ""약수동"", ""지점 39"", ""후암동"", ""회현동2가"", ""남영동"", ""충정로3가"", ""아현동"", ""대현동"", ""20통"", ""동교동"", ""서교동"", ""합정동"", ""상암 F2""]"
7b768b2566f7,2026-10-10,FPL000584,UAM0079,a4,4,4,1.0,VP011,천호,VP013,강남,10,G2,F1,G5,F2,11:09:10,11:30:44,11:44:08,11:57:52,12:07:52,1293.92,804.52,823.68,2922.12,2099.76,539.92,ready,11:30:27,821.32,17,"[""천호 F1"", ""천호대교 중간지점"", ""지점 4"", ""잠실대교 중간지점"", ""자양2동"", ""지점 3"", ""잠실7동"", ""대치교"", ""지점 6"", ""지점 7"", ""지점 8"", ""지점 10"", ""양재동"", ""경부고속도로 양재천 다리"", ""지점 21"", ""서초2동 2"", ""강남 F2""]"
7b768b2566f7,2026-10-10,FPL000585,UAM0087,a4,4,4,1.0,VP012,광화문,VP017,수서,10,G4,F1,G2,F2,10:50:28,10:56:28,11:16:29,11:21:40,11:31:40,360.0,1200.76,311.36,1872.12,60.0,569.46,ready,10:56:11,1217.56,13,"[""광화문 F1"", ""회현동2가"", ""후암동"", ""지점 39"", ""약수동"", ""신사동"", ""성수대교 남단"", ""지점 2"", ""청담대교 중간지점"", ""지점 3"", ""잠실7동"", ""개포3동"", ""수서 F2""]"
7b768b2566f7,2026-10-10,FPL000586,UAM0085,a4,4,4,1.0,VP016,망우,VP001,여의도,10,G3,F1,G3,F2,10:51:17,10:56:59,11:11:52,11:16:36,11:26:36,342.64,893.0,283.2,1518.84,42.64,0.0,ready,10:56:43,909.8,18,"[""망우 F1"", ""중랑철교"", ""중랑천 제방길"", ""지점"", ""중곡1동"", ""송정동"", ""지점 12"", ""응봉동"", ""신사동"", ""신사동 2"", ""잠원동 2"", ""반포동"", ""이촌동"", ""이촌동 2"", ""이촌2동"", ""여의동 2"", ""지점 32"", ""여의도 F2""]"
7b768b2566f7,2026-10-10,FPL000587,UAM0097,a4,4,4,1.0,VP018,인천,VP003,상암,10,G5,F1,G3,F2,10:52:18,10:57:50,11:18:44,11:23:28,11:33:28,331.44,1254.8,283.2,1869.44,17.36,0.0,ready,10:57:33,1271.6,14,"[""인천 F1"", ""운북동"", ""영종동"", ""영종대교"", ""지점 22"", ""시천동 아라로"", ""목상동"", ""선주지동"", ""하야동"", ""하야동 2"", ""개화동"", ""덕은동"", ""상암동"", ""상암 F2""]"
7b768b2566f7,2026-10-10,FPL000588,UAM0076,a4,4,4,1.0,VP014,가산,VP002,잠실,10,G4,F1,G3,F2,10:52:34,11:03:38,11:24:31,11:29:29,11:39:29,663.78,1253.5,297.28,2214.56,349.7,301.5,ready,11:03:21,1270.3,23,"[""가산 F1"", ""가산동"", ""지점 9"", ""신사동 3"", ""신림동 2"", ""신림동"", ""은천동"", ""봉천동"", ""행운동"", ""인헌동"", ""남현동"", ""방배2동"", ""방배동"", ""지점 19"", ""경부고속도로 양재천 다리"", ""양재동"", ""지점 10"", ""지점 8"", ""지점 7"", ""지점 6"", ""대치교"", ""잠실7동"", ""잠실 F2""]"
7b768b2566f7,2026-10-10,FPL000589,UAM0091,a4,4,4,1.0,VP004,용산,VP009,성수,10,G4,F1,G4,F2,10:52:54,10:58:54,11:08:31,11:13:14,11:23:14,360.0,576.4,283.2,1219.6,60.0,0.0,ready,10:58:38,593.2,12,"[""용산 F1"", ""한강로2가"", ""한강로1가"", ""청파동1가"", ""남영동"", ""회현동2가"", ""후암동"", ""지점 39"", ""약수동"", ""신사동"", ""성수대교 남단"", ""성수 F2""]"
7b768b2566f7,2026-10-10,FPL000590,UAM0033,a4,4,4,1.0,VP008,사당,VP011,천호,10,G4,F1,G3,F2,11:00:28,11:06:28,11:43:25,11:54:17,12:04:17,360.0,2217.5,651.36,3228.86,461.24,1813.3,ready,11:06:11,2234.3,17,"[""사당 F1"", ""방배동"", ""지점 19"", ""경부고속도로 양재천 다리"", ""양재동"", ""지점 10"", ""지점 8"", ""지점 7"", ""지점 6"", ""대치교"", ""잠실7동"", ""지점 3"", ""자양2동"", ""잠실대교 중간지점"", ""지점 4"", ""천호대교 중간지점"", ""천호 F2""]"
7b768b2566f7,2026-10-10,FPL000591,UAM0067,a4,4,4,1.0,VP007,봉천,VP016,망우,10,G3,F1,G3,F2,10:53:52,10:59:43,11:15:24,11:20:07,11:30:07,351.32,941.1,283.2,1575.62,51.32,0.0,ready,10:59:26,957.9,25,"[""봉천 F1"", ""봉천동"", ""행운동"", ""인헌동"", ""남현동"", ""방배2동"", ""사당1동"", ""사당1동 2"", ""방배4동"", ""동작동"", ""동작동 2"", ""이촌동"", ""반포동"", ""잠원동 2"", ""신사동 2"", ""신사동"", ""응봉동"", ""지점 12"", ""송정동"", ""중곡1동"", ""지점"", ""중랑천 제방길"", ""중랑철교"", ""중화동"", ""망우 F2""]"
7b768b2566f7,2026-10-10,FPL000592,UAM0044,a4,4,4,1.0,VP002,잠실,VP014,가산,10,G5,F1,G6,F2,10:53:55,10:58:55,11:15:30,11:20:13,11:30:13,300.0,995.36,283.2,1578.56,0,55.96,ready,10:58:38,1012.16,23,"[""잠실 F1"", ""잠실7동"", ""대치교"", ""지점 6"", ""지점 7"", ""지점 8"", ""지점 10"", ""양재동"", ""경부고속도로 양재천 다리"", ""지점 19"", ""방배동"", ""방배2동"", ""남현동"", ""인헌동"", ""행운동"", ""봉천동"", ""은천동"", ""신림동"", ""신림동 2"", ""신사동 3"", ""지점 9"", ""가산동"", ""가산 F2""]"
7b768b2566f7,2026-10-10,FPL000593,UAM0055,a4,4,4,1.0,VP009,성수,VP011,천호,10,G4,F1,G4,F2,10:55:02,11:01:24,11:30:23,11:38:15,11:48:15,381.68,1739.3,471.36,2592.34,81.68,1409.0,ready,11:01:07,1756.1,8,"[""성수 F1"", ""지점 2"", ""청담대교 중간지점"", ""자양2동"", ""잠실대교 중간지점"", ""지점 4"", ""천호대교 중간지점"", ""천호 F2""]"
7b768b2566f7,2026-10-10,FPL000594,UAM0005,a4,4,4,1.0,VP006,미아,VP015,마곡,10,G3,F1,G5,F2,10:55:13,11:00:13,11:28:05,11:33:02,11:43:02,300.0,1671.62,297.28,2268.9,0,134.62,ready,10:59:56,1688.42,33,"[""미아 F1"", ""월계동"", ""월계3동"", ""공릉1동 2"", ""월릉교"", ""중화동"", ""중랑철교"", ""중랑천 제방길"", ""지점"", ""중곡1동"", ""송정동"", ""지점 12"", ""응봉동"", ""신사동"", ""약수동"", ""지점 39"", ""후암동"", ""회현동2가"", ""남영동"", ""충정로3가"", ""아현동"", ""대현동"", ""20통"", ""동교동"", ""서교동"", ""합정동"", ""선유도 17고지"", ""성산대교 중간지점"", ""상암동"", ""덕은동"", ""개화동"", ""하야동 2"", ""마곡 F2""]"
7b768b2566f7,2026-10-10,FPL000595,UAM0080,a4,4,4,1.0,VP003,상암,VP007,봉천,10,G3,F1,G1,F2,10:58:44,11:03:44,11:15:04,11:20:01,11:30:01,300.0,679.9,297.28,1277.18,186.16,0.0,ready,11:03:27,696.7,9,"[""상암 F1"", ""서교동"", ""합정동"", ""선유도 17고지"", ""지점 11"", ""영등포"", ""신림동 2"", ""신림동"", ""봉천 F2""]"
7b768b2566f7,2026-10-10,FPL000596,UAM0008,a4,4,4,1.0,VP015,마곡,VP011,천호,10,G5,F1,G7,F2,10:56:22,11:11:09,11:48:25,11:59:09,12:09:09,886.96,2236.52,643.84,3767.32,572.88,1296.56,ready,11:10:52,2253.32,28,"[""마곡 F1"", ""하야동 2"", ""개화동"", ""덕은동"", ""상암동"", ""성산대교 중간지점"", ""선유도 17고지"", ""합정동"", ""서교동"", ""동교동"", ""20통"", ""대현동"", ""아현동"", ""충정로3가"", ""남영동"", ""회현동2가"", ""후암동"", ""지점 39"", ""약수동"", ""신사동"", ""성수대교 남단"", ""지점 2"", ""청담대교 중간지점"", ""자양2동"", ""잠실대교 중간지점"", ""지점 4"", ""천호대교 중간지점"", ""천호 F2""]"
7b768b2566f7,2026-10-10,FPL000597,UAM0095,a4,4,4,1.0,VP013,강남,VP018,인천,10,G4,F1,G5,F2,11:02:21,11:27:06,11:55:23,12:00:20,12:10:20,1484.96,1696.8,297.28,3479.04,1506.64,0.0,ready,11:26:49,1713.6,29,"[""강남 F1"", ""서초2동 2"", ""지점 21"", ""경부고속도로 양재천 다리"", ""지점 19"", ""방배동"", ""방배2동"", ""남현동"", ""인헌동"", ""행운동"", ""봉천동"", ""은천동"", ""신림동"", ""신림동 2"", ""신사동 3"", ""지점 9"", ""가산동"", ""지점 17"", ""지점 31"", ""지점 30"", ""지점 29"", ""지점 37"", ""간석3동"", ""지점 28"", ""지점 27"", ""지점 26"", ""영종동"", ""운북동"", ""인천 F2""]"
7b768b2566f7,2026-10-10,FPL000598,UAM0096,a4,4,4,1.0,VP016,망우,VP017,수서,10,G4,F1,G5,F2,10:56:37,11:02:20,11:20:49,11:25:33,11:35:33,343.2,1109.4,283.2,1735.8,43.2,450.2,ready,11:02:03,1126.2,12,"[""망우 F1"", ""중랑철교"", ""중랑천 제방길"", ""지점"", ""중곡1동"", ""송정동"", ""건대입구"", ""청담대교 중간지점"", ""지점 3"", ""잠실7동"", ""개포3동"", ""수서 F2""]"
7b768b2566f7,2026-10-10,FPL000599,UAM0062,a4,4,4,1.0,VP017,수서,VP011,천호,10,G3,F1,G1,F2,11:04:08,11:09:22,11:39:05,11:49:10,11:59:10,314.08,1782.82,605.44,2702.34,446.8,1529.92,ready,11:09:05,1799.62,9,"[""수서 F1"", ""개포3동"", ""잠실7동"", ""지점 3"", ""자양2동"", ""잠실대교 중간지점"", ""지점 4"", ""천호대교 중간지점"", ""천호 F2""]"
7b768b2566f7,2026-10-10,FPL000600,UAM0053,a4,4,4,1.0,VP007,봉천,VP001,여의도,10,G4,F1,G4,F2,10:58:12,11:05:04,11:16:13,11:20:56,11:30:56,411.32,669.52,283.2,1364.04,111.32,146.22,ready,11:04:47,686.32,5,"[""봉천 F1"", ""신림동"", ""신림동 2"", ""영등포"", ""여의도 F2""]"
7b768b2566f7,2026-10-10,FPL000601,UAM0068,a4,4,4,1.0,VP001,여의도,VP015,마곡,10,G4,F1,G7,F2,11:02:44,11:07:44,11:19:23,11:24:07,11:34:07,300.0,699.4,283.2,1282.6,224.98,0.0,ready,11:07:27,716.2,9,"[""여의도 F1"", ""지점 11"", ""선유도 17고지"", ""성산대교 중간지점"", ""상암동"", ""덕은동"", ""개화동"", ""하야동 2"", ""마곡 F2""]"
7b768b2566f7,2026-10-10,FPL000602,UAM0092,a4,4,4,1.0,VP003,상암,VP009,성수,10,G4,F1,G1,F2,11:03:23,11:09:05,11:20:48,11:25:45,11:35:45,341.26,703.4,297.28,1341.94,246.16,28.4,ready,11:08:48,720.2,15,"[""상암 F1"", ""서교동"", ""동교동"", ""20통"", ""대현동"", ""아현동"", ""충정로3가"", ""남영동"", ""회현동2가"", ""후암동"", ""지점 39"", ""약수동"", ""신사동"", ""성수대교 남단"", ""성수 F2""]"
7b768b2566f7,2026-10-10,FPL000603,UAM0058,a4,4,4,1.0,VP017,수서,VP012,광화문,11,G6,F1,G3,F2,11:04:42,11:14:43,11:25:09,11:29:52,11:39:52,600.64,626.1,283.2,1509.94,534.96,0.0,ready,11:14:26,642.9,13,"[""수서 F1"", ""개포3동"", ""잠실7동"", ""지점 3"", ""청담대교 중간지점"", ""지점 2"", ""성수대교 남단"", ""신사동"", ""약수동"", ""지점 39"", ""후암동"", ""회현동2가"", ""광화문 F2""]"
7b768b2566f7,2026-10-10,FPL000604,UAM0002,a4,4,4,1.0,VP016,망우,VP002,잠실,11,G1,F1,G6,F2,11:01:26,11:07:41,11:20:11,11:24:54,11:34:54,374.98,749.94,283.2,1408.12,60.9,171.54,ready,11:07:24,766.74,10,"[""망우 F1"", ""중랑철교"", ""중랑천 제방길"", ""지점"", ""중곡1동"", ""송정동"", ""건대입구"", ""청담대교 중간지점"", ""지점 3"", ""잠실 F2""]"
7b768b2566f7,2026-10-10,FPL000605,UAM0064,a4,4,4,1.0,VP013,강남,VP002,잠실,11,G6,F1,G5,F2,11:18:45,11:32:27,11:42:33,11:47:16,11:57:16,821.44,606.4,283.2,1711.04,1534.8,0.0,ready,11:32:10,623.2,12,"[""강남 F1"", ""서초2동 2"", ""지점 21"", ""경부고속도로 양재천 다리"", ""양재동"", ""지점 10"", ""지점 8"", ""지점 7"", ""지점 6"", ""대치교"", ""잠실7동"", ""잠실 F2""]"
7b768b2566f7,2026-10-10,FPL000606,UAM0071,a4,4,4,1.0,VP008,사당,VP011,천호,11,G1,F1,G2,F2,11:01:56,11:11:48,11:53:46,12:05:12,12:15:12,592.08,2517.5,686.08,3795.66,278.0,2133.94,ready,11:11:32,2534.3,17,"[""사당 F1"", ""방배동"", ""지점 19"", ""경부고속도로 양재천 다리"", ""양재동"", ""지점 10"", ""지점 8"", ""지점 7"", ""지점 6"", ""대치교"", ""잠실7동"", ""지점 3"", ""자양2동"", ""잠실대교 중간지점"", ""지점 4"", ""천호대교 중간지점"", ""천호 F2""]"
7b768b2566f7,2026-10-10,FPL000607,UAM0089,a4,4,4,1.0,VP014,가산,VP010,연신내,11,G5,F1,G5,F2,11:04:13,11:09:13,11:22:22,11:27:05,11:37:05,300.0,789.2,283.2,1372.4,0,0.0,ready,11:08:56,806.0,14,"[""가산 F1"", ""구로동"", ""신정6동"", ""신도림동 2"", ""목1동"", ""양평동"", ""지점 18"", ""상암동"", ""지점 25"", ""수색교"", ""지점 24"", ""향동동"", ""지점 23"", ""연신내 F2""]"
7b768b2566f7,2026-10-10,FPL000608,UAM0010,a4,4,4,1.0,VP003,상암,VP017,수서,11,G1,F1,G6,F2,11:04:33,11:14:25,11:28:43,11:38:40,11:48:40,592.08,857.9,596.48,2046.46,278.0,313.28,ready,11:14:09,874.7,20,"[""상암 F1"", ""서교동"", ""동교동"", ""20통"", ""대현동"", ""아현동"", ""충정로3가"", ""남영동"", ""회현동2가"", ""후암동"", ""지점 39"", ""약수동"", ""신사동"", ""성수대교 남단"", ""지점 2"", ""청담대교 중간지점"", ""지점 3"", ""잠실7동"", ""개포3동"", ""수서 F2""]"
7b768b2566f7,2026-10-10,FPL000609,UAM0059,a4,4,4,1.0,VP011,천호,VP012,광화문,11,G8,F1,G3,F2,11:22:09,11:36:04,11:46:54,11:51:37,12:01:37,835.52,649.6,283.2,1768.32,1562.96,0.0,ready,11:35:48,666.4,14,"[""천호 F1"", ""천호대교 중간지점"", ""지점 4"", ""잠실대교 중간지점"", ""자양2동"", ""청담대교 중간지점"", ""지점 2"", ""성수대교 남단"", ""신사동"", ""약수동"", ""지점 39"", ""후암동"", ""회현동2가"", ""광화문 F2""]"
7b768b2566f7,2026-10-10,FPL000610,UAM0027,a4,4,4,1.0,VP017,수서,VP001,여의도,11,G4,F1,G1,F2,11:12:49,11:20:03,11:48:58,11:53:55,12:03:55,434.08,1734.5,297.28,2465.86,566.8,900.0,ready,11:19:46,1751.3,17,"[""수서 F1"", ""개포3동"", ""잠실7동"", ""지점 3"", ""청담대교 중간지점"", ""지점 2"", ""성수대교 남단"", ""신사동"", ""신사동 2"", ""잠원동 2"", ""반포동"", ""이촌동"", ""이촌동 2"", ""이촌2동"", ""여의동 2"", ""지점 32"", ""여의도 F2""]"
7b768b2566f7,2026-10-10,FPL000611,UAM0007,a4,4,4,1.0,VP011,천호,VP009,성수,11,G5,F1,G3,F2,11:22:23,11:41:25,11:49:23,11:54:07,12:04:07,1142.08,478.2,283.2,1903.48,1835.44,0.0,ready,11:41:08,495.0,8,"[""천호 F1"", ""천호대교 중간지점"", ""지점 4"", ""잠실대교 중간지점"", ""자양2동"", ""청담대교 중간지점"", ""지점 2"", ""성수 F2""]"
7b768b2566f7,2026-10-10,FPL000612,UAM0029,a4,4,4,1.0,VP008,사당,VP013,강남,11,G2,F1,G1,F2,11:06:17,11:17:09,11:35:27,11:40:53,11:50:53,652.08,1097.94,325.44,2075.46,338.0,618.24,ready,11:16:52,1114.74,7,"[""사당 F1"", ""방배동"", ""지점 19"", ""경부고속도로 양재천 다리"", ""지점 21"", ""서초2동 2"", ""강남 F2""]"
7b768b2566f7,2026-10-10,FPL000613,UAM0009,a4,4,4,1.0,VP015,마곡,VP003,상암,11,G7,F1,G1,F2,11:11:21,11:16:29,11:27:26,11:32:23,11:42:23,308.82,656.16,297.28,1262.26,280.4,76.26,ready,11:16:13,672.96,6,"[""마곡 F1"", ""하야동 2"", ""개화동"", ""덕은동"", ""상암동"", ""상암 F2""]"
7b768b2566f7,2026-10-10,FPL000614,UAM0031,a4,4,4,1.0,VP012,광화문,VP016,망우,11,G3,F1,G1,F2,11:08:48,11:13:48,11:30:15,11:35:12,11:45:12,300.0,987.58,297.28,1584.86,80.76,220.78,ready,11:13:31,1004.38,15,"[""광화문 F1"", ""회현동2가"", ""후암동"", ""지점 39"", ""약수동"", ""신사동"", ""응봉동"", ""지점 12"", ""송정동"", ""중곡1동"", ""지점"", ""중랑천 제방길"", ""중랑철교"", ""중화동"", ""망우 F2""]"
7b768b2566f7,2026-10-10,FPL000615,UAM0074,a4,4,4,1.0,VP001,여의도,VP003,상암,11,G3,F1,G4,F2,11:08:19,11:13:19,11:23:05,11:27:48,11:37:48,300.0,585.9,283.2,1169.1,0,131.2,ready,11:13:02,602.7,5,"[""여의도 F1"", ""지점 11"", ""선유도 17고지"", ""합정동"", ""상암 F2""]"
7b768b2566f7,2026-10-10,FPL000616,UAM0042,a4,4,4,1.0,VP014,가산,VP016,망우,11,G6,F1,G3,F2,11:08:34,11:14:34,11:34:36,11:39:19,11:49:19,360.0,1202.24,283.2,1845.44,60.0,24.94,ready,11:14:17,1219.04,25,"[""가산 F1"", ""구로동"", ""신정6동"", ""신도림동 2"", ""문래동5가"", ""신도림동"", ""영등포"", ""지점 13"", ""지점 14"", ""이촌2동"", ""이촌동 2"", ""이촌동"", ""반포동"", ""잠원동 2"", ""신사동 2"", ""신사동"", ""응봉동"", ""지점 12"", ""송정동"", ""중곡1동"", ""지점"", ""중랑천 제방길"", ""중랑철교"", ""중화동"", ""망우 F2""]"
7b768b2566f7,2026-10-10,FPL000617,UAM0065,a4,4,4,1.0,VP003,상암,VP012,광화문,11,G2,F1,G2,F2,11:13:07,11:19:46,11:33:50,11:38:47,11:48:47,398.94,843.92,297.28,1540.14,338.0,432.82,ready,11:19:29,860.72,8,"[""상암 F1"", ""서교동"", ""동교동"", ""20통"", ""대현동"", ""아현동"", ""충정로3가"", ""광화문 F2""]"
7b768b2566f7,2026-10-10,FPL000618,UAM0003,a4,4,4,1.0,VP017,수서,VP012,광화문,11,G5,F1,G4,F2,11:21:16,11:26:16,11:38:11,11:42:54,11:52:54,300.0,714.26,283.2,1297.46,707.44,88.16,ready,11:25:59,731.06,13,"[""수서 F1"", ""개포3동"", ""잠실7동"", ""지점 3"", ""청담대교 중간지점"", ""지점 2"", ""성수대교 남단"", ""신사동"", ""약수동"", ""지점 39"", ""후암동"", ""회현동2가"", ""광화문 F2""]"
7b768b2566f7,2026-10-10,FPL000619,UAM0057,a4,4,4,1.0,VP010,연신내,VP013,강남,11,G5,F1,G8,F2,11:09:55,11:14:55,11:39:48,11:44:31,11:54:31,300.0,1493.06,283.2,2076.26,0,453.86,ready,11:14:38,1509.86,22,"[""연신내 F1"", ""지점 23"", ""향동동"", ""지점 24"", ""수색교"", ""지점 25"", ""상암동"", ""성산대교 중간지점"", ""선유도 17고지"", ""지점 5"", ""서강대교 중간지점"", ""지점 32"", ""여의동 2"", ""이촌2동"", ""이촌동 2"", ""이촌동"", ""반포동"", ""잠원동 2"", ""잠원동"", ""주흥교"", ""반포1동"", ""강남 F2""]"
7b768b2566f7,2026-10-10,FPL000620,UAM0077,a4,4,4,1.0,VP015,마곡,VP001,여의도,11,G8,F1,G4,F2,11:11:41,11:21:50,11:35:42,11:40:25,11:50:25,609.46,832.08,283.2,1724.74,403.8,140.28,ready,11:21:33,848.88,9,"[""마곡 F1"", ""하야동 2"", ""개화동"", ""덕은동"", ""상암동"", ""성산대교 중간지점"", ""선유도 17고지"", ""지점 11"", ""여의도 F2""]"
7b768b2566f7,2026-10-10,FPL000621,UAM0001,a4,4,4,1.0,VP011,천호,VP006,미아,11,G4,F1,G3,F2,11:22:37,11:46:46,11:58:51,12:03:34,12:13:34,1448.64,724.8,283.2,2456.64,1867.28,0.0,ready,11:46:29,741.6,15,"[""천호 F1"", ""천호대교 중간지점"", ""아차산 고가차도"", ""구의동"", ""능동"", ""중곡1동"", ""지점"", ""중랑천 제방길"", ""중랑철교"", ""중화동"", ""월릉교"", ""공릉1동 2"", ""월계3동"", ""월계동"", ""미아 F2""]"
7b768b2566f7,2026-10-10,FPL000622,UAM0093,a4,4,4,1.0,VP008,사당,VP014,가산,11,G3,F1,G6,F2,11:10:24,11:22:30,11:35:40,11:40:24,11:50:24,726.16,790.56,283.2,1799.92,426.16,188.36,ready,11:22:13,807.36,11,"[""사당 F1"", ""인헌동"", ""행운동"", ""봉천동"", ""은천동"", ""신림동"", ""신림동 2"", ""신사동 3"", ""지점 9"", ""가산동"", ""가산 F2""]"
7b768b2566f7,2026-10-10,FPL000623,UAM0082,a4,4,4,1.0,VP002,잠실,VP008,사당,11,G5,F1,G3,F2,11:10:28,11:15:28,11:24:25,11:29:08,11:39:08,300.0,536.9,283.2,1120.1,0,0.0,ready,11:15:11,553.7,12,"[""잠실 F1"", ""잠실7동"", ""대치교"", ""지점 6"", ""지점 7"", ""지점 8"", ""지점 10"", ""양재동"", ""경부고속도로 양재천 다리"", ""지점 19"", ""방배동"", ""사당 F2""]"
7b768b2566f7,2026-10-10,FPL000624,UAM0037,a4,4,4,1.0,VP012,광화문,VP011,천호,11,G4,F1,G8,F2,11:13:35,11:19:08,11:59:07,12:09:50,12:19:50,333.68,2398.4,643.84,3375.92,140.76,2094.14,ready,11:18:51,2415.2,14,"[""광화문 F1"", ""회현동2가"", ""후암동"", ""지점 39"", ""약수동"", ""신사동"", ""성수대교 남단"", ""지점 2"", ""청담대교 중간지점"", ""자양2동"", ""잠실대교 중간지점"", ""지점 4"", ""천호대교 중간지점"", ""천호 F2""]"
7b768b2566f7,2026-10-10,FPL000625,UAM0090,a4,4,4,1.0,VP013,강남,VP017,수서,11,G7,F1,G1,F2,11:31:33,11:37:47,11:57:29,12:02:40,12:12:40,374.24,1181.5,311.36,1867.1,1242.32,538.4,ready,11:37:31,1198.3,13,"[""강남 F1"", ""서초2동 2"", ""지점 21"", ""경부고속도로 양재천 다리"", ""양재동"", ""지점 10"", ""지점 8"", ""지점 7"", ""지점 6"", ""대치교"", ""잠실7동"", ""개포3동"", ""수서 F2""]"
7b768b2566f7,2026-10-10,FPL000626,UAM0099,a4,4,4,1.0,VP001,여의도,VP014,가산,11,G1,F1,G5,F2,11:12:54,11:21:40,11:31:20,11:36:03,11:46:03,526.08,579.8,283.2,1389.08,212.0,0.0,ready,11:21:23,596.6,8,"[""여의도 F1"", ""영등포"", ""신도림동"", ""문래동5가"", ""신도림동 2"", ""신정6동"", ""구로동"", ""가산 F2""]"
7b768b2566f7,2026-10-10,FPL000627,UAM0063,a4,4,4,1.0,VP014,가산,VP001,여의도,11,G3,F1,G1,F2,11:13:08,11:20:57,11:31:22,11:36:19,11:46:19,468.56,624.7,297.28,1390.54,154.48,42.8,ready,11:20:40,641.5,8,"[""가산 F1"", ""구로동"", ""신정6동"", ""신도림동 2"", ""문래동5가"", ""신도림동"", ""영등포"", ""여의도 F2""]"
7b768b2566f7,2026-10-10,FPL000628,UAM0088,a4,4,4,1.0,VP003,상암,VP018,인천,11,G3,F1,G8,F2,11:17:14,11:25:07,11:45:28,11:50:11,12:00:11,473.02,1221.2,283.2,1977.42,407.42,0.0,ready,11:24:50,1238.0,14,"[""상암 F1"", ""지점 25"", ""덕은동"", ""개화동"", ""하야동 2"", ""하야동"", ""선주지동"", ""목상동"", ""시천동 아라로"", ""지점 22"", ""영종대교"", ""영종동"", ""운북동"", ""인천 F2""]"
7b768b2566f7,2026-10-10,FPL000629,UAM0021,a4,4,4,1.0,VP018,인천,VP007,봉천,11,G7,F1,G1,F2,11:17:31,11:22:31,11:46:21,11:51:18,12:01:18,300.0,1430.64,297.28,2027.92,243.98,65.24,ready,11:22:14,1447.44,18,"[""인천 F1"", ""운북동"", ""영종동"", ""지점 26"", ""지점 27"", ""지점 28"", ""간석3동"", ""지점 37"", ""지점 29"", ""지점 30"", ""지점 31"", ""지점 17"", ""가산동"", ""지점 9"", ""신사동 3"", ""신림동 2"", ""신림동"", ""봉천 F2""]"
7b768b2566f7,2026-10-10,FPL000630,UAM0051,a4,4,4,1.0,VP006,미아,VP016,망우,11,G3,F1,G4,F2,11:13:48,11:18:48,11:25:55,11:30:38,11:40:38,300.0,426.6,283.2,1009.8,0,0.0,ready,11:18:31,443.4,7,"[""미아 F1"", ""월계동"", ""월계3동"", ""공릉1동 2"", ""월릉교"", ""중화동"", ""망우 F2""]"
7b768b2566f7,2026-10-10,FPL000631,UAM0038,a4,4,4,1.0,VP010,연신내,VP014,가산,11,G6,F1,G4,F2,11:14:15,11:20:15,11:40:01,11:44:58,11:54:58,360.0,1185.68,297.28,1842.96,60.0,399.88,ready,11:19:58,1202.48,14,"[""연신내 F1"", ""지점 23"", ""향동동"", ""지점 24"", ""수색교"", ""지점 25"", ""상암동"", ""지점 18"", ""양평동"", ""목1동"", ""신도림동 2"", ""신정6동"", ""구로동"", ""가산 F2""]"
7b768b2566f7,2026-10-10,FPL000632,UAM0052,a4,4,4,1.0,VP017,수서,VP016,망우,11,G1,F1,G4,F2,11:21:44,11:31:37,11:43:20,11:48:03,11:58:03,592.48,703.0,283.2,1578.68,711.12,0.0,ready,11:31:20,719.8,13,"[""수서 F1"", ""개포3동"", ""잠실7동"", ""지점 3"", ""청담대교 중간지점"", ""건대입구"", ""송정동"", ""중곡1동"", ""지점"", ""중랑천 제방길"", ""중랑철교"", ""중화동"", ""망우 F2""]"
7b768b2566f7,2026-10-10,FPL000633,UAM0094,a4,4,4,1.0,VP009,성수,VP004,용산,11,G3,F1,G3,F2,11:14:28,11:19:28,11:29:10,11:33:53,11:43:53,300.0,582.4,283.2,1165.6,0,0.0,ready,11:19:11,599.2,12,"[""성수 F1"", ""성수대교 남단"", ""신사동"", ""약수동"", ""지점 39"", ""후암동"", ""회현동2가"", ""남영동"", ""청파동1가"", ""한강로1가"", ""한강로2가"", ""용산 F2""]"
7b768b2566f7,2026-10-10,FPL000634,UAM0025,a4,4,4,1.0,VP002,잠실,VP009,성수,11,G6,F1,G4,F2,11:14:49,11:20:49,11:27:03,11:31:46,11:41:46,360.0,374.2,283.2,1017.4,60.0,0.0,ready,11:20:32,391.0,5,"[""잠실 F1"", ""지점 3"", ""청담대교 중간지점"", ""지점 2"", ""성수 F2""]"
7b768b2566f7,2026-10-10,FPL000635,UAM0012,a4,4,4,1.0,VP005,목동,VP018,인천,11,G7,F1,G7,F2,11:15:12,11:20:12,11:41:07,11:45:50,11:55:50,300.0,1254.2,283.2,1837.4,0,0.0,ready,11:19:56,1271.0,15,"[""목동 F1"", ""신정6동"", ""구로동"", ""지점 17"", ""지점 31"", ""지점 30"", ""지점 29"", ""지점 37"", ""간석3동"", ""지점 28"", ""지점 27"", ""지점 26"", ""영종동"", ""운북동"", ""인천 F2""]"
7b768b2566f7,2026-10-10,FPL000636,UAM0066,a4,4,4,1.0,VP011,천호,VP002,잠실,11,G6,F1,G5,F2,11:38:05,11:52:06,11:59:21,12:04:04,12:14:04,841.44,434.7,283.2,1559.34,1855.44,0.0,ready,11:51:50,451.5,7,"[""천호 F1"", ""천호대교 중간지점"", ""지점 4"", ""잠실대교 중간지점"", ""자양2동"", ""지점 3"", ""잠실 F2""]"
7b768b2566f7,2026-10-10,FPL000637,UAM0041,a4,4,4,1.0,VP007,봉천,VP001,여의도,11,G3,F1,G2,F2,11:19:51,11:24:51,11:40:03,11:45:00,11:55:00,300.0,911.42,297.28,1508.7,218.26,388.12,ready,11:24:35,928.22,5,"[""봉천 F1"", ""신림동"", ""신림동 2"", ""영등포"", ""여의도 F2""]"
7b768b2566f7,2026-10-10,FPL000638,UAM0050,a4,4,4,1.0,VP015,마곡,VP002,잠실,11,G5,F1,G6,F2,11:17:10,11:27:11,11:46:56,11:51:40,12:01:40,600.9,1185.6,283.2,2069.7,286.82,0.0,ready,11:26:54,1202.4,25,"[""마곡 F1"", ""하야동 2"", ""개화동"", ""덕은동"", ""상암동"", ""성산대교 중간지점"", ""선유도 17고지"", ""합정동"", ""서교동"", ""동교동"", ""20통"", ""대현동"", ""아현동"", ""충정로3가"", ""남영동"", ""회현동2가"", ""후암동"", ""지점 39"", ""약수동"", ""신사동"", ""성수대교 남단"", ""지점 2"", ""청담대교 중간지점"", ""지점 3"", ""잠실 F2""]"
7b768b2566f7,2026-10-10,FPL000639,UAM0032,a4,4,4,1.0,VP018,인천,VP010,연신내,11,G8,F1,G3,F2,11:22:46,11:27:51,11:52:45,11:57:43,12:07:43,305.26,1494.08,297.28,2096.62,303.98,139.68,ready,11:27:34,1510.88,18,"[""인천 F1"", ""운북동"", ""영종동"", ""영종대교"", ""지점 22"", ""시천동 아라로"", ""목상동"", ""선주지동"", ""하야동"", ""하야동 2"", ""개화동"", ""덕은동"", ""지점 25"", ""수색교"", ""지점 24"", ""향동동"", ""지점 23"", ""연신내 F2""]"
7b768b2566f7,2026-10-10,FPL000640,UAM0045,a4,4,4,1.0,VP006,미아,VP007,봉천,11,G4,F1,G4,F2,11:18:09,11:24:09,11:42:01,11:46:44,11:56:44,360.0,1072.0,283.2,1715.2,60.0,0.0,ready,11:23:52,1088.8,29,"[""미아 F1"", ""월계동"", ""월계3동"", ""공릉1동 2"", ""월릉교"", ""중화동"", ""중랑철교"", ""중랑천 제방길"", ""지점"", ""중곡1동"", ""송정동"", ""지점 12"", ""응봉동"", ""신사동"", ""신사동 2"", ""잠원동 2"", ""반포동"", ""이촌동"", ""동작동 2"", ""동작동"", ""방배4동"", ""사당1동 2"", ""사당1동"", ""방배2동"", ""남현동"", ""인헌동"", ""행운동"", ""봉천동"", ""봉천 F2""]"
7b768b2566f7,2026-10-10,FPL000641,UAM0047,a4,4,4,1.0,VP017,수서,VP006,미아,11,G6,F1,G1,F2,11:25:57,11:36:58,11:51:00,11:55:58,12:05:58,660.64,842.7,297.28,1800.62,827.44,0.0,ready,11:36:41,859.5,17,"[""수서 F1"", ""개포3동"", ""잠실7동"", ""지점 3"", ""청담대교 중간지점"", ""건대입구"", ""송정동"", ""중곡1동"", ""지점"", ""중랑천 제방길"", ""중랑철교"", ""중화동"", ""월릉교"", ""공릉1동 2"", ""월계3동"", ""월계동"", ""미아 F2""]"
7b768b2566f7,2026-10-10,FPL000642,UAM0098,a4,4,4,1.0,VP003,상암,VP017,수서,11,G4,F1,G3,F2,11:23:32,11:30:27,11:48:48,11:53:45,12:03:45,415.48,1100.42,297.28,1813.18,419.18,242.52,ready,11:30:10,1117.22,20,"[""상암 F1"", ""서교동"", ""동교동"", ""20통"", ""대현동"", ""아현동"", ""충정로3가"", ""남영동"", ""회현동2가"", ""후암동"", ""지점 39"", ""약수동"", ""신사동"", ""성수대교 남단"", ""지점 2"", ""청담대교 중간지점"", ""지점 3"", ""잠실7동"", ""개포3동"", ""수서 F2""]"
7b768b2566f7,2026-10-10,FPL000643,UAM0060,a4,4,4,1.0,VP010,연신내,VP017,수서,11,G3,F1,G4,F2,11:18:50,11:25:36,11:53:08,11:58:06,12:08:06,405.92,1652.4,297.28,2355.6,91.84,402.8,ready,11:25:19,1669.2,29,"[""연신내 F1"", ""지점 23"", ""향동동"", ""지점 24"", ""수색교"", ""지점 25"", ""상암동"", ""성산대교 중간지점"", ""선유도 17고지"", ""합정동"", ""서교동"", ""동교동"", ""20통"", ""대현동"", ""아현동"", ""충정로3가"", ""남영동"", ""회현동2가"", ""후암동"", ""지점 39"", ""약수동"", ""신사동"", ""성수대교 남단"", ""지점 2"", ""청담대교 중간지점"", ""지점 3"", ""잠실7동"", ""개포3동"", ""수서 F2""]"
7b768b2566f7,2026-10-10,FPL000644,UAM0100,a4,4,4,1.0,VP012,광화문,VP007,봉천,11,G1,F1,G3,F2,11:18:57,11:24:29,11:35:14,11:39:58,11:49:58,331.44,645.6,283.2,1260.24,17.36,0.0,ready,11:24:12,662.4,13,"[""광화문 F1"", ""남영동"", ""청파동1가"", ""한강로1가"", ""한강로2가"", ""한강로3가"", ""이촌동 2"", ""상도터널"", ""상도1동"", ""상도1동 2"", ""지점 38"", ""봉천동"", ""봉천 F2""]"
7b768b2566f7,2026-10-10,FPL000645,UAM0022,a4,4,4,1.0,VP011,천호,VP004,용산,11,G1,F1,G3,F2,11:22:51,11:57:27,12:10:34,12:15:18,12:25:18,2075.84,787.4,283.2,3146.44,1959.12,0.0,ready,11:57:10,804.2,18,"[""천호 F1"", ""천호대교 중간지점"", ""지점 4"", ""잠실대교 중간지점"", ""자양2동"", ""청담대교 중간지점"", ""지점 2"", ""성수대교 남단"", ""신사동"", ""약수동"", ""지점 39"", ""후암동"", ""회현동2가"", ""남영동"", ""청파동1가"", ""한강로1가"", ""한강로2가"", ""용산 F2""]"
7b768b2566f7,2026-10-10,FPL000646,UAM0075,a4,4,4,1.0,VP015,마곡,VP011,천호,11,G6,F1,G6,F2,11:21:30,11:32:31,12:09:48,12:26:06,12:36:06,660.9,2236.52,978.56,3875.98,346.82,1617.2,ready,11:32:15,2253.32,28,"[""마곡 F1"", ""하야동 2"", ""개화동"", ""덕은동"", ""상암동"", ""성산대교 중간지점"", ""선유도 17고지"", ""합정동"", ""서교동"", ""동교동"", ""20통"", ""대현동"", ""아현동"", ""충정로3가"", ""남영동"", ""회현동2가"", ""후암동"", ""지점 39"", ""약수동"", ""신사동"", ""성수대교 남단"", ""지점 2"", ""청담대교 중간지점"", ""자양2동"", ""잠실대교 중간지점"", ""지점 4"", ""천호대교 중간지점"", ""천호 F2""]"
7b768b2566f7,2026-10-10,FPL000647,UAM0069,a4,4,4,1.0,VP018,인천,VP007,봉천,11,G5,F1,G1,F2,11:22:22,11:33:12,12:05:57,12:10:55,12:20:55,649.9,1965.4,297.28,2912.58,335.82,600.0,ready,11:32:55,1982.2,18,"[""인천 F1"", ""운북동"", ""영종동"", ""지점 26"", ""지점 27"", ""지점 28"", ""간석3동"", ""지점 37"", ""지점 29"", ""지점 30"", ""지점 31"", ""지점 17"", ""가산동"", ""지점 9"", ""신사동 3"", ""신림동 2"", ""신림동"", ""봉천 F2""]"
7b768b2566f7,2026-10-10,FPL000648,UAM0056,a4,4,4,1.0,VP017,수서,VP011,천호,11,G3,F1,G5,F2,11:25:43,11:42:18,12:04:27,12:20:46,12:30:46,995.36,1329.06,978.56,3302.98,859.28,1477.44,ready,11:42:01,1345.86,9,"[""수서 F1"", ""개포3동"", ""잠실7동"", ""지점 3"", ""자양2동"", ""잠실대교 중간지점"", ""지점 4"", ""천호대교 중간지점"", ""천호 F2""]"
7b768b2566f7,2026-10-10,FPL000649,UAM0070,a4,4,4,1.0,VP007,봉천,VP001,여의도,11,G4,F1,G3,F2,11:22:52,11:30:12,11:44:23,11:49:07,11:59:07,439.58,851.42,283.2,1574.2,139.58,328.12,ready,11:29:55,868.22,5,"[""봉천 F1"", ""신림동"", ""신림동 2"", ""영등포"", ""여의도 F2""]"
7b768b2566f7,2026-10-10,FPL000650,UAM0013,a4,4,4,1.0,VP003,상암,VP007,봉천,11,G1,F1,G2,F2,11:23:03,11:35:48,11:50:42,11:55:39,12:05:39,765.1,893.94,297.28,1956.32,451.02,214.04,ready,11:35:31,910.74,9,"[""상암 F1"", ""서교동"", ""합정동"", ""선유도 17고지"", ""지점 11"", ""영등포"", ""신림동 2"", ""신림동"", ""봉천 F2""]"
7b768b2566f7,2026-10-10,FPL000651,UAM0072,a4,4,4,1.0,VP011,천호,VP002,잠실,11,G3,F1,G1,F2,11:49:00,12:02:48,12:16:44,12:21:55,12:31:55,827.36,835.98,311.36,1974.7,2047.28,401.28,ready,12:02:31,852.78,7,"[""천호 F1"", ""천호대교 중간지점"", ""지점 4"", ""잠실대교 중간지점"", ""자양2동"", ""지점 3"", ""잠실 F2""]"
7b768b2566f7,2026-10-10,FPL000652,UAM0091,a4,4,4,1.0,VP009,성수,VP010,연신내,11,G4,F1,G6,F2,11:25:36,11:30:36,11:48:25,11:53:08,12:03:08,300.0,1069.1,283.2,1652.3,141.62,0.0,ready,11:30:19,1085.9,24,"[""성수 F1"", ""성수대교 남단"", ""신사동"", ""약수동"", ""지점 39"", ""후암동"", ""회현동2가"", ""남영동"", ""충정로3가"", ""아현동"", ""대현동"", ""20통"", ""동교동"", ""서교동"", ""합정동"", ""선유도 17고지"", ""성산대교 중간지점"", ""상암동"", ""지점 25"", ""수색교"", ""지점 24"", ""향동동"", ""지점 23"", ""연신내 F2""]"
7b768b2566f7,2026-10-10,FPL000653,UAM0040,a4,4,4,1.0,VP012,광화문,VP006,미아,11,G3,F1,G4,F2,11:24:50,11:29:50,11:44:56,11:49:39,11:59:39,300.0,906.4,283.2,1489.6,79.2,0.0,ready,11:29:33,923.2,19,"[""광화문 F1"", ""회현동2가"", ""후암동"", ""지점 39"", ""약수동"", ""신사동"", ""응봉동"", ""지점 12"", ""송정동"", ""중곡1동"", ""지점"", ""중랑천 제방길"", ""중랑철교"", ""중화동"", ""월릉교"", ""공릉1동 2"", ""월계3동"", ""월계동"", ""미아 F2""]"
7b768b2566f7,2026-10-10,FPL000654,UAM0078,a4,4,4,1.0,VP014,가산,VP016,망우,11,G5,F1,G3,F2,11:25:53,11:30:53,11:50:30,11:55:13,12:05:13,300.0,1177.3,283.2,1760.5,0,0.0,ready,11:30:36,1194.1,25,"[""가산 F1"", ""구로동"", ""신정6동"", ""신도림동 2"", ""문래동5가"", ""신도림동"", ""영등포"", ""지점 13"", ""지점 14"", ""이촌2동"", ""이촌동 2"", ""이촌동"", ""반포동"", ""잠원동 2"", ""신사동 2"", ""신사동"", ""응봉동"", ""지점 12"", ""송정동"", ""중곡1동"", ""지점"", ""중랑천 제방길"", ""중랑철교"", ""중화동"", ""망우 F2""]"
7b768b2566f7,2026-10-10,FPL000655,UAM0085,a4,4,4,1.0,VP001,여의도,VP010,연신내,11,G3,F1,G5,F2,11:26:36,11:31:36,11:42:53,11:47:37,11:57:37,300.0,677.7,283.2,1260.9,0,0.0,ready,11:31:19,694.5,11,"[""여의도 F1"", ""지점 11"", ""선유도 17고지"", ""성산대교 중간지점"", ""상암동"", ""지점 25"", ""수색교"", ""지점 24"", ""향동동"", ""지점 23"", ""연신내 F2""]"
7b768b2566f7,2026-10-10,FPL000656,UAM0073,a4,4,4,1.0,VP017,수서,VP015,마곡,11,G4,F1,G5,F2,11:27:05,11:47:39,12:11:39,12:16:36,12:26:36,1233.36,1439.66,297.28,2970.3,919.28,167.16,ready,11:47:22,1456.46,27,"[""수서 F1"", ""개포3동"", ""잠실7동"", ""지점 3"", ""청담대교 중간지점"", ""지점 2"", ""성수대교 남단"", ""신사동"", ""약수동"", ""지점 39"", ""후암동"", ""회현동2가"", ""남영동"", ""충정로3가"", ""아현동"", ""대현동"", ""20통"", ""동교동"", ""서교동"", ""합정동"", ""선유도 17고지"", ""성산대교 중간지점"", ""상암동"", ""덕은동"", ""개화동"", ""하야동 2"", ""마곡 F2""]"
7b768b2566f7,2026-10-10,FPL000657,UAM0035,a4,4,4,1.0,VP003,상암,VP007,봉천,11,G2,F1,G3,F2,11:32:27,11:41:09,11:55:02,11:59:46,12:09:46,521.4,833.94,283.2,1638.54,511.02,154.04,ready,11:40:52,850.74,9,"[""상암 F1"", ""서교동"", ""합정동"", ""선유도 17고지"", ""지점 11"", ""영등포"", ""신림동 2"", ""신림동"", ""봉천 F2""]"
7b768b2566f7,2026-10-10,FPL000658,UAM0086,a4,4,4,1.0,VP018,인천,VP017,수서,11,G6,F1,G3,F2,11:27:40,11:38:32,12:14:52,12:19:49,12:29:49,652.08,2179.04,297.28,3128.4,338.0,373.04,ready,11:38:16,2195.84,35,"[""인천 F1"", ""운북동"", ""영종동"", ""지점 26"", ""지점 27"", ""지점 28"", ""간석3동"", ""지점 37"", ""지점 29"", ""지점 30"", ""지점 31"", ""지점 17"", ""가산동"", ""지점 9"", ""신사동 3"", ""신림동 2"", ""신림동"", ""은천동"", ""봉천동"", ""행운동"", ""인헌동"", ""남현동"", ""방배2동"", ""방배동"", ""지점 19"", ""경부고속도로 양재천 다리"", ""양재동"", ""지점 10"", ""지점 8"", ""지점 7"", ""지점 6"", ""대치교"", ""잠실7동"", ""개포3동"", ""수서 F2""]"
7b768b2566f7,2026-10-10,FPL000659,UAM0018,a4,4,4,1.0,VP013,강남,VP017,수서,11,G8,F1,G5,F2,11:40:15,11:45:15,12:10:31,12:15:14,12:25:14,300.0,1516.38,283.2,2099.58,727.44,873.28,ready,11:44:58,1533.18,13,"[""강남 F1"", ""서초2동 2"", ""지점 21"", ""경부고속도로 양재천 다리"", ""양재동"", ""지점 10"", ""지점 8"", ""지점 7"", ""지점 6"", ""대치교"", ""잠실7동"", ""개포3동"", ""수서 F2""]"
7b768b2566f7,2026-10-10,FPL000660,UAM0081,a4,4,4,1.0,VP013,강남,VP012,광화문,11,G5,F1,G2,F2,11:40:29,11:50:35,12:01:28,12:06:25,12:16:25,606.56,652.9,297.28,1556.74,999.92,115.1,ready,11:50:18,669.7,12,"[""강남 F1"", ""반포1동"", ""주흥교"", ""잠원동"", ""잠원동 2"", ""신사동 2"", ""신사동"", ""약수동"", ""지점 39"", ""후암동"", ""회현동2가"", ""광화문 F2""]"
7b768b2566f7,2026-10-10,FPL000661,UAM0080,a4,4,4,1.0,VP007,봉천,VP014,가산,11,G1,F1,G3,F2,11:30:01,11:35:33,11:44:34,11:49:31,11:59:31,331.44,541.3,297.28,1170.02,17.36,0.0,ready,11:35:16,558.1,7,"[""봉천 F1"", ""신림동"", ""신림동 2"", ""신사동 3"", ""지점 9"", ""가산동"", ""가산 F2""]"
7b768b2566f7,2026-10-10,FPL000662,UAM0067,a4,4,4,1.0,VP016,망우,VP007,봉천,11,G3,F1,G4,F2,11:35:03,11:40:03,11:59:50,12:04:33,12:14:33,300.0,1187.1,283.2,1770.3,295.38,300.0,ready,11:39:46,1203.9,24,"[""망우 F1"", ""중랑철교"", ""중랑천 제방길"", ""지점"", ""중곡1동"", ""송정동"", ""지점 12"", ""응봉동"", ""신사동"", ""신사동 2"", ""잠원동 2"", ""반포동"", ""이촌동"", ""동작동 2"", ""동작동"", ""방배4동"", ""사당1동 2"", ""사당1동"", ""방배2동"", ""남현동"", ""인헌동"", ""행운동"", ""봉천동"", ""봉천 F2""]"
7b768b2566f7,2026-10-10,FPL000663,UAM0044,a4,4,4,1.0,VP014,가산,VP004,용산,11,G6,F1,G3,F2,11:30:13,11:36:13,11:47:49,11:52:32,12:02:32,360.0,695.5,283.2,1338.7,60.0,0.0,ready,11:35:56,712.3,12,"[""가산 F1"", ""구로동"", ""신정6동"", ""신도림동 2"", ""문래동5가"", ""신도림동"", ""영등포"", ""지점 13"", ""지점 14"", ""이촌2동"", ""한강로3가"", ""용산 F2""]"
7b768b2566f7,2026-10-10,FPL000664,UAM0014,a4,4,4,1.0,VP002,잠실,VP013,강남,11,G5,F1,G7,F2,11:33:39,11:38:39,11:48:33,12:02:59,12:12:59,300.0,593.5,865.7,1759.2,186.16,582.5,ready,11:38:23,610.3,12,"[""잠실 F1"", ""잠실7동"", ""대치교"", ""지점 6"", ""지점 7"", ""지점 8"", ""지점 10"", ""양재동"", ""경부고속도로 양재천 다리"", ""지점 21"", ""서초2동 2"", ""강남 F2""]"
7b768b2566f7,2026-10-10,FPL000665,UAM0053,a4,4,4,1.0,VP001,여의도,VP011,천호,11,G4,F1,G4,F2,11:36:09,11:41:09,12:20:29,12:26:41,12:36:41,300.0,2360.2,371.36,3031.56,312.7,1552.8,ready,11:40:52,2377.0,18,"[""여의도 F1"", ""지점 32"", ""여의동 2"", ""이촌2동"", ""이촌동 2"", ""이촌동"", ""반포동"", ""잠원동 2"", ""신사동 2"", ""신사동"", ""성수대교 남단"", ""지점 2"", ""청담대교 중간지점"", ""자양2동"", ""잠실대교 중간지점"", ""지점 4"", ""천호대교 중간지점"", ""천호 F2""]"
7b768b2566f7,2026-10-10,FPL000666,UAM0004,a4,4,4,1.0,VP009,성수,VP017,수서,11,G3,F1,G5,F2,11:31:50,11:36:50,11:44:27,11:49:21,11:59:21,300.0,456.6,293.96,1050.56,39.78,10.76,ready,11:36:34,473.4,7,"[""성수 F1"", ""지점 2"", ""청담대교 중간지점"", ""지점 3"", ""잠실7동"", ""개포3동"", ""수서 F2""]"
7b768b2566f7,2026-10-10,FPL000667,UAM0087,a4,4,4,1.0,VP017,수서,VP016,망우,11,G2,F1,G4,F2,11:31:40,11:52:59,12:04:42,12:09:26,12:19:26,1279.28,703.0,283.2,2265.48,951.12,0.0,ready,11:52:43,719.8,13,"[""수서 F1"", ""개포3동"", ""잠실7동"", ""지점 3"", ""청담대교 중간지점"", ""건대입구"", ""송정동"", ""중곡1동"", ""지점"", ""중랑천 제방길"", ""중랑철교"", ""중화동"", ""망우 F2""]"
7b768b2566f7,2026-10-10,FPL000668,UAM0043,a4,4,4,1.0,VP011,천호,VP009,성수,11,G7,F1,G1,F2,11:53:53,12:08:08,12:17:33,12:22:30,12:32:30,855.52,564.66,297.28,1717.46,1883.6,86.46,ready,12:07:52,581.46,8,"[""천호 F1"", ""천호대교 중간지점"", ""지점 4"", ""잠실대교 중간지점"", ""자양2동"", ""청담대교 중간지점"", ""지점 2"", ""성수 F2""]"
7b768b2566f7,2026-10-10,FPL000669,UAM0019,a4,4,4,1.0,VP018,인천,VP009,성수,11,G7,F1,G4,F2,11:36:15,11:43:53,12:13:12,12:17:56,12:27:56,457.7,1759.2,283.2,2500.1,371.42,0.0,ready,11:43:36,1776.0,30,"[""인천 F1"", ""운북동"", ""영종동"", ""영종대교"", ""지점 22"", ""시천동 아라로"", ""목상동"", ""선주지동"", ""하야동"", ""하야동 2"", ""개화동"", ""덕은동"", ""상암동"", ""성산대교 중간지점"", ""선유도 17고지"", ""합정동"", ""서교동"", ""동교동"", ""20통"", ""대현동"", ""아현동"", ""충정로3가"", ""남영동"", ""회현동2가"", ""후암동"", ""지점 39"", ""약수동"", ""신사동"", ""성수대교 남단"", ""성수 F2""]"
7b768b2566f7,2026-10-10,FPL000670,UAM0028,a4,4,4,1.0,VP011,천호,VP003,상암,11,G2,F1,G4,F2,11:49:14,12:13:29,12:28:32,12:33:15,12:43:15,1454.56,902.6,283.2,2640.36,2099.76,0.0,ready,12:13:12,919.4,22,"[""천호 F1"", ""천호대교 중간지점"", ""지점 4"", ""잠실대교 중간지점"", ""자양2동"", ""청담대교 중간지점"", ""지점 2"", ""성수대교 남단"", ""신사동"", ""약수동"", ""지점 39"", ""후암동"", ""회현동2가"", ""남영동"", ""충정로3가"", ""아현동"", ""대현동"", ""20통"", ""동교동"", ""서교동"", ""합정동"", ""상암 F2""]"
7b768b2566f7,2026-10-10,FPL000671,UAM0097,a4,4,4,1.0,VP003,상암,VP002,잠실,11,G3,F1,G3,F2,11:33:28,11:46:29,12:03:42,12:08:39,12:18:39,781.64,1032.54,297.28,2111.46,481.64,255.94,ready,11:46:12,1049.34,18,"[""상암 F1"", ""서교동"", ""동교동"", ""20통"", ""대현동"", ""아현동"", ""충정로3가"", ""남영동"", ""회현동2가"", ""후암동"", ""지점 39"", ""약수동"", ""신사동"", ""성수대교 남단"", ""지점 2"", ""청담대교 중간지점"", ""지점 3"", ""잠실 F2""]"
7b768b2566f7,2026-10-10,FPL000672,UAM0039,a4,4,4,1.0,VP013,강남,VP014,가산,11,G6,F1,G4,F2,11:40:49,11:55:56,12:11:11,12:16:08,12:26:08,907.2,915.04,297.28,2119.52,1019.92,33.84,ready,11:55:39,931.84,18,"[""강남 F1"", ""서초2동 2"", ""지점 21"", ""경부고속도로 양재천 다리"", ""지점 19"", ""방배동"", ""방배2동"", ""남현동"", ""인헌동"", ""행운동"", ""봉천동"", ""은천동"", ""신림동"", ""신림동 2"", ""신사동 3"", ""지점 9"", ""가산동"", ""가산 F2""]"
7b768b2566f7,2026-10-10,FPL000673,UAM0068,a4,4,4,1.0,VP015,마곡,VP012,광화문,11,G7,F1,G1,F2,11:34:07,11:39:07,11:52:47,11:57:44,12:07:44,300.0,820.2,297.28,1417.48,0,0.0,ready,11:38:50,837.0,15,"[""마곡 F1"", ""하야동 2"", ""개화동"", ""덕은동"", ""상암동"", ""성산대교 중간지점"", ""선유도 17고지"", ""합정동"", ""서교동"", ""동교동"", ""20통"", ""대현동"", ""아현동"", ""충정로3가"", ""광화문 F2""]"
7b768b2566f7,2026-10-10,FPL000674,UAM0023,a4,4,4,1.0,VP012,광화문,VP015,마곡,11,G4,F1,G7,F2,11:38:37,11:43:37,11:57:23,12:02:06,12:12:06,300.0,825.5,283.2,1408.7,232.08,0.0,ready,11:43:21,842.3,15,"[""광화문 F1"", ""충정로3가"", ""아현동"", ""대현동"", ""20통"", ""동교동"", ""서교동"", ""합정동"", ""선유도 17고지"", ""성산대교 중간지점"", ""상암동"", ""덕은동"", ""개화동"", ""하야동 2"", ""마곡 F2""]"
7b768b2566f7,2026-10-10,FPL000675,UAM0026,a4,4,4,1.0,VP014,가산,VP013,강남,11,G3,F1,G6,F2,11:45:02,11:50:17,12:09:06,12:14:14,12:24:14,314.08,1129.24,308.14,1751.46,614.52,255.3,ready,11:50:00,1146.04,18,"[""가산 F1"", ""가산동"", ""지점 9"", ""신사동 3"", ""신림동 2"", ""신림동"", ""은천동"", ""봉천동"", ""행운동"", ""인헌동"", ""남현동"", ""방배2동"", ""방배동"", ""지점 19"", ""경부고속도로 양재천 다리"", ""지점 21"", ""서초2동 2"", ""강남 F2""]"
7b768b2566f7,2026-10-10,FPL000676,UAM0002,a4,4,4,1.0,VP002,잠실,VP009,성수,11,G6,F1,G4,F2,11:34:54,11:44:00,11:53:44,11:58:27,12:08:27,546.16,583.92,283.2,1413.28,246.16,209.72,ready,11:43:43,600.72,5,"[""잠실 F1"", ""지점 3"", ""청담대교 중간지점"", ""지점 2"", ""성수 F2""]"
7b768b2566f7,2026-10-10,FPL000677,UAM0096,a4,4,4,1.0,VP017,수서,VP002,잠실,11,G5,F1,G6,F2,11:39:04,11:58:20,12:12:23,12:17:06,12:27:06,1156.16,842.88,283.2,2282.24,1067.44,520.58,ready,11:58:03,859.68,4,"[""수서 F1"", ""개포3동"", ""잠실7동"", ""잠실 F2""]"
7b768b2566f7,2026-10-10,FPL000678,UAM0092,a4,4,4,1.0,VP009,성수,VP016,망우,11,G1,F1,G1,F2,11:35:45,11:42:11,11:54:51,11:59:48,12:09:48,385.7,759.46,297.28,1442.44,71.62,97.46,ready,11:41:54,776.26,11,"[""성수 F1"", ""지점 2"", ""청담대교 중간지점"", ""건대입구"", ""송정동"", ""중곡1동"", ""지점"", ""중랑천 제방길"", ""중랑철교"", ""중화동"", ""망우 F2""]"
7b768b2566f7,2026-10-10,FPL000679,UAM0030,a4,4,4,1.0,VP006,미아,VP012,광화문,11,G3,F1,G4,F2,11:36:09,11:41:09,11:57:07,12:01:51,12:11:51,300.0,958.14,283.2,1541.34,0,67.14,ready,11:40:52,974.94,19,"[""미아 F1"", ""월계동"", ""월계3동"", ""공릉1동 2"", ""월릉교"", ""중화동"", ""중랑철교"", ""중랑천 제방길"", ""지점"", ""중곡1동"", ""송정동"", ""지점 12"", ""응봉동"", ""신사동"", ""약수동"", ""지점 39"", ""후암동"", ""회현동2가"", ""광화문 F2""]"
7b768b2566f7,2026-10-10,FPL000680,UAM0089,a4,4,4,1.0,VP010,연신내,VP018,인천,11,G5,F1,G7,F2,11:37:05,11:42:05,12:04:35,12:09:18,12:19:18,300.0,1349.7,283.2,1932.9,0,0.0,ready,11:41:49,1366.5,18,"[""연신내 F1"", ""지점 23"", ""향동동"", ""지점 24"", ""수색교"", ""지점 25"", ""덕은동"", ""개화동"", ""하야동 2"", ""하야동"", ""선주지동"", ""목상동"", ""시천동 아라로"", ""지점 22"", ""영종대교"", ""영종동"", ""운북동"", ""인천 F2""]"
7b768b2566f7,2026-10-10,FPL000681,UAM0016,a4,4,4,1.0,VP011,천호,VP013,강남,11,G8,F1,G7,F2,12:04:34,12:18:50,12:32:01,12:40:23,12:50:23,855.52,791.0,502.48,2149.0,2204.24,219.28,ready,12:18:33,807.8,17,"[""천호 F1"", ""천호대교 중간지점"", ""지점 4"", ""잠실대교 중간지점"", ""자양2동"", ""지점 3"", ""잠실7동"", ""대치교"", ""지점 6"", ""지점 7"", ""지점 8"", ""지점 10"", ""양재동"", ""경부고속도로 양재천 다리"", ""지점 21"", ""서초2동 2"", ""강남 F2""]"
7b768b2566f7,2026-10-10,FPL000682,UAM0046,a4,4,4,1.0,VP013,강남,VP011,천호,11,G3,F1,G2,F2,11:40:43,12:01:16,12:41:52,12:47:57,12:57:57,1233.76,2435.32,365.44,4034.52,1091.76,1671.72,ready,12:01:00,2452.12,17,"[""강남 F1"", ""서초2동 2"", ""지점 21"", ""경부고속도로 양재천 다리"", ""양재동"", ""지점 10"", ""지점 8"", ""지점 7"", ""지점 6"", ""대치교"", ""잠실7동"", ""지점 3"", ""자양2동"", ""잠실대교 중간지점"", ""지점 4"", ""천호대교 중간지점"", ""천호 F2""]"
7b768b2566f7,2026-10-10,FPL000683,UAM0074,a4,4,4,1.0,VP003,상암,VP010,연신내,11,G4,F1,G5,F2,11:37:48,11:51:50,11:58:37,12:03:20,12:13:20,841.64,406.7,283.2,1531.54,541.64,0.0,ready,11:51:33,423.5,7,"[""상암 F1"", ""지점 25"", ""수색교"", ""지점 24"", ""향동동"", ""지점 23"", ""연신내 F2""]"
7b768b2566f7,2026-10-10,FPL000684,UAM0020,a4,4,4,1.0,VP015,마곡,VP014,가산,11,G8,F1,G5,F2,11:38:27,11:44:27,11:58:09,12:02:52,12:12:52,360.0,821.7,283.2,1464.9,60.0,0.0,ready,11:44:10,838.5,12,"[""마곡 F1"", ""하야동 2"", ""개화동"", ""덕은동"", ""상암동"", ""지점 18"", ""양평동"", ""목1동"", ""신도림동 2"", ""신정6동"", ""구로동"", ""가산 F2""]"
7b768b2566f7,2026-10-10,FPL000685,UAM0024,a4,4,4,1.0,VP018,인천,VP015,마곡,11,G8,F1,G8,F2,11:38:31,11:49:14,12:07:18,12:12:01,12:22:01,643.08,1084.1,283.2,2010.38,343.08,0.0,ready,11:48:57,1100.9,10,"[""인천 F1"", ""운북동"", ""영종동"", ""영종대교"", ""지점 22"", ""시천동 아라로"", ""목상동"", ""선주지동"", ""하야동"", ""마곡 F2""]"
7b768b2566f7,2026-10-10,FPL000686,UAM0082,a4,4,4,1.0,VP008,사당,VP001,여의도,11,G3,F1,G4,F2,11:39:08,11:44:08,11:53:53,11:58:36,12:08:36,300.0,584.3,283.2,1167.5,0,0.0,ready,11:43:51,601.1,9,"[""사당 F1"", ""인헌동"", ""행운동"", ""봉천동"", ""은천동"", ""신림동"", ""신림동 2"", ""영등포"", ""여의도 F2""]"
7b768b2566f7,2026-10-10,FPL000687,UAM0076,a4,4,4,1.0,VP002,잠실,VP017,수서,11,G3,F1,G6,F2,11:39:29,11:49:21,12:01:50,12:06:33,12:16:33,592.08,748.94,283.2,1624.22,278.0,423.94,ready,11:49:04,765.74,4,"[""잠실 F1"", ""잠실7동"", ""개포3동"", ""수서 F2""]"
7b768b2566f7,2026-10-10,FPL000688,UAM0058,a4,4,4,1.0,VP012,광화문,VP009,성수,11,G3,F1,G1,F2,11:42:58,11:48:58,11:58:05,12:03:02,12:13:02,360.0,546.6,297.28,1203.88,246.16,98.2,ready,11:48:41,563.4,8,"[""광화문 F1"", ""회현동2가"", ""후암동"", ""지점 39"", ""약수동"", ""신사동"", ""성수대교 남단"", ""성수 F2""]"
7b768b2566f7,2026-10-10,FPL000689,UAM0051,a4,4,4,1.0,VP016,망우,VP014,가산,11,G4,F1,G3,F2,11:40:38,11:45:38,12:06:50,12:11:47,12:21:47,300.0,1272.46,297.28,1869.74,0,143.66,ready,11:45:21,1289.26,24,"[""망우 F1"", ""중랑철교"", ""중랑천 제방길"", ""지점"", ""중곡1동"", ""송정동"", ""지점 12"", ""응봉동"", ""신사동"", ""신사동 2"", ""잠원동 2"", ""반포동"", ""이촌동"", ""이촌동 2"", ""이촌2동"", ""지점 14"", ""지점 13"", ""영등포"", ""신도림동"", ""문래동5가"", ""신도림동 2"", ""신정6동"", ""구로동"", ""가산 F2""]"
7b768b2566f7,2026-10-10,FPL000690,UAM0083,a4,4,4,1.0,VP010,연신내,VP013,강남,11,G6,F1,G8,F2,11:41:26,11:47:26,12:04:45,12:13:40,12:23:40,360.0,1039.2,534.7,1933.9,60.0,251.5,ready,11:47:09,1056.0,22,"[""연신내 F1"", ""지점 23"", ""향동동"", ""지점 24"", ""수색교"", ""지점 25"", ""상암동"", ""성산대교 중간지점"", ""선유도 17고지"", ""지점 5"", ""서강대교 중간지점"", ""지점 32"", ""여의동 2"", ""이촌2동"", ""이촌동 2"", ""이촌동"", ""반포동"", ""잠원동 2"", ""잠원동"", ""주흥교"", ""반포1동"", ""강남 F2""]"
7b768b2566f7,2026-10-10,FPL000691,UAM0036,a4,4,4,1.0,VP001,여의도,VP016,망우,11,G3,F1,G3,F2,11:44:50,11:49:50,12:09:03,12:13:46,12:23:46,300.0,1152.86,283.2,1736.06,186.16,205.06,ready,11:49:33,1169.66,19,"[""여의도 F1"", ""지점 32"", ""여의동 2"", ""이촌2동"", ""이촌동 2"", ""이촌동"", ""반포동"", ""잠원동 2"", ""신사동 2"", ""신사동"", ""응봉동"", ""지점 12"", ""송정동"", ""중곡1동"", ""지점"", ""중랑천 제방길"", ""중랑철교"", ""중화동"", ""망우 F2""]"
7b768b2566f7,2026-10-10,FPL000692,UAM0025,a4,4,4,1.0,VP009,성수,VP017,수서,11,G4,F1,G2,F2,11:41:46,11:47:32,12:06:10,12:11:22,12:21:22,345.52,1118.52,311.36,1775.4,45.52,661.92,ready,11:47:15,1135.32,7,"[""성수 F1"", ""지점 2"", ""청담대교 중간지점"", ""지점 3"", ""잠실7동"", ""개포3동"", ""수서 F2""]"
7b768b2566f7,2026-10-10,FPL000693,UAM0054,a4,4,4,1.0,VP013,강남,VP012,광화문,11,G4,F1,G4,F2,11:44:47,12:06:37,12:15:35,12:20:18,12:30:18,1310.08,537.8,283.2,2131.08,1151.76,0.0,ready,12:06:20,554.6,12,"[""강남 F1"", ""반포1동"", ""주흥교"", ""잠원동"", ""잠원동 2"", ""신사동 2"", ""신사동"", ""약수동"", ""지점 39"", ""후암동"", ""회현동2가"", ""광화문 F2""]"
7b768b2566f7,2026-10-10,FPL000694,UAM0009,a4,4,4,1.0,VP003,상암,VP018,인천,11,G1,F1,G8,F2,11:42:23,11:57:10,12:17:32,12:22:15,12:32:15,887.56,1221.2,283.2,2391.96,573.48,0.0,ready,11:56:54,1238.0,14,"[""상암 F1"", ""지점 25"", ""덕은동"", ""개화동"", ""하야동 2"", ""하야동"", ""선주지동"", ""목상동"", ""시천동 아라로"", ""지점 22"", ""영종대교"", ""영종동"", ""운북동"", ""인천 F2""]"
7b768b2566f7,2026-10-10,FPL000695,UAM0048,a4,4,4,1.0,VP011,천호,VP001,여의도,11,G5,F1,G1,F2,12:04:48,12:24:10,12:39:04,12:44:01,12:54:01,1162.08,893.98,297.28,2353.34,2176.08,35.98,ready,12:23:53,910.78,18,"[""천호 F1"", ""천호대교 중간지점"", ""지점 4"", ""잠실대교 중간지점"", ""자양2동"", ""청담대교 중간지점"", ""지점 2"", ""성수대교 남단"", ""신사동"", ""신사동 2"", ""잠원동 2"", ""반포동"", ""이촌동"", ""이촌동 2"", ""이촌2동"", ""여의동 2"", ""지점 32"", ""여의도 F2""]"
7b768b2566f7,2026-10-10,FPL000696,UAM0005,a4,4,4,1.0,VP015,마곡,VP011,천호,11,G5,F1,G7,F2,11:43:02,11:49:48,12:30:10,12:41:54,12:51:54,405.92,2422.62,703.84,3532.38,91.84,1542.66,ready,11:49:31,2439.42,28,"[""마곡 F1"", ""하야동 2"", ""개화동"", ""덕은동"", ""상암동"", ""성산대교 중간지점"", ""선유도 17고지"", ""합정동"", ""서교동"", ""동교동"", ""20통"", ""대현동"", ""아현동"", ""충정로3가"", ""남영동"", ""회현동2가"", ""후암동"", ""지점 39"", ""약수동"", ""신사동"", ""성수대교 남단"", ""지점 2"", ""청담대교 중간지점"", ""자양2동"", ""잠실대교 중간지점"", ""지점 4"", ""천호대교 중간지점"", ""천호 F2""]"
7b768b2566f7,2026-10-10,FPL000697,UAM0006,a4,4,4,1.0,VP002,잠실,VP010,연신내,11,G4,F1,G5,F2,11:43:49,11:54:41,12:14:12,12:18:55,12:28:55,652.08,1170.6,283.2,2105.88,338.0,0.0,ready,11:54:25,1187.4,27,"[""잠실 F1"", ""지점 3"", ""청담대교 중간지점"", ""지점 2"", ""성수대교 남단"", ""신사동"", ""약수동"", ""지점 39"", ""후암동"", ""회현동2가"", ""남영동"", ""충정로3가"", ""아현동"", ""대현동"", ""20통"", ""동교동"", ""서교동"", ""합정동"", ""선유도 17고지"", ""성산대교 중간지점"", ""상암동"", ""지점 25"", ""수색교"", ""지점 24"", ""향동동"", ""지점 23"", ""연신내 F2""]"
7b768b2566f7,2026-10-10,FPL000698,UAM0094,a4,4,4,1.0,VP004,용산,VP002,잠실,11,G3,F1,G4,F2,11:43:53,11:48:53,12:08:02,12:13:00,12:23:00,300.0,1148.92,297.28,1746.2,0,470.92,ready,11:48:37,1165.72,15,"[""용산 F1"", ""한강로2가"", ""한강로1가"", ""청파동1가"", ""남영동"", ""회현동2가"", ""후암동"", ""지점 39"", ""약수동"", ""신사동"", ""성수대교 남단"", ""지점 2"", ""청담대교 중간지점"", ""지점 3"", ""잠실 F2""]"
7b768b2566f7,2026-10-10,FPL000699,UAM0061,a4,4,4,1.0,VP012,광화문,VP011,천호,11,G1,F1,G3,F2,11:44:27,11:54:19,12:25:50,12:37:02,12:47:02,592.08,1891.2,672.0,3155.28,278.0,1586.94,ready,11:54:02,1908.0,14,"[""광화문 F1"", ""회현동2가"", ""후암동"", ""지점 39"", ""약수동"", ""신사동"", ""성수대교 남단"", ""지점 2"", ""청담대교 중간지점"", ""자양2동"", ""잠실대교 중간지점"", ""지점 4"", ""천호대교 중간지점"", ""천호 F2""]"
7b768b2566f7,2026-10-10,FPL000700,UAM0031,a4,4,4,1.0,VP016,망우,VP012,광화문,11,G1,F1,G3,F2,11:45:12,11:53:07,12:05:49,12:10:32,12:20:32,474.92,761.32,283.2,1519.44,160.84,55.22,ready,11:52:51,778.12,14,"[""망우 F1"", ""중랑철교"", ""중랑천 제방길"", ""지점"", ""중곡1동"", ""송정동"", ""지점 12"", ""응봉동"", ""신사동"", ""약수동"", ""지점 39"", ""후암동"", ""회현동2가"", ""광화문 F2""]"
7b768b2566f7,2026-10-10,FPL000701,UAM0011,a4,4,4,1.0,VP013,강남,VP015,마곡,11,G7,F1,G3,F2,11:57:42,12:11:58,12:34:25,12:39:36,12:49:36,855.52,1347.04,311.36,2513.92,1268.08,285.84,ready,12:11:41,1363.84,20,"[""강남 F1"", ""반포1동"", ""주흥교"", ""잠원동"", ""잠원동 2"", ""반포동"", ""이촌동"", ""이촌동 2"", ""이촌2동"", ""여의동 2"", ""지점 32"", ""서강대교 중간지점"", ""지점 5"", ""선유도 17고지"", ""성산대교 중간지점"", ""상암동"", ""덕은동"", ""개화동"", ""하야동 2"", ""마곡 F2""]"
7b768b2566f7,2026-10-10,FPL000702,UAM0099,a4,4,4,1.0,VP014,가산,VP016,망우,11,G5,F1,G2,F2,11:49:21,11:55:37,12:17:44,12:22:42,12:32:42,375.78,1327.2,297.28,2000.26,274.32,149.9,ready,11:55:20,1344.0,25,"[""가산 F1"", ""구로동"", ""신정6동"", ""신도림동 2"", ""문래동5가"", ""신도림동"", ""영등포"", ""지점 13"", ""지점 14"", ""이촌2동"", ""이촌동 2"", ""이촌동"", ""반포동"", ""잠원동 2"", ""신사동 2"", ""신사동"", ""응봉동"", ""지점 12"", ""송정동"", ""중곡1동"", ""지점"", ""중랑천 제방길"", ""중랑철교"", ""중화동"", ""망우 F2""]"
7b768b2566f7,2026-10-10,FPL000703,UAM0063,a4,4,4,1.0,VP001,여의도,VP009,성수,11,G1,F1,G3,F2,11:46:19,11:55:11,12:06:01,12:10:44,12:20:44,532.08,649.8,283.2,1465.08,218.0,0.0,ready,11:54:54,666.6,12,"[""여의도 F1"", ""지점 32"", ""여의동 2"", ""이촌2동"", ""이촌동 2"", ""이촌동"", ""반포동"", ""잠원동 2"", ""신사동 2"", ""신사동"", ""성수대교 남단"", ""성수 F2""]"
7b768b2566f7,2026-10-10,FPL000704,UAM0034,a4,4,4,1.0,VP018,인천,VP005,목동,11,G5,F1,G7,F2,11:46:25,11:55:15,12:16:14,12:20:58,12:30:58,530.0,1259.2,283.2,2072.4,215.92,0.0,ready,11:54:58,1276.0,15,"[""인천 F1"", ""운북동"", ""영종동"", ""지점 26"", ""지점 27"", ""지점 28"", ""간석3동"", ""지점 37"", ""지점 29"", ""지점 30"", ""지점 31"", ""지점 17"", ""구로동"", ""신정6동"", ""목동 F2""]"
7b768b2566f7,2026-10-10,FPL000705,UAM0049,a4,4,4,1.0,VP008,사당,VP014,가산,11,G4,F1,G6,F2,11:47:00,11:52:00,12:02:30,12:07:13,12:17:13,300.0,629.4,283.2,1212.6,0,27.2,ready,11:51:43,646.2,11,"[""사당 F1"", ""인헌동"", ""행운동"", ""봉천동"", ""은천동"", ""신림동"", ""신림동 2"", ""신사동 3"", ""지점 9"", ""가산동"", ""가산 F2""]"
7b768b2566f7,2026-10-10,FPL000706,UAM0055,a4,4,4,1.0,VP011,천호,VP013,강남,11,G4,F1,G3,F2,12:05:02,12:29:31,12:49:23,12:54:35,13:04:35,1468.64,1192.28,311.36,2972.28,2147.92,401.28,ready,12:29:14,1209.08,17,"[""천호 F1"", ""천호대교 중간지점"", ""지점 4"", ""잠실대교 중간지점"", ""자양2동"", ""지점 3"", ""잠실7동"", ""대치교"", ""지점 6"", ""지점 7"", ""지점 8"", ""지점 10"", ""양재동"", ""경부고속도로 양재천 다리"", ""지점 21"", ""서초2동 2"", ""강남 F2""]"
7b768b2566f7,2026-10-10,FPL000707,UAM0010,a4,4,4,1.0,VP017,수서,VP003,상암,11,G6,F1,G3,F2,12:02:16,12:07:16,12:21:56,12:26:39,12:36:39,300.0,879.2,283.2,1462.4,816.68,0.0,ready,12:07:00,896.0,21,"[""수서 F1"", ""개포3동"", ""잠실7동"", ""지점 3"", ""청담대교 중간지점"", ""지점 2"", ""성수대교 남단"", ""신사동"", ""약수동"", ""지점 39"", ""후암동"", ""회현동2가"", ""남영동"", ""충정로3가"", ""아현동"", ""대현동"", ""20통"", ""동교동"", ""서교동"", ""합정동"", ""상암 F2""]"
7b768b2566f7,2026-10-10,FPL000708,UAM0065,a4,4,4,1.0,VP012,광화문,VP007,봉천,11,G2,F1,G3,F2,11:48:47,11:59:39,12:10:25,12:15:08,12:25:08,652.08,645.6,283.2,1580.88,338.0,0.0,ready,11:59:22,662.4,13,"[""광화문 F1"", ""남영동"", ""청파동1가"", ""한강로1가"", ""한강로2가"", ""한강로3가"", ""이촌동 2"", ""상도터널"", ""상도1동"", ""상도1동 2"", ""지점 38"", ""봉천동"", ""봉천 F2""]"
7b768b2566f7,2026-10-10,FPL000709,UAM0042,a4,4,4,1.0,VP016,망우,VP017,수서,11,G3,F1,G4,F2,11:49:19,11:58:28,12:19:12,12:24:09,12:34:09,549.0,1244.16,297.28,2090.44,249.0,584.96,ready,11:58:11,1260.96,12,"[""망우 F1"", ""중랑철교"", ""중랑천 제방길"", ""지점"", ""중곡1동"", ""송정동"", ""건대입구"", ""청담대교 중간지점"", ""지점 3"", ""잠실7동"", ""개포3동"", ""수서 F2""]"
7b768b2566f7,2026-10-10,FPL000710,UAM0100,a4,4,4,1.0,VP007,봉천,VP013,강남,11,G3,F1,G5,F2,11:55:29,12:00:29,12:13:37,12:19:15,12:29:15,300.0,788.02,337.28,1425.3,331.62,231.32,ready,12:00:12,804.82,12,"[""봉천 F1"", ""봉천동"", ""행운동"", ""인헌동"", ""남현동"", ""방배2동"", ""방배동"", ""지점 19"", ""경부고속도로 양재천 다리"", ""지점 21"", ""서초2동 2"", ""강남 F2""]"
7b768b2566f7,2026-10-10,FPL000711,UAM0093,a4,4,4,1.0,VP014,가산,VP015,마곡,11,G6,F1,G7,F2,11:50:24,12:00:58,12:20:20,12:25:03,12:35:03,634.32,1161.94,283.2,2079.46,334.32,331.84,ready,12:00:41,1178.74,12,"[""가산 F1"", ""구로동"", ""신정6동"", ""신도림동 2"", ""목1동"", ""양평동"", ""지점 18"", ""상암동"", ""덕은동"", ""개화동"", ""하야동 2"", ""마곡 F2""]"
7b768b2566f7,2026-10-10,FPL000712,UAM0077,a4,4,4,1.0,VP001,여의도,VP015,마곡,11,G4,F1,G6,F2,11:53:45,12:00:32,12:15:59,12:20:56,12:30:56,406.44,927.6,297.28,1631.32,306.16,228.2,ready,12:00:15,944.4,9,"[""여의도 F1"", ""지점 11"", ""선유도 17고지"", ""성산대교 중간지점"", ""상암동"", ""덕은동"", ""개화동"", ""하야동 2"", ""마곡 F2""]"
7b768b2566f7,2026-10-10,FPL000713,UAM0029,a4,4,4,1.0,VP013,강남,VP018,인천,11,G1,F1,G8,F2,11:50:53,12:17:18,12:45:35,12:50:18,13:00:18,1585.84,1696.8,283.2,3565.84,1243.6,0.0,ready,12:17:02,1713.6,29,"[""강남 F1"", ""서초2동 2"", ""지점 21"", ""경부고속도로 양재천 다리"", ""지점 19"", ""방배동"", ""방배2동"", ""남현동"", ""인헌동"", ""행운동"", ""봉천동"", ""은천동"", ""신림동"", ""신림동 2"", ""신사동 3"", ""지점 9"", ""가산동"", ""지점 17"", ""지점 31"", ""지점 30"", ""지점 29"", ""지점 37"", ""간석3동"", ""지점 28"", ""지점 27"", ""지점 26"", ""영종동"", ""운북동"", ""인천 F2""]"
7b768b2566f7,2026-10-10,FPL000714,UAM0015,a4,4,4,1.0,VP006,미아,VP018,인천,11,G3,F1,G7,F2,11:55:48,12:00:48,12:37:37,12:42:20,12:52:20,300.0,2208.9,283.2,2792.1,263.16,0.0,ready,12:00:31,2225.7,41,"[""미아 F1"", ""월계동"", ""월계3동"", ""공릉1동 2"", ""월릉교"", ""중화동"", ""중랑철교"", ""중랑천 제방길"", ""지점"", ""중곡1동"", ""송정동"", ""지점 12"", ""응봉동"", ""신사동"", ""약수동"", ""지점 39"", ""후암동"", ""회현동2가"", ""남영동"", ""충정로3가"", ""아현동"", ""대현동"", ""20통"", ""동교동"", ""서교동"", ""합정동"", ""선유도 17고지"", ""성산대교 중간지점"", ""상암동"", ""덕은동"", ""개화동"", ""하야동 2"", ""하야동"", ""선주지동"", ""목상동"", ""시천동 아라로"", ""지점 22"", ""영종대교"", ""영종동"", ""운북동"", ""인천 F2""]"
7b768b2566f7,2026-10-10,FPL000715,UAM0003,a4,4,4,1.0,VP012,광화문,VP010,연신내,11,G4,F1,G6,F2,11:57:34,12:05:00,12:18:33,12:23:16,12:33:16,445.7,812.64,283.2,1541.54,426.16,8.74,ready,12:04:43,829.44,17,"[""광화문 F1"", ""충정로3가"", ""아현동"", ""대현동"", ""20통"", ""동교동"", ""서교동"", ""합정동"", ""선유도 17고지"", ""성산대교 중간지점"", ""상암동"", ""지점 25"", ""수색교"", ""지점 24"", ""향동동"", ""지점 23"", ""연신내 F2""]"
7b768b2566f7,2026-10-10,FPL000716,UAM0017,a4,4,4,1.0,VP011,천호,VP015,마곡,11,G6,F1,G8,F2,12:20:50,12:34:52,12:59:40,13:04:23,13:14:23,841.44,1488.1,283.2,2612.74,2176.08,192.3,ready,12:34:35,1504.9,28,"[""천호 F1"", ""천호대교 중간지점"", ""지점 4"", ""잠실대교 중간지점"", ""자양2동"", ""청담대교 중간지점"", ""지점 2"", ""성수대교 남단"", ""신사동"", ""약수동"", ""지점 39"", ""후암동"", ""회현동2가"", ""남영동"", ""충정로3가"", ""아현동"", ""대현동"", ""20통"", ""동교동"", ""서교동"", ""합정동"", ""선유도 17고지"", ""성산대교 중간지점"", ""상암동"", ""덕은동"", ""개화동"", ""하야동 2"", ""마곡 F2""]"
7b768b2566f7,2026-10-10,FPL000717,UAM0057,a4,4,4,1.0,VP013,강남,VP012,광화문,11,G8,F1,G4,F2,12:03:23,12:22:39,12:31:37,12:36:20,12:46:20,1156.16,537.8,283.2,1977.16,1388.08,0.0,ready,12:22:22,554.6,12,"[""강남 F1"", ""반포1동"", ""주흥교"", ""잠원동"", ""잠원동 2"", ""신사동 2"", ""신사동"", ""약수동"", ""지점 39"", ""후암동"", ""회현동2가"", ""광화문 F2""]"
7b768b2566f7,2026-10-10,FPL000718,UAM0038,a4,4,4,1.0,VP014,가산,VP009,성수,11,G4,F1,G2,F2,11:54:58,12:06:18,12:21:54,12:26:51,12:36:51,680.24,935.12,297.28,1912.64,366.16,55.82,ready,12:06:02,951.92,18,"[""가산 F1"", ""구로동"", ""신정6동"", ""신도림동 2"", ""문래동5가"", ""신도림동"", ""영등포"", ""지점 13"", ""지점 14"", ""이촌2동"", ""이촌동 2"", ""이촌동"", ""반포동"", ""잠원동 2"", ""신사동 2"", ""신사동"", ""성수대교 남단"", ""성수 F2""]"
7b768b2566f7,2026-10-10,FPL000719,UAM0041,a4,4,4,1.0,VP001,여의도,VP002,잠실,11,G2,F1,G5,F2,11:55:00,12:05:52,12:21:04,12:25:47,12:35:47,652.08,912.1,283.2,1847.38,338.0,159.7,ready,12:05:35,928.9,15,"[""여의도 F1"", ""지점 32"", ""여의동 2"", ""이촌2동"", ""이촌동 2"", ""이촌동"", ""반포동"", ""잠원동 2"", ""신사동 2"", ""신사동"", ""성수대교 남단"", ""지점 2"", ""청담대교 중간지점"", ""지점 3"", ""잠실 F2""]"
7b768b2566f7,2026-10-10,FPL000720,UAM0012,a4,4,4,1.0,VP018,인천,VP005,목동,11,G7,F1,G5,F2,12:00:10,12:05:10,12:26:10,12:31:07,12:41:07,300.0,1259.2,297.28,1856.48,260.7,0.0,ready,12:04:54,1276.0,15,"[""인천 F1"", ""운북동"", ""영종동"", ""지점 26"", ""지점 27"", ""지점 28"", ""간석3동"", ""지점 37"", ""지점 29"", ""지점 30"", ""지점 31"", ""지점 17"", ""구로동"", ""신정6동"", ""목동 F2""]"
7b768b2566f7,2026-10-10,FPL000721,UAM0045,a4,4,4,1.0,VP007,봉천,VP017,수서,11,G4,F1,G6,F2,11:59:50,12:05:50,12:23:33,12:28:21,12:38:21,360.0,1062.88,288.32,1711.2,246.16,367.3,ready,12:05:33,1079.68,18,"[""봉천 F1"", ""봉천동"", ""행운동"", ""인헌동"", ""남현동"", ""방배2동"", ""방배동"", ""지점 19"", ""경부고속도로 양재천 다리"", ""양재동"", ""지점 10"", ""지점 8"", ""지점 7"", ""지점 6"", ""대치교"", ""잠실7동"", ""개포3동"", ""수서 F2""]"
7b768b2566f7,2026-10-10,FPL000722,UAM0064,a4,4,4,1.0,VP002,잠실,VP016,망우,11,G5,F1,G1,F2,11:57:16,12:02:16,12:13:24,12:18:21,12:28:21,300.0,667.34,297.28,1264.62,0,44.84,ready,12:02:00,684.14,11,"[""잠실 F1"", ""지점 3"", ""청담대교 중간지점"", ""건대입구"", ""송정동"", ""중곡1동"", ""지점"", ""중랑천 제방길"", ""중랑철교"", ""중화동"", ""망우 F2""]"
7b768b2566f7,2026-10-10,FPL000723,UAM0085,a4,4,4,1.0,VP010,연신내,VP011,천호,11,G5,F1,G4,F2,11:57:37,12:02:37,12:59:14,13:09:26,13:19:26,300.0,3397.76,611.36,4309.12,0,2414.46,ready,12:02:20,3414.56,30,"[""연신내 F1"", ""지점 23"", ""향동동"", ""지점 24"", ""수색교"", ""지점 25"", ""상암동"", ""성산대교 중간지점"", ""선유도 17고지"", ""합정동"", ""서교동"", ""동교동"", ""20통"", ""대현동"", ""아현동"", ""충정로3가"", ""남영동"", ""회현동2가"", ""후암동"", ""지점 39"", ""약수동"", ""신사동"", ""성수대교 남단"", ""지점 2"", ""청담대교 중간지점"", ""자양2동"", ""잠실대교 중간지점"", ""지점 4"", ""천호대교 중간지점"", ""천호 F2""]"
7b768b2566f7,2026-10-10,FPL000724,UAM0052,a4,4,4,1.0,VP016,망우,VP011,천호,11,G4,F1,G1,F2,11:59:38,12:04:38,12:36:31,12:42:57,12:52:57,300.0,1913.12,385.44,2598.56,94.86,1432.82,ready,12:04:21,1929.92,10,"[""망우 F1"", ""중랑철교"", ""중랑천 제방길"", ""지점"", ""중곡1동"", ""능동"", ""구의동"", ""아차산 고가차도"", ""천호대교 중간지점"", ""천호 F2""]"
7b768b2566f7,2026-10-10,FPL000725,UAM0070,a4,4,4,1.0,VP001,여의도,VP009,성수,11,G3,F1,G3,F2,11:59:07,12:11:13,12:26:14,12:30:57,12:40:57,726.16,901.42,283.2,1910.78,426.16,251.62,ready,12:10:56,918.22,12,"[""여의도 F1"", ""지점 32"", ""여의동 2"", ""이촌2동"", ""이촌동 2"", ""이촌동"", ""반포동"", ""잠원동 2"", ""신사동 2"", ""신사동"", ""성수대교 남단"", ""성수 F2""]"
7b768b2566f7,2026-10-10,FPL000726,UAM0062,a4,4,4,1.0,VP011,천호,VP010,연신내,11,G1,F1,G4,F2,12:05:16,12:40:12,13:04:44,13:09:42,13:19:42,2095.84,1472.32,297.28,3865.44,2119.76,198.12,ready,12:39:55,1489.12,30,"[""천호 F1"", ""천호대교 중간지점"", ""지점 4"", ""잠실대교 중간지점"", ""자양2동"", ""청담대교 중간지점"", ""지점 2"", ""성수대교 남단"", ""신사동"", ""약수동"", ""지점 39"", ""후암동"", ""회현동2가"", ""남영동"", ""충정로3가"", ""아현동"", ""대현동"", ""20통"", ""동교동"", ""서교동"", ""합정동"", ""선유도 17고지"", ""성산대교 중간지점"", ""상암동"", ""지점 25"", ""수색교"", ""지점 24"", ""향동동"", ""지점 23"", ""연신내 F2""]"
7b768b2566f7,2026-10-10,FPL000727,UAM0004,a4,4,4,1.0,VP017,수서,VP009,성수,11,G5,F1,G4,F2,12:10:58,12:15:58,12:30:35,12:35:18,12:45:18,300.0,877.2,283.2,1460.4,696.68,423.0,ready,12:15:41,894.0,7,"[""수서 F1"", ""개포3동"", ""잠실7동"", ""지점 3"", ""청담대교 중간지점"", ""지점 2"", ""성수 F2""]"
7b768b2566f7,2026-10-10,FPL000728,UAM0080,a4,4,4,1.0,VP014,가산,VP005,목동,11,G3,F1,G8,F2,11:59:31,12:11:39,12:20:35,12:25:18,12:35:18,727.86,535.98,283.2,1547.04,413.78,71.68,ready,12:11:22,552.78,4,"[""가산 F1"", ""구로동"", ""신정6동"", ""목동 F2""]"
7b768b2566f7,2026-10-10,FPL000729,UAM0040,a4,4,4,1.0,VP006,미아,VP001,여의도,11,G4,F1,G3,F2,12:03:38,12:08:38,12:26:36,12:31:19,12:41:19,300.0,1077.9,283.2,1661.1,238.88,0.0,ready,12:08:21,1094.7,23,"[""미아 F1"", ""월계동"", ""월계3동"", ""공릉1동 2"", ""월릉교"", ""중화동"", ""중랑철교"", ""중랑천 제방길"", ""지점"", ""중곡1동"", ""송정동"", ""지점 12"", ""응봉동"", ""신사동"", ""신사동 2"", ""잠원동 2"", ""반포동"", ""이촌동"", ""이촌동 2"", ""이촌2동"", ""여의동 2"", ""지점 32"", ""여의도 F2""]"
7b768b2566f7,2026-10-10,FPL000730,UAM0088,a4,4,4,1.0,VP018,인천,VP007,봉천,12,G8,F1,G3,F2,12:00:30,12:10:31,12:33:16,12:38:00,12:48:00,600.64,1365.4,283.2,2249.24,320.04,0.0,ready,12:10:14,1382.2,18,"[""인천 F1"", ""운북동"", ""영종동"", ""지점 26"", ""지점 27"", ""지점 28"", ""간석3동"", ""지점 37"", ""지점 29"", ""지점 30"", ""지점 31"", ""지점 17"", ""가산동"", ""지점 9"", ""신사동 3"", ""신림동 2"", ""신림동"", ""봉천 F2""]"
7b768b2566f7,2026-10-10,FPL000731,UAM0021,a4,4,4,1.0,VP007,봉천,VP015,마곡,12,G1,F1,G8,F2,12:01:18,12:11:11,12:25:43,12:30:27,12:40:27,592.08,872.9,283.2,1748.18,278.0,0.0,ready,12:10:54,889.7,12,"[""봉천 F1"", ""신림동"", ""신림동 2"", ""영등포"", ""지점 11"", ""선유도 17고지"", ""성산대교 중간지점"", ""상암동"", ""덕은동"", ""개화동"", ""하야동 2"", ""마곡 F2""]"
7b768b2566f7,2026-10-10,FPL000732,UAM0059,a4,4,4,1.0,VP012,광화문,VP011,천호,12,G3,F1,G8,F2,12:06:15,12:11:15,12:46:12,12:52:36,13:02:36,300.0,2096.9,383.2,2780.1,278.22,1532.0,ready,12:10:59,2113.7,14,"[""광화문 F1"", ""회현동2가"", ""후암동"", ""지점 39"", ""약수동"", ""신사동"", ""성수대교 남단"", ""지점 2"", ""청담대교 중간지점"", ""자양2동"", ""잠실대교 중간지점"", ""지점 4"", ""천호대교 중간지점"", ""천호 F2""]"
7b768b2566f7,2026-10-10,FPL000733,UAM0050,a4,4,4,1.0,VP002,잠실,VP015,마곡,12,G6,F1,G7,F2,12:12:50,12:17:50,12:38:45,12:43:29,12:53:29,300.0,1255.58,283.2,1838.78,670.26,63.18,ready,12:17:33,1272.38,25,"[""잠실 F1"", ""지점 3"", ""청담대교 중간지점"", ""지점 2"", ""성수대교 남단"", ""신사동"", ""약수동"", ""지점 39"", ""후암동"", ""회현동2가"", ""남영동"", ""충정로3가"", ""아현동"", ""대현동"", ""20통"", ""동교동"", ""서교동"", ""합정동"", ""선유도 17고지"", ""성산대교 중간지점"", ""상암동"", ""덕은동"", ""개화동"", ""하야동 2"", ""마곡 F2""]"
7b768b2566f7,2026-10-10,FPL000734,UAM0044,a4,4,4,1.0,VP004,용산,VP007,봉천,12,G3,F1,G4,F2,12:02:32,12:07:32,12:16:33,12:21:17,12:31:17,300.0,541.5,283.2,1124.7,0,0.0,ready,12:07:15,558.3,9,"[""용산 F1"", ""한강로3가"", ""이촌동 2"", ""상도터널"", ""상도1동"", ""상도1동 2"", ""지점 38"", ""봉천동"", ""봉천 F2""]"
7b768b2566f7,2026-10-10,FPL000735,UAM0091,a4,4,4,1.0,VP010,연신내,VP011,천호,12,G6,F1,G1,F2,12:03:24,12:08:24,13:17:16,13:25:22,13:35:22,300.0,4132.26,485.44,4917.7,16.12,3008.96,ready,12:08:07,4149.06,30,"[""연신내 F1"", ""지점 23"", ""향동동"", ""지점 24"", ""수색교"", ""지점 25"", ""상암동"", ""성산대교 중간지점"", ""선유도 17고지"", ""합정동"", ""서교동"", ""동교동"", ""20통"", ""대현동"", ""아현동"", ""충정로3가"", ""남영동"", ""회현동2가"", ""후암동"", ""지점 39"", ""약수동"", ""신사동"", ""성수대교 남단"", ""지점 2"", ""청담대교 중간지점"", ""자양2동"", ""잠실대교 중간지점"", ""지점 4"", ""천호대교 중간지점"", ""천호 F2""]"
7b768b2566f7,2026-10-10,FPL000736,UAM0098,a4,4,4,1.0,VP017,수서,VP016,망우,12,G3,F1,G3,F2,12:11:12,12:21:18,12:33:01,12:37:45,12:47:45,606.56,703.0,283.2,1592.76,739.28,0.0,ready,12:21:02,719.8,13,"[""수서 F1"", ""개포3동"", ""잠실7동"", ""지점 3"", ""청담대교 중간지점"", ""건대입구"", ""송정동"", ""중곡1동"", ""지점"", ""중랑천 제방길"", ""중랑철교"", ""중화동"", ""망우 F2""]"
7b768b2566f7,2026-10-10,FPL000737,UAM0027,a4,4,4,1.0,VP001,여의도,VP008,사당,12,G1,F1,G4,F2,12:03:55,12:16:33,12:26:21,12:31:04,12:41:04,758.52,587.5,283.2,1629.22,444.44,0.0,ready,12:16:17,604.3,9,"[""여의도 F1"", ""영등포"", ""신림동 2"", ""신림동"", ""은천동"", ""봉천동"", ""행운동"", ""인헌동"", ""사당 F2""]"
7b768b2566f7,2026-10-10,FPL000738,UAM0007,a4,4,4,1.0,VP009,성수,VP015,마곡,12,G3,F1,G5,F2,12:04:07,12:09:07,12:30:04,12:35:01,12:45:01,300.0,1257.6,297.28,1854.88,0,166.8,ready,12:08:50,1274.4,22,"[""성수 F1"", ""성수대교 남단"", ""신사동"", ""약수동"", ""지점 39"", ""후암동"", ""회현동2가"", ""남영동"", ""충정로3가"", ""아현동"", ""대현동"", ""20통"", ""동교동"", ""서교동"", ""합정동"", ""선유도 17고지"", ""성산대교 중간지점"", ""상암동"", ""덕은동"", ""개화동"", ""하야동 2"", ""마곡 F2""]"
7b768b2566f7,2026-10-10,FPL000739,UAM0033,a4,4,4,1.0,VP011,천호,VP017,수서,12,G3,F1,G4,F2,12:27:05,12:45:33,12:57:39,13:11:40,13:21:40,1108.0,726.5,841.04,2675.54,2147.92,735.86,ready,12:45:16,743.3,9,"[""천호 F1"", ""천호대교 중간지점"", ""지점 4"", ""잠실대교 중간지점"", ""자양2동"", ""지점 3"", ""잠실7동"", ""개포3동"", ""수서 F2""]"
7b768b2566f7,2026-10-10,FPL000740,UAM0078,a4,4,4,1.0,VP016,망우,VP017,수서,12,G3,F1,G1,F2,12:09:30,12:14:30,12:27:53,12:34:10,12:44:10,300.0,803.52,376.48,1480.0,256.82,209.44,ready,12:14:13,820.32,12,"[""망우 F1"", ""중랑철교"", ""중랑천 제방길"", ""지점"", ""중곡1동"", ""송정동"", ""건대입구"", ""청담대교 중간지점"", ""지점 3"", ""잠실7동"", ""개포3동"", ""수서 F2""]"
7b768b2566f7,2026-10-10,FPL000741,UAM0013,a4,4,4,1.0,VP007,봉천,VP008,사당,12,G2,F1,G3,F2,12:05:39,12:16:31,12:21:44,12:26:27,12:36:27,652.08,312.5,283.2,1247.78,338.0,0.0,ready,12:16:14,329.3,5,"[""봉천 F1"", ""봉천동"", ""행운동"", ""인헌동"", ""사당 F2""]"
7b768b2566f7,2026-10-10,FPL000742,UAM0047,a4,4,4,1.0,VP006,미아,VP017,수서,12,G1,F1,G2,F2,12:05:58,12:13:59,12:36:35,12:41:46,12:51:46,481.08,1356.1,311.36,2148.54,167.0,512.0,ready,12:13:42,1372.9,17,"[""미아 F1"", ""월계동"", ""월계3동"", ""공릉1동 2"", ""월릉교"", ""중화동"", ""중랑철교"", ""중랑천 제방길"", ""지점"", ""중곡1동"", ""송정동"", ""건대입구"", ""청담대교 중간지점"", ""지점 3"", ""잠실7동"", ""개포3동"", ""수서 F2""]"
7b768b2566f7,2026-10-10,FPL000743,UAM0032,a4,4,4,1.0,VP010,연신내,VP012,광화문,12,G3,F1,G3,F2,12:07:43,12:13:45,12:27:08,12:31:51,12:41:51,362.04,803.1,283.2,1448.34,47.96,0.0,ready,12:13:28,819.9,17,"[""연신내 F1"", ""지점 23"", ""향동동"", ""지점 24"", ""수색교"", ""지점 25"", ""상암동"", ""성산대교 중간지점"", ""선유도 17고지"", ""합정동"", ""서교동"", ""동교동"", ""20통"", ""대현동"", ""아현동"", ""충정로3가"", ""광화문 F2""]"
7b768b2566f7,2026-10-10,FPL000744,UAM0068,a4,4,4,1.0,VP012,광화문,VP017,수서,12,G1,F1,G5,F2,12:07:44,12:16:36,12:32:14,12:39:02,12:49:02,532.08,937.96,408.32,1878.36,218.0,431.78,ready,12:16:19,954.76,13,"[""광화문 F1"", ""회현동2가"", ""후암동"", ""지점 39"", ""약수동"", ""신사동"", ""성수대교 남단"", ""지점 2"", ""청담대교 중간지점"", ""지점 3"", ""잠실7동"", ""개포3동"", ""수서 F2""]"
7b768b2566f7,2026-10-10,FPL000745,UAM0079,a4,4,4,1.0,VP013,강남,VP001,여의도,12,G5,F1,G2,F2,12:14:18,12:28:00,12:43:25,12:48:22,12:58:22,821.44,925.22,297.28,2043.94,893.52,289.22,ready,12:27:43,942.02,12,"[""강남 F1"", ""반포1동"", ""주흥교"", ""잠원동"", ""잠원동 2"", ""반포동"", ""이촌동"", ""이촌동 2"", ""이촌2동"", ""여의동 2"", ""지점 32"", ""여의도 F2""]"
7b768b2566f7,2026-10-10,FPL000746,UAM0060,a4,4,4,1.0,VP017,수서,VP009,성수,12,G4,F1,G1,F2,12:15:24,12:26:39,12:34:56,12:39:53,12:49:53,674.72,496.56,297.28,1468.56,799.28,42.36,ready,12:26:22,513.36,7,"[""수서 F1"", ""개포3동"", ""잠실7동"", ""지점 3"", ""청담대교 중간지점"", ""지점 2"", ""성수 F2""]"
7b768b2566f7,2026-10-10,FPL000747,UAM0002,a4,4,4,1.0,VP009,성수,VP002,잠실,12,G4,F1,G3,F2,12:10:48,12:15:48,12:25:25,12:30:22,12:40:22,300.0,576.78,297.28,1174.06,141.0,201.48,ready,12:15:31,593.58,5,"[""성수 F1"", ""지점 2"", ""청담대교 중간지점"", ""지점 3"", ""잠실 F2""]"
7b768b2566f7,2026-10-10,FPL000748,UAM0082,a4,4,4,1.0,VP001,여의도,VP017,수서,12,G4,F1,G3,F2,12:08:36,12:21:54,12:40:55,12:49:58,12:59:58,798.34,1141.26,542.4,2482.0,498.34,552.68,ready,12:21:37,1158.06,17,"[""여의도 F1"", ""지점 32"", ""여의동 2"", ""이촌2동"", ""이촌동 2"", ""이촌동"", ""반포동"", ""잠원동 2"", ""신사동 2"", ""신사동"", ""성수대교 남단"", ""지점 2"", ""청담대교 중간지점"", ""지점 3"", ""잠실7동"", ""개포3동"", ""수서 F2""]"
7b768b2566f7,2026-10-10,FPL000749,UAM0008,a4,4,4,1.0,VP011,천호,VP004,용산,12,G7,F1,G3,F2,12:36:38,12:50:53,13:04:01,13:08:44,13:18:44,855.52,787.4,283.2,1926.12,2204.24,0.0,ready,12:50:37,804.2,18,"[""천호 F1"", ""천호대교 중간지점"", ""지점 4"", ""잠실대교 중간지점"", ""자양2동"", ""청담대교 중간지점"", ""지점 2"", ""성수대교 남단"", ""신사동"", ""약수동"", ""지점 39"", ""후암동"", ""회현동2가"", ""남영동"", ""청파동1가"", ""한강로1가"", ""한강로2가"", ""용산 F2""]"
7b768b2566f7,2026-10-10,FPL000750,UAM0035,a4,4,4,1.0,VP007,봉천,VP008,사당,12,G3,F1,G1,F2,12:10:45,12:21:52,12:30:42,12:35:39,12:45:39,667.16,529.76,297.28,1494.2,426.16,217.26,ready,12:21:35,546.56,5,"[""봉천 F1"", ""봉천동"", ""행운동"", ""인헌동"", ""사당 F2""]"
7b768b2566f7,2026-10-10,FPL000751,UAM0092,a4,4,4,1.0,VP016,망우,VP001,여의도,12,G1,F1,G4,F2,12:09:48,12:19:51,12:34:44,12:39:27,12:49:27,602.74,893.0,283.2,1778.94,288.66,0.0,ready,12:19:34,909.8,18,"[""망우 F1"", ""중랑철교"", ""중랑천 제방길"", ""지점"", ""중곡1동"", ""송정동"", ""지점 12"", ""응봉동"", ""신사동"", ""신사동 2"", ""잠원동 2"", ""반포동"", ""이촌동"", ""이촌동 2"", ""이촌2동"", ""여의동 2"", ""지점 32"", ""여의도 F2""]"
7b768b2566f7,2026-10-10,FPL000752,UAM0095,a4,4,4,1.0,VP018,인천,VP008,사당,12,G5,F1,G3,F2,12:10:20,12:15:52,12:39:30,12:44:13,12:54:13,331.44,1417.9,283.2,2032.54,17.36,0.0,ready,12:15:35,1434.7,22,"[""인천 F1"", ""운북동"", ""영종동"", ""지점 26"", ""지점 27"", ""지점 28"", ""간석3동"", ""지점 37"", ""지점 29"", ""지점 30"", ""지점 31"", ""지점 17"", ""가산동"", ""지점 9"", ""신사동 3"", ""신림동 2"", ""신림동"", ""은천동"", ""봉천동"", ""행운동"", ""인헌동"", ""사당 F2""]"
7b768b2566f7,2026-10-10,FPL000753,UAM0030,a4,4,4,1.0,VP012,광화문,VP014,가산,12,G4,F1,G5,F2,12:11:51,12:21:57,12:35:23,12:40:06,12:50:06,606.16,805.8,283.2,1695.16,306.16,0.0,ready,12:21:40,822.6,16,"[""광화문 F1"", ""남영동"", ""청파동1가"", ""한강로1가"", ""한강로2가"", ""한강로3가"", ""이촌2동"", ""지점 14"", ""지점 13"", ""영등포"", ""신도림동"", ""문래동5가"", ""신도림동 2"", ""신정6동"", ""구로동"", ""가산 F2""]"
7b768b2566f7,2026-10-10,FPL000754,UAM0023,a4,4,4,1.0,VP015,마곡,VP013,강남,12,G7,F1,G4,F2,12:20:47,12:25:47,12:53:44,12:58:55,13:08:55,300.0,1677.2,311.36,2288.56,520.54,620.8,ready,12:25:30,1694.0,20,"[""마곡 F1"", ""하야동 2"", ""개화동"", ""덕은동"", ""상암동"", ""성산대교 중간지점"", ""선유도 17고지"", ""지점 5"", ""서강대교 중간지점"", ""지점 32"", ""여의동 2"", ""이촌2동"", ""이촌동 2"", ""이촌동"", ""반포동"", ""잠원동 2"", ""잠원동"", ""주흥교"", ""반포1동"", ""강남 F2""]"
7b768b2566f7,2026-10-10,FPL000755,UAM0090,a4,4,4,1.0,VP017,수서,VP004,용산,12,G1,F1,G3,F2,12:12:40,12:32:00,12:44:44,12:49:27,12:59:27,1159.28,764.0,283.2,2206.48,831.12,0.0,ready,12:31:43,780.8,17,"[""수서 F1"", ""개포3동"", ""잠실7동"", ""지점 3"", ""청담대교 중간지점"", ""지점 2"", ""성수대교 남단"", ""신사동"", ""약수동"", ""지점 39"", ""후암동"", ""회현동2가"", ""남영동"", ""청파동1가"", ""한강로1가"", ""한강로2가"", ""용산 F2""]"
7b768b2566f7,2026-10-10,FPL000756,UAM0020,a4,4,4,1.0,VP014,가산,VP013,강남,12,G5,F1,G8,F2,12:15:58,12:20:58,12:36:21,12:41:04,12:51:04,300.0,922.96,283.2,1506.16,186.16,38.16,ready,12:20:41,939.76,18,"[""가산 F1"", ""가산동"", ""지점 9"", ""신사동 3"", ""신림동 2"", ""신림동"", ""은천동"", ""봉천동"", ""행운동"", ""인헌동"", ""남현동"", ""방배2동"", ""방배동"", ""지점 19"", ""경부고속도로 양재천 다리"", ""지점 21"", ""서초2동 2"", ""강남 F2""]"
7b768b2566f7,2026-10-10,FPL000757,UAM0014,a4,4,4,1.0,VP013,강남,VP016,망우,12,G7,F1,G4,F2,12:19:05,12:33:20,12:45:56,12:50:40,13:00:40,855.52,756.1,283.2,1894.82,921.68,0.0,ready,12:33:03,772.9,16,"[""강남 F1"", ""반포1동"", ""주흥교"", ""잠원동"", ""잠원동 2"", ""신사동 2"", ""신사동"", ""응봉동"", ""지점 12"", ""송정동"", ""중곡1동"", ""지점"", ""중랑천 제방길"", ""중랑철교"", ""중화동"", ""망우 F2""]"
7b768b2566f7,2026-10-10,FPL000758,UAM0058,a4,4,4,1.0,VP009,성수,VP011,천호,12,G1,F1,G5,F2,12:13:02,12:23:00,12:50:33,12:58:10,13:08:10,597.9,1653.26,457.28,2708.44,283.82,1322.96,ready,12:22:43,1670.06,8,"[""성수 F1"", ""지점 2"", ""청담대교 중간지점"", ""자양2동"", ""잠실대교 중간지점"", ""지점 4"", ""천호대교 중간지점"", ""천호 F2""]"
7b768b2566f7,2026-10-10,FPL000759,UAM0074,a4,4,4,1.0,VP010,연신내,VP013,강남,12,G5,F1,G5,F2,12:13:20,12:19:05,12:40:42,12:45:39,12:55:39,345.52,1296.62,297.28,1939.42,45.52,257.42,ready,12:18:48,1313.42,22,"[""연신내 F1"", ""지점 23"", ""향동동"", ""지점 24"", ""수색교"", ""지점 25"", ""상암동"", ""성산대교 중간지점"", ""선유도 17고지"", ""지점 5"", ""서강대교 중간지점"", ""지점 32"", ""여의동 2"", ""이촌2동"", ""이촌동 2"", ""이촌동"", ""반포동"", ""잠원동 2"", ""잠원동"", ""주흥교"", ""반포1동"", ""강남 F2""]"
7b768b2566f7,2026-10-10,FPL000760,UAM0001,a4,4,4,1.0,VP006,미아,VP009,성수,12,G3,F1,G2,F2,12:13:34,12:19:19,12:39:16,12:44:13,12:54:13,345.52,1196.9,297.28,1839.7,45.52,409.0,ready,12:19:02,1213.7,15,"[""미아 F1"", ""월계동"", ""월계3동"", ""공릉1동 2"", ""월릉교"", ""중화동"", ""중랑철교"", ""중랑천 제방길"", ""지점"", ""중곡1동"", ""송정동"", ""건대입구"", ""청담대교 중간지점"", ""지점 2"", ""성수 F2""]"
7b768b2566f7,2026-10-10,FPL000761,UAM0066,a4,4,4,1.0,VP002,잠실,VP006,미아,12,G5,F1,G3,F2,12:21:31,12:26:31,12:39:13,12:43:56,12:53:56,300.0,762.1,283.2,1345.3,446.8,0.0,ready,12:26:14,778.9,15,"[""잠실 F1"", ""지점 3"", ""청담대교 중간지점"", ""건대입구"", ""송정동"", ""중곡1동"", ""지점"", ""중랑천 제방길"", ""중랑철교"", ""중화동"", ""월릉교"", ""공릉1동 2"", ""월계3동"", ""월계동"", ""미아 F2""]"
7b768b2566f7,2026-10-10,FPL000762,UAM0084,a4,4,4,1.0,VP001,여의도,VP013,강남,12,G3,F1,G6,F2,12:14:24,12:27:15,12:45:03,12:50:00,13:00:00,770.36,1067.76,297.28,2135.4,470.36,436.96,ready,12:26:58,1084.56,12,"[""여의도 F1"", ""지점 32"", ""여의동 2"", ""이촌2동"", ""이촌동 2"", ""이촌동"", ""반포동"", ""잠원동 2"", ""잠원동"", ""주흥교"", ""반포1동"", ""강남 F2""]"
7b768b2566f7,2026-10-10,FPL000763,UAM0067,a4,4,4,1.0,VP007,봉천,VP011,천호,12,G4,F1,G5,F2,12:15:12,12:27:12,13:30:18,13:40:55,13:50:55,720.18,3785.66,637.28,5143.12,459.58,3264.46,ready,12:26:56,3802.46,22,"[""봉천 F1"", ""봉천동"", ""행운동"", ""인헌동"", ""남현동"", ""방배2동"", ""방배동"", ""지점 19"", ""경부고속도로 양재천 다리"", ""양재동"", ""지점 10"", ""지점 8"", ""지점 7"", ""지점 6"", ""대치교"", ""잠실7동"", ""지점 3"", ""자양2동"", ""잠실대교 중간지점"", ""지점 4"", ""천호대교 중간지점"", ""천호 F2""]"
7b768b2566f7,2026-10-10,FPL000764,UAM0071,a4,4,4,1.0,VP011,천호,VP008,사당,12,G2,F1,G4,F2,12:43:01,12:56:14,13:10:27,13:15:10,13:25:10,793.28,852.5,283.2,1928.98,2119.76,118.1,ready,12:55:57,869.3,17,"[""천호 F1"", ""천호대교 중간지점"", ""지점 4"", ""잠실대교 중간지점"", ""자양2동"", ""지점 3"", ""잠실7동"", ""대치교"", ""지점 6"", ""지점 7"", ""지점 8"", ""지점 10"", ""양재동"", ""경부고속도로 양재천 다리"", ""지점 19"", ""방배동"", ""사당 F2""]"
7b768b2566f7,2026-10-10,FPL000765,UAM0081,a4,4,4,1.0,VP012,광화문,VP011,천호,12,G2,F1,G6,F2,12:16:25,12:27:17,12:54:54,13:08:52,13:18:52,652.08,1656.26,837.92,3146.26,338.0,1532.0,ready,12:27:01,1673.06,14,"[""광화문 F1"", ""회현동2가"", ""후암동"", ""지점 39"", ""약수동"", ""신사동"", ""성수대교 남단"", ""지점 2"", ""청담대교 중간지점"", ""자양2동"", ""잠실대교 중간지점"", ""지점 4"", ""천호대교 중간지점"", ""천호 F2""]"
7b768b2566f7,2026-10-10,FPL000766,UAM0076,a4,4,4,1.0,VP017,수서,VP012,광화문,12,G6,F1,G4,F2,12:24:48,12:37:20,12:47:59,12:52:42,13:02:42,752.48,638.98,283.2,1674.66,947.44,12.88,ready,12:37:03,655.78,13,"[""수서 F1"", ""개포3동"", ""잠실7동"", ""지점 3"", ""청담대교 중간지점"", ""지점 2"", ""성수대교 남단"", ""신사동"", ""약수동"", ""지점 39"", ""후암동"", ""회현동2가"", ""광화문 F2""]"
7b768b2566f7,2026-10-10,FPL000767,UAM0049,a4,4,4,1.0,VP014,가산,VP011,천호,12,G6,F1,G3,F2,12:17:13,12:26:19,13:08:35,13:14:26,13:24:26,546.16,2536.04,351.36,3433.56,246.16,1479.04,ready,12:26:02,2552.84,24,"[""가산 F1"", ""구로동"", ""신정6동"", ""신도림동 2"", ""문래동5가"", ""신도림동"", ""영등포"", ""지점 13"", ""지점 14"", ""이촌2동"", ""이촌동 2"", ""이촌동"", ""반포동"", ""잠원동 2"", ""신사동 2"", ""신사동"", ""성수대교 남단"", ""지점 2"", ""청담대교 중간지점"", ""자양2동"", ""잠실대교 중간지점"", ""지점 4"", ""천호대교 중간지점"", ""천호 F2""]"
7b768b2566f7,2026-10-10,FPL000768,UAM0097,a4,4,4,1.0,VP002,잠실,VP008,사당,12,G3,F1,G2,F2,12:21:45,12:31:52,12:43:50,12:48:48,12:58:48,606.56,718.52,297.28,1622.36,478.64,181.62,ready,12:31:35,735.32,12,"[""잠실 F1"", ""잠실7동"", ""대치교"", ""지점 6"", ""지점 7"", ""지점 8"", ""지점 10"", ""양재동"", ""경부고속도로 양재천 다리"", ""지점 19"", ""방배동"", ""사당 F2""]"
7b768b2566f7,2026-10-10,FPL000769,UAM0089,a4,4,4,1.0,VP018,인천,VP011,천호,12,G7,F1,G2,F2,12:22:19,12:27:19,13:21:37,13:30:42,13:40:42,300.0,3257.76,545.44,4103.2,180.88,1501.86,ready,12:27:02,3274.56,36,"[""인천 F1"", ""운북동"", ""영종동"", ""영종대교"", ""지점 22"", ""시천동 아라로"", ""목상동"", ""선주지동"", ""하야동"", ""하야동 2"", ""개화동"", ""덕은동"", ""상암동"", ""성산대교 중간지점"", ""선유도 17고지"", ""합정동"", ""서교동"", ""동교동"", ""20통"", ""대현동"", ""아현동"", ""충정로3가"", ""남영동"", ""회현동2가"", ""후암동"", ""지점 39"", ""약수동"", ""신사동"", ""성수대교 남단"", ""지점 2"", ""청담대교 중간지점"", ""자양2동"", ""잠실대교 중간지점"", ""지점 4"", ""천호대교 중간지점"", ""천호 F2""]"
7b768b2566f7,2026-10-10,FPL000770,UAM0087,a4,4,4,1.0,VP016,망우,VP012,광화문,12,G4,F1,G1,F2,12:22:32,12:27:32,12:39:18,12:44:15,12:54:15,300.0,706.1,297.28,1303.38,186.16,0.0,ready,12:27:15,722.9,14,"[""망우 F1"", ""중랑철교"", ""중랑천 제방길"", ""지점"", ""중곡1동"", ""송정동"", ""지점 12"", ""응봉동"", ""신사동"", ""약수동"", ""지점 39"", ""후암동"", ""회현동2가"", ""광화문 F2""]"
7b768b2566f7,2026-10-10,FPL000771,UAM0037,a4,4,4,1.0,VP011,천호,VP001,여의도,12,G8,F1,G3,F2,12:47:19,13:01:35,13:15:53,13:20:36,13:30:36,855.52,858.0,283.2,1996.72,2204.24,0.0,ready,13:01:18,874.8,18,"[""천호 F1"", ""천호대교 중간지점"", ""지점 4"", ""잠실대교 중간지점"", ""자양2동"", ""청담대교 중간지점"", ""지점 2"", ""성수대교 남단"", ""신사동"", ""신사동 2"", ""잠원동 2"", ""반포동"", ""이촌동"", ""이촌동 2"", ""이촌2동"", ""여의동 2"", ""지점 32"", ""여의도 F2""]"
7b768b2566f7,2026-10-10,FPL000772,UAM0031,a4,4,4,1.0,VP012,광화문,VP009,성수,12,G3,F1,G3,F2,12:20:42,12:32:38,12:45:06,12:49:50,12:59:50,715.74,748.4,283.2,1747.34,426.16,300.0,ready,12:32:21,765.2,8,"[""광화문 F1"", ""회현동2가"", ""후암동"", ""지점 39"", ""약수동"", ""신사동"", ""성수대교 남단"", ""성수 F2""]"
7b768b2566f7,2026-10-10,FPL000773,UAM0063,a4,4,4,1.0,VP009,성수,VP002,잠실,12,G3,F1,G5,F2,12:26:41,12:31:41,12:37:56,12:44:15,12:54:15,300.0,375.3,378.82,1054.12,357.14,95.62,ready,12:31:24,392.1,5,"[""성수 F1"", ""지점 2"", ""청담대교 중간지점"", ""지점 3"", ""잠실 F2""]"
7b768b2566f7,2026-10-10,FPL000774,UAM0069,a4,4,4,1.0,VP007,봉천,VP012,광화문,12,G1,F1,G3,F2,12:20:55,12:32:33,12:43:39,12:48:22,12:58:22,698.6,665.46,283.2,1647.26,384.52,18.56,ready,12:32:16,682.26,13,"[""봉천 F1"", ""봉천동"", ""지점 38"", ""상도1동 2"", ""상도1동"", ""상도터널"", ""이촌동 2"", ""한강로3가"", ""한강로2가"", ""한강로1가"", ""청파동1가"", ""남영동"", ""광화문 F2""]"
7b768b2566f7,2026-10-10,FPL000775,UAM0025,a4,4,4,1.0,VP017,수서,VP004,용산,12,G2,F1,G4,F2,12:24:20,12:42:41,12:55:25,13:00:08,13:10:08,1101.28,764.0,283.2,2148.48,951.12,0.0,ready,12:42:24,780.8,17,"[""수서 F1"", ""개포3동"", ""잠실7동"", ""지점 3"", ""청담대교 중간지점"", ""지점 2"", ""성수대교 남단"", ""신사동"", ""약수동"", ""지점 39"", ""후암동"", ""회현동2가"", ""남영동"", ""청파동1가"", ""한강로1가"", ""한강로2가"", ""용산 F2""]"
7b768b2566f7,2026-10-10,FPL000776,UAM0051,a4,4,4,1.0,VP014,가산,VP010,연신내,12,G3,F1,G6,F2,12:21:47,12:31:40,12:46:47,12:51:31,13:01:31,592.08,907.92,283.2,1783.2,278.0,118.72,ready,12:31:23,924.72,14,"[""가산 F1"", ""구로동"", ""신정6동"", ""신도림동 2"", ""목1동"", ""양평동"", ""지점 18"", ""상암동"", ""지점 25"", ""수색교"", ""지점 24"", ""향동동"", ""지점 23"", ""연신내 F2""]"
7b768b2566f7,2026-10-10,FPL000777,UAM0024,a4,4,4,1.0,VP015,마곡,VP010,연신내,12,G8,F1,G5,F2,12:25:07,12:31:07,12:42:27,12:47:10,12:57:10,360.0,679.6,283.2,1322.8,246.16,0.0,ready,12:30:50,696.4,10,"[""마곡 F1"", ""하야동 2"", ""개화동"", ""덕은동"", ""지점 25"", ""수색교"", ""지점 24"", ""향동동"", ""지점 23"", ""연신내 F2""]"
7b768b2566f7,2026-10-10,FPL000778,UAM0094,a4,4,4,1.0,VP002,잠실,VP014,가산,12,G4,F1,G5,F2,12:30:26,12:37:12,12:52:52,12:57:35,13:07:35,405.92,939.4,283.2,1628.52,538.64,0.0,ready,12:36:56,956.2,23,"[""잠실 F1"", ""잠실7동"", ""대치교"", ""지점 6"", ""지점 7"", ""지점 8"", ""지점 10"", ""양재동"", ""경부고속도로 양재천 다리"", ""지점 19"", ""방배동"", ""방배2동"", ""남현동"", ""인헌동"", ""행운동"", ""봉천동"", ""은천동"", ""신림동"", ""신림동 2"", ""신사동 3"", ""지점 9"", ""가산동"", ""가산 F2""]"
7b768b2566f7,2026-10-10,FPL000779,UAM0083,a4,4,4,1.0,VP013,강남,VP002,잠실,12,G8,F1,G6,F2,12:23:40,12:38:41,12:48:47,12:53:31,13:03:31,901.04,606.4,283.2,1790.64,601.04,0.0,ready,12:38:24,623.2,12,"[""강남 F1"", ""서초2동 2"", ""지점 21"", ""경부고속도로 양재천 다리"", ""양재동"", ""지점 10"", ""지점 8"", ""지점 7"", ""지점 6"", ""대치교"", ""잠실7동"", ""잠실 F2""]"
7b768b2566f7,2026-10-10,FPL000780,UAM0036,a4,4,4,1.0,VP016,망우,VP013,강남,12,G3,F1,G1,F2,12:23:46,12:32:52,12:58:04,13:03:30,13:13:30,546.16,1511.94,325.44,2383.54,246.16,801.84,ready,12:32:36,1528.74,15,"[""망우 F1"", ""중랑철교"", ""중랑천 제방길"", ""지점"", ""중곡1동"", ""송정동"", ""지점 12"", ""응봉동"", ""신사동"", ""신사동 2"", ""잠원동 2"", ""잠원동"", ""주흥교"", ""반포1동"", ""강남 F2""]"
7b768b2566f7,2026-10-10,FPL000781,UAM0026,a4,4,4,1.0,VP013,강남,VP008,사당,12,G6,F1,G4,F2,12:24:14,12:44:02,12:52:00,12:56:43,13:06:43,1187.6,478.7,283.2,1949.5,873.52,0.0,ready,12:43:45,495.5,7,"[""강남 F1"", ""서초2동 2"", ""지점 21"", ""경부고속도로 양재천 다리"", ""지점 19"", ""방배동"", ""사당 F2""]"
7b768b2566f7,2026-10-10,FPL000782,UAM0065,a4,4,4,1.0,VP007,봉천,VP013,강남,12,G3,F1,G2,F2,12:25:08,12:37:54,13:02:25,13:07:51,13:17:51,765.7,1471.3,325.44,2562.44,465.7,874.6,ready,12:37:37,1488.1,12,"[""봉천 F1"", ""봉천동"", ""행운동"", ""인헌동"", ""남현동"", ""방배2동"", ""방배동"", ""지점 19"", ""경부고속도로 양재천 다리"", ""지점 21"", ""서초2동 2"", ""강남 F2""]"
7b768b2566f7,2026-10-10,FPL000783,UAM0018,a4,4,4,1.0,VP017,수서,VP015,마곡,12,G5,F1,G6,F2,12:33:46,12:48:02,13:09:14,13:14:11,13:24:11,855.52,1272.5,297.28,2425.3,1067.44,0.0,ready,12:47:45,1289.3,27,"[""수서 F1"", ""개포3동"", ""잠실7동"", ""지점 3"", ""청담대교 중간지점"", ""지점 2"", ""성수대교 남단"", ""신사동"", ""약수동"", ""지점 39"", ""후암동"", ""회현동2가"", ""남영동"", ""충정로3가"", ""아현동"", ""대현동"", ""20통"", ""동교동"", ""서교동"", ""합정동"", ""선유도 17고지"", ""성산대교 중간지점"", ""상암동"", ""덕은동"", ""개화동"", ""하야동 2"", ""마곡 F2""]"
7b768b2566f7,2026-10-10,FPL000784,UAM0022,a4,4,4,1.0,VP004,용산,VP017,수서,12,G3,F1,G6,F2,12:25:18,12:30:18,12:45:16,12:55:04,13:05:04,300.0,898.38,588.32,1786.7,0,444.2,ready,12:30:01,915.18,17,"[""용산 F1"", ""한강로2가"", ""한강로1가"", ""청파동1가"", ""남영동"", ""회현동2가"", ""후암동"", ""지점 39"", ""약수동"", ""신사동"", ""성수대교 남단"", ""지점 2"", ""청담대교 중간지점"", ""지점 3"", ""잠실7동"", ""개포3동"", ""수서 F2""]"
7b768b2566f7,2026-10-10,FPL000785,UAM0039,a4,4,4,1.0,VP014,가산,VP003,상암,12,G4,F1,G3,F2,12:26:08,12:37:00,12:48:03,12:52:47,13:02:47,652.08,663.2,283.2,1598.48,338.0,0.0,ready,12:36:43,680.0,9,"[""가산 F1"", ""구로동"", ""신정6동"", ""신도림동 2"", ""목1동"", ""양평동"", ""지점 18"", ""상암동"", ""상암 F2""]"
7b768b2566f7,2026-10-10,FPL000786,UAM0073,a4,4,4,1.0,VP015,마곡,VP013,강남,12,G5,F1,G8,F2,12:26:36,12:36:28,13:11:06,13:15:50,13:25:50,592.08,2078.48,283.2,2953.76,278.0,1022.08,ready,12:36:11,2095.28,20,"[""마곡 F1"", ""하야동 2"", ""개화동"", ""덕은동"", ""상암동"", ""성산대교 중간지점"", ""선유도 17고지"", ""지점 5"", ""서강대교 중간지점"", ""지점 32"", ""여의동 2"", ""이촌2동"", ""이촌동 2"", ""이촌동"", ""반포동"", ""잠원동 2"", ""잠원동"", ""주흥교"", ""반포1동"", ""강남 F2""]"
7b768b2566f7,2026-10-10,FPL000787,UAM0096,a4,4,4,1.0,VP002,잠실,VP013,강남,12,G6,F1,G7,F2,12:31:01,12:42:33,13:06:46,13:11:29,13:21:29,692.48,1452.7,283.2,2428.38,626.8,859.2,ready,12:42:16,1469.5,12,"[""잠실 F1"", ""잠실7동"", ""대치교"", ""지점 6"", ""지점 7"", ""지점 8"", ""지점 10"", ""양재동"", ""경부고속도로 양재천 다리"", ""지점 21"", ""서초2동 2"", ""강남 F2""]"
7b768b2566f7,2026-10-10,FPL000788,UAM0019,a4,4,4,1.0,VP009,성수,VP007,봉천,12,G4,F1,G4,F2,12:31:02,12:37:02,12:47:49,12:52:32,13:02:32,360.0,647.1,283.2,1290.3,246.16,0.0,ready,12:36:45,663.9,18,"[""성수 F1"", ""성수대교 남단"", ""신사동"", ""신사동 2"", ""잠원동 2"", ""반포동"", ""이촌동"", ""동작동 2"", ""동작동"", ""방배4동"", ""사당1동 2"", ""사당1동"", ""방배2동"", ""남현동"", ""인헌동"", ""행운동"", ""봉천동"", ""봉천 F2""]"
7b768b2566f7,2026-10-10,FPL000789,UAM0064,a4,4,4,1.0,VP016,망우,VP010,연신내,12,G1,F1,G5,F2,12:28:21,12:38:13,13:00:24,13:05:07,13:15:07,592.08,1330.7,283.2,2205.98,278.0,0.0,ready,12:37:56,1347.5,30,"[""망우 F1"", ""중랑철교"", ""중랑천 제방길"", ""지점"", ""중곡1동"", ""송정동"", ""지점 12"", ""응봉동"", ""신사동"", ""약수동"", ""지점 39"", ""후암동"", ""회현동2가"", ""남영동"", ""충정로3가"", ""아현동"", ""대현동"", ""20통"", ""동교동"", ""서교동"", ""합정동"", ""선유도 17고지"", ""성산대교 중간지점"", ""상암동"", ""지점 25"", ""수색교"", ""지점 24"", ""향동동"", ""지점 23"", ""연신내 F2""]"
7b768b2566f7,2026-10-10,FPL000790,UAM0006,a4,4,4,1.0,VP010,연신내,VP007,봉천,12,G5,F1,G3,F2,12:28:55,12:33:55,12:52:09,12:56:53,13:06:53,300.0,1094.32,283.2,1677.52,0,232.12,ready,12:33:38,1111.12,14,"[""연신내 F1"", ""지점 23"", ""향동동"", ""지점 24"", ""수색교"", ""지점 25"", ""상암동"", ""성산대교 중간지점"", ""선유도 17고지"", ""지점 11"", ""영등포"", ""신림동 2"", ""신림동"", ""봉천 F2""]"
7b768b2566f7,2026-10-10,FPL000791,UAM0100,a4,4,4,1.0,VP013,강남,VP014,가산,12,G5,F1,G6,F2,12:29:15,12:49:22,13:04:03,13:08:47,13:18:47,1207.6,881.2,283.2,2372.0,893.52,0.0,ready,12:49:05,898.0,18,"[""강남 F1"", ""서초2동 2"", ""지점 21"", ""경부고속도로 양재천 다리"", ""지점 19"", ""방배동"", ""방배2동"", ""남현동"", ""인헌동"", ""행운동"", ""봉천동"", ""은천동"", ""신림동"", ""신림동 2"", ""신사동 3"", ""지점 9"", ""가산동"", ""가산 F2""]"
7b768b2566f7,2026-10-10,FPL000792,UAM0086,a4,4,4,1.0,VP017,수서,VP010,연신내,12,G3,F1,G6,F2,12:41:36,12:53:22,13:14:13,13:18:56,13:28:56,705.92,1250.7,283.2,2239.82,1099.28,0.0,ready,12:53:05,1267.5,29,"[""수서 F1"", ""개포3동"", ""잠실7동"", ""지점 3"", ""청담대교 중간지점"", ""지점 2"", ""성수대교 남단"", ""신사동"", ""약수동"", ""지점 39"", ""후암동"", ""회현동2가"", ""남영동"", ""충정로3가"", ""아현동"", ""대현동"", ""20통"", ""동교동"", ""서교동"", ""합정동"", ""선유도 17고지"", ""성산대교 중간지점"", ""상암동"", ""지점 25"", ""수색교"", ""지점 24"", ""향동동"", ""지점 23"", ""연신내 F2""]"
7b768b2566f7,2026-10-10,FPL000793,UAM0054,a4,4,4,1.0,VP012,광화문,VP009,성수,12,G4,F1,G4,F2,12:31:55,12:37:59,12:50:27,12:55:10,13:05:10,363.54,748.4,283.2,1395.14,160.62,300.0,ready,12:37:42,765.2,8,"[""광화문 F1"", ""회현동2가"", ""후암동"", ""지점 39"", ""약수동"", ""신사동"", ""성수대교 남단"", ""성수 F2""]"
7b768b2566f7,2026-10-10,FPL000794,UAM0056,a4,4,4,1.0,VP011,천호,VP007,봉천,12,G5,F1,G1,F2,12:47:33,13:06:55,13:24:13,13:29:11,13:39:11,1162.08,1037.92,297.28,2497.28,1855.44,186.32,ready,13:06:39,1054.72,22,"[""천호 F1"", ""천호대교 중간지점"", ""지점 4"", ""잠실대교 중간지점"", ""자양2동"", ""지점 3"", ""잠실7동"", ""대치교"", ""지점 6"", ""지점 7"", ""지점 8"", ""지점 10"", ""양재동"", ""경부고속도로 양재천 다리"", ""지점 19"", ""방배동"", ""방배2동"", ""남현동"", ""인헌동"", ""행운동"", ""봉천동"", ""봉천 F2""]"
7b768b2566f7,2026-10-10,FPL000795,UAM0077,a4,4,4,1.0,VP015,마곡,VP009,성수,12,G6,F1,G3,F2,12:39:26,12:44:40,13:02:44,13:07:28,13:17:28,314.08,1084.1,283.2,1681.38,509.84,0.0,ready,12:44:24,1100.9,22,"[""마곡 F1"", ""하야동 2"", ""개화동"", ""덕은동"", ""상암동"", ""성산대교 중간지점"", ""선유도 17고지"", ""합정동"", ""서교동"", ""동교동"", ""20통"", ""대현동"", ""아현동"", ""충정로3가"", ""남영동"", ""회현동2가"", ""후암동"", ""지점 39"", ""약수동"", ""신사동"", ""성수대교 남단"", ""성수 F2""]"
7b768b2566f7,2026-10-10,FPL000796,UAM0044,a4,4,4,1.0,VP007,봉천,VP016,망우,12,G4,F1,G1,F2,12:31:17,12:43:14,12:58:56,13:03:53,13:13:53,717.76,941.1,297.28,1956.14,417.76,0.0,ready,12:42:58,957.9,25,"[""봉천 F1"", ""봉천동"", ""행운동"", ""인헌동"", ""남현동"", ""방배2동"", ""사당1동"", ""사당1동 2"", ""방배4동"", ""동작동"", ""동작동 2"", ""이촌동"", ""반포동"", ""잠원동 2"", ""신사동 2"", ""신사동"", ""응봉동"", ""지점 12"", ""송정동"", ""중곡1동"", ""지점"", ""중랑천 제방길"", ""중랑철교"", ""중화동"", ""망우 F2""]"
7b768b2566f7,2026-10-10,FPL000797,UAM0072,a4,4,4,1.0,VP002,잠실,VP017,수서,12,G1,F1,G5,F2,12:31:55,12:47:54,12:53:19,13:11:06,13:21:06,958.64,325.0,1067.6,2351.24,630.48,784.4,ready,12:47:37,341.8,4,"[""잠실 F1"", ""잠실7동"", ""개포3동"", ""수서 F2""]"
7b768b2566f7,2026-10-10,FPL000798,UAM0009,a4,4,4,1.0,VP018,인천,VP015,마곡,12,G8,F1,G7,F2,12:32:15,12:37:15,12:55:19,13:02:24,13:12:24,300.0,1084.1,425.46,1809.56,0,142.26,ready,12:36:58,1100.9,10,"[""인천 F1"", ""운북동"", ""영종동"", ""영종대교"", ""지점 22"", ""시천동 아라로"", ""목상동"", ""선주지동"", ""하야동"", ""마곡 F2""]"
7b768b2566f7,2026-10-10,FPL000799,UAM0043,a4,4,4,1.0,VP009,성수,VP016,망우,12,G1,F1,G3,F2,12:32:30,12:42:22,12:53:24,12:58:08,13:08:08,592.08,662.0,283.2,1537.28,278.0,0.0,ready,12:42:06,678.8,11,"[""성수 F1"", ""지점 2"", ""청담대교 중간지점"", ""건대입구"", ""송정동"", ""중곡1동"", ""지점"", ""중랑천 제방길"", ""중랑철교"", ""중화동"", ""망우 F2""]"
7b768b2566f7,2026-10-10,FPL000800,UAM0099,a4,4,4,1.0,VP016,망우,VP011,천호,12,G2,F1,G7,F2,12:32:42,12:43:34,13:12:56,13:19:19,13:29:19,652.08,1761.82,383.2,2797.1,338.0,1321.52,ready,12:43:17,1778.62,10,"[""망우 F1"", ""중랑철교"", ""중랑천 제방길"", ""지점"", ""중곡1동"", ""능동"", ""구의동"", ""아차산 고가차도"", ""천호대교 중간지점"", ""천호 F2""]"
7b768b2566f7,2026-10-10,FPL000801,UAM0003,a4,4,4,1.0,VP010,연신내,VP013,강남,12,G6,F1,G5,F2,12:33:16,12:39:16,13:15:27,13:20:24,13:30:24,360.0,2171.24,297.28,2828.52,60.0,1132.04,ready,12:38:59,2188.04,22,"[""연신내 F1"", ""지점 23"", ""향동동"", ""지점 24"", ""수색교"", ""지점 25"", ""상암동"", ""성산대교 중간지점"", ""선유도 17고지"", ""지점 5"", ""서강대교 중간지점"", ""지점 32"", ""여의동 2"", ""이촌2동"", ""이촌동 2"", ""이촌동"", ""반포동"", ""잠원동 2"", ""잠원동"", ""주흥교"", ""반포1동"", ""강남 F2""]"
7b768b2566f7,2026-10-10,FPL000802,UAM0042,a4,4,4,1.0,VP017,수서,VP009,성수,12,G4,F1,G4,F2,12:41:56,12:58:43,13:07:05,13:11:48,13:21:48,1006.56,502.28,283.2,1792.04,1159.28,48.08,ready,12:58:26,519.08,7,"[""수서 F1"", ""개포3동"", ""잠실7동"", ""지점 3"", ""청담대교 중간지점"", ""지점 2"", ""성수 F2""]"
7b768b2566f7,2026-10-10,FPL000803,UAM0093,a4,4,4,1.0,VP015,마곡,VP011,천호,12,G7,F1,G6,F2,12:40:00,12:50:01,13:35:18,13:51:37,14:01:37,600.64,2717.16,978.56,4296.36,598.0,2097.84,ready,12:49:44,2733.96,28,"[""마곡 F1"", ""하야동 2"", ""개화동"", ""덕은동"", ""상암동"", ""성산대교 중간지점"", ""선유도 17고지"", ""합정동"", ""서교동"", ""동교동"", ""20통"", ""대현동"", ""아현동"", ""충정로3가"", ""남영동"", ""회현동2가"", ""후암동"", ""지점 39"", ""약수동"", ""신사동"", ""성수대교 남단"", ""지점 2"", ""청담대교 중간지점"", ""자양2동"", ""잠실대교 중간지점"", ""지점 4"", ""천호대교 중간지점"", ""천호 F2""]"
7b768b2566f7,2026-10-10,FPL000804,UAM0080,a4,4,4,1.0,VP005,목동,VP014,가산,12,G8,F1,G6,F2,12:35:18,12:40:18,12:47:58,12:52:41,13:02:41,300.0,459.8,283.2,1043.0,0,0.0,ready,12:40:02,476.6,4,"[""목동 F1"", ""신정6동"", ""구로동"", ""가산 F2""]"
7b768b2566f7,2026-10-10,FPL000805,UAM0041,a4,4,4,1.0,VP002,잠실,VP007,봉천,12,G5,F1,G4,F2,12:35:47,12:53:14,13:04:08,13:08:52,13:18:52,1046.8,654.1,283.2,1984.1,746.8,0.0,ready,12:52:57,670.9,17,"[""잠실 F1"", ""잠실7동"", ""대치교"", ""지점 6"", ""지점 7"", ""지점 8"", ""지점 10"", ""양재동"", ""경부고속도로 양재천 다리"", ""지점 19"", ""방배동"", ""방배2동"", ""남현동"", ""인헌동"", ""행운동"", ""봉천동"", ""봉천 F2""]"
7b768b2566f7,2026-10-10,FPL000806,UAM0034,a4,4,4,1.0,VP005,목동,VP014,가산,12,G7,F1,G3,F2,12:35:58,12:45:39,12:57:12,13:02:10,13:12:10,581.28,693.46,297.28,1572.02,281.28,233.66,ready,12:45:22,710.26,4,"[""목동 F1"", ""신정6동"", ""구로동"", ""가산 F2""]"
7b768b2566f7,2026-10-10,FPL000807,UAM0075,a4,4,4,1.0,VP011,천호,VP007,봉천,12,G6,F1,G3,F2,12:58:15,13:12:16,13:32:55,13:37:38,13:47:38,841.44,1238.56,283.2,2363.2,1855.44,386.96,ready,13:11:59,1255.36,22,"[""천호 F1"", ""천호대교 중간지점"", ""지점 4"", ""잠실대교 중간지점"", ""자양2동"", ""지점 3"", ""잠실7동"", ""대치교"", ""지점 6"", ""지점 7"", ""지점 8"", ""지점 10"", ""양재동"", ""경부고속도로 양재천 다리"", ""지점 19"", ""방배동"", ""방배2동"", ""남현동"", ""인헌동"", ""행운동"", ""봉천동"", ""봉천 F2""]"
7b768b2566f7,2026-10-10,FPL000808,UAM0013,a4,4,4,1.0,VP008,사당,VP013,강남,12,G3,F1,G4,F2,12:36:27,12:41:27,13:28:29,13:33:40,13:43:40,300.0,2822.0,311.36,3433.36,0,2342.3,ready,12:41:10,2838.8,7,"[""사당 F1"", ""방배동"", ""지점 19"", ""경부고속도로 양재천 다리"", ""지점 21"", ""서초2동 2"", ""강남 F2""]"
7b768b2566f7,2026-10-10,FPL000809,UAM0010,a4,4,4,1.0,VP003,상암,VP010,연신내,12,G3,F1,G3,F2,12:36:39,12:41:39,12:51:08,12:56:05,13:06:05,300.0,569.3,297.28,1166.58,0,162.6,ready,12:41:22,586.1,7,"[""상암 F1"", ""지점 25"", ""수색교"", ""지점 24"", ""향동동"", ""지점 23"", ""연신내 F2""]"
7b768b2566f7,2026-10-10,FPL000810,UAM0053,a4,4,4,1.0,VP011,천호,VP006,미아,12,G4,F1,G2,F2,12:47:47,13:17:37,13:34:42,13:39:39,13:49:39,1789.28,1024.88,297.28,3111.44,2127.92,300.08,ready,13:17:20,1041.68,15,"[""천호 F1"", ""천호대교 중간지점"", ""아차산 고가차도"", ""구의동"", ""능동"", ""중곡1동"", ""지점"", ""중랑천 제방길"", ""중랑철교"", ""중화동"", ""월릉교"", ""공릉1동 2"", ""월계3동"", ""월계동"", ""미아 F2""]"
7b768b2566f7,2026-10-10,FPL000811,UAM0038,a4,4,4,1.0,VP009,성수,VP013,강남,12,G2,F1,G6,F2,12:39:57,12:47:43,13:19:48,13:24:45,13:34:45,465.92,1924.66,297.28,2687.86,338.0,1454.66,ready,12:47:26,1941.46,9,"[""성수 F1"", ""성수대교 남단"", ""신사동"", ""신사동 2"", ""잠원동 2"", ""잠원동"", ""주흥교"", ""반포1동"", ""강남 F2""]"
7b768b2566f7,2026-10-10,FPL000812,UAM0045,a4,4,4,1.0,VP017,수서,VP011,천호,12,G6,F1,G3,F2,12:49:48,13:04:03,13:51:20,13:57:11,14:07:11,855.52,2836.62,351.36,4043.5,1242.32,2343.72,ready,13:03:47,2853.42,9,"[""수서 F1"", ""개포3동"", ""잠실7동"", ""지점 3"", ""자양2동"", ""잠실대교 중간지점"", ""지점 4"", ""천호대교 중간지점"", ""천호 F2""]"
7b768b2566f7,2026-10-10,FPL000813,UAM0002,a4,4,4,1.0,VP002,잠실,VP014,가산,12,G3,F1,G3,F2,12:40:22,12:58:35,13:14:14,13:19:12,13:29:12,1092.72,939.4,297.28,2329.4,778.64,0.0,ready,12:58:18,956.2,23,"[""잠실 F1"", ""잠실7동"", ""대치교"", ""지점 6"", ""지점 7"", ""지점 8"", ""지점 10"", ""양재동"", ""경부고속도로 양재천 다리"", ""지점 19"", ""방배동"", ""방배2동"", ""남현동"", ""인헌동"", ""행운동"", ""봉천동"", ""은천동"", ""신림동"", ""신림동 2"", ""신사동 3"", ""지점 9"", ""가산동"", ""가산 F2""]"
7b768b2566f7,2026-10-10,FPL000814,UAM0021,a4,4,4,1.0,VP015,마곡,VP014,가산,12,G8,F1,G5,F2,12:43:33,12:55:22,13:09:03,13:13:47,13:23:47,708.8,821.7,283.2,1813.7,594.96,0.0,ready,12:55:05,838.5,12,"[""마곡 F1"", ""하야동 2"", ""개화동"", ""덕은동"", ""상암동"", ""지점 18"", ""양평동"", ""목1동"", ""신도림동 2"", ""신정6동"", ""구로동"", ""가산 F2""]"
7b768b2566f7,2026-10-10,FPL000815,UAM0070,a4,4,4,1.0,VP009,성수,VP011,천호,12,G3,F1,G8,F2,12:44:04,12:53:04,13:25:58,13:35:21,13:45:21,540.0,1973.9,563.2,3077.1,426.16,1763.6,ready,12:52:47,1990.7,8,"[""성수 F1"", ""지점 2"", ""청담대교 중간지점"", ""자양2동"", ""잠실대교 중간지점"", ""지점 4"", ""천호대교 중간지점"", ""천호 F2""]"
7b768b2566f7,2026-10-10,FPL000816,UAM0027,a4,4,4,1.0,VP008,사당,VP001,여의도,12,G4,F1,G4,F2,12:48:38,12:53:38,13:03:22,13:08:05,13:18:05,300.0,584.3,283.2,1167.5,453.52,0.0,ready,12:53:21,601.1,9,"[""사당 F1"", ""인헌동"", ""행운동"", ""봉천동"", ""은천동"", ""신림동"", ""신림동 2"", ""영등포"", ""여의도 F2""]"
7b768b2566f7,2026-10-10,FPL000817,UAM0012,a4,4,4,1.0,VP005,목동,VP018,인천,12,G5,F1,G7,F2,12:41:07,12:51:00,13:11:54,13:16:37,13:26:37,592.68,1254.2,283.2,2130.08,278.6,0.0,ready,12:50:43,1271.0,15,"[""목동 F1"", ""신정6동"", ""구로동"", ""지점 17"", ""지점 31"", ""지점 30"", ""지점 29"", ""지점 37"", ""간석3동"", ""지점 28"", ""지점 27"", ""지점 26"", ""영종동"", ""운북동"", ""인천 F2""]"
7b768b2566f7,2026-10-10,FPL000818,UAM0040,a4,4,4,1.0,VP001,여의도,VP011,천호,12,G3,F1,G4,F2,12:48:12,12:53:12,13:40:39,13:52:11,14:02:11,300.0,2846.5,692.0,3838.5,413.2,2359.74,ready,12:52:55,2863.3,18,"[""여의도 F1"", ""지점 32"", ""여의동 2"", ""이촌2동"", ""이촌동 2"", ""이촌동"", ""반포동"", ""잠원동 2"", ""신사동 2"", ""신사동"", ""성수대교 남단"", ""지점 2"", ""청담대교 중간지점"", ""자양2동"", ""잠실대교 중간지점"", ""지점 4"", ""천호대교 중간지점"", ""천호 F2""]"
7b768b2566f7,2026-10-10,FPL000819,UAM0032,a4,4,4,1.0,VP012,광화문,VP015,마곡,12,G3,F1,G5,F2,12:44:05,12:49:05,13:04:00,13:08:58,13:18:58,300.0,894.86,297.28,1492.14,134.48,69.36,ready,12:48:49,911.66,15,"[""광화문 F1"", ""충정로3가"", ""아현동"", ""대현동"", ""20통"", ""동교동"", ""서교동"", ""합정동"", ""선유도 17고지"", ""성산대교 중간지점"", ""상암동"", ""덕은동"", ""개화동"", ""하야동 2"", ""마곡 F2""]"
7b768b2566f7,2026-10-10,FPL000820,UAM0028,a4,4,4,1.0,VP003,상암,VP001,여의도,12,G4,F1,G3,F2,12:43:15,12:48:15,12:56:28,13:01:11,13:11:11,300.0,493.0,283.2,1076.2,0,0.0,ready,12:47:58,509.8,6,"[""상암 F1"", ""서교동"", ""합정동"", ""선유도 17고지"", ""지점 11"", ""여의도 F2""]"
7b768b2566f7,2026-10-10,FPL000821,UAM0078,a4,4,4,1.0,VP017,수서,VP015,마곡,12,G1,F1,G8,F2,12:44:10,13:09:24,13:30:37,13:35:46,13:45:46,1514.16,1272.5,308.96,3095.62,1186.0,25.76,ready,13:09:07,1289.3,27,"[""수서 F1"", ""개포3동"", ""잠실7동"", ""지점 3"", ""청담대교 중간지점"", ""지점 2"", ""성수대교 남단"", ""신사동"", ""약수동"", ""지점 39"", ""후암동"", ""회현동2가"", ""남영동"", ""충정로3가"", ""아현동"", ""대현동"", ""20통"", ""동교동"", ""서교동"", ""합정동"", ""선유도 17고지"", ""성산대교 중간지점"", ""상암동"", ""덕은동"", ""개화동"", ""하야동 2"", ""마곡 F2""]"
7b768b2566f7,2026-10-10,FPL000822,UAM0007,a4,4,4,1.0,VP015,마곡,VP017,수서,12,G5,F1,G5,F2,12:45:01,13:00:42,13:21:49,13:27:08,13:37:08,940.88,1267.0,318.9,2526.78,626.8,35.7,ready,13:00:25,1283.8,27,"[""마곡 F1"", ""하야동 2"", ""개화동"", ""덕은동"", ""상암동"", ""성산대교 중간지점"", ""선유도 17고지"", ""합정동"", ""서교동"", ""동교동"", ""20통"", ""대현동"", ""아현동"", ""충정로3가"", ""남영동"", ""회현동2가"", ""후암동"", ""지점 39"", ""약수동"", ""신사동"", ""성수대교 남단"", ""지점 2"", ""청담대교 중간지점"", ""지점 3"", ""잠실7동"", ""개포3동"", ""수서 F2""]"
7b768b2566f7,2026-10-10,FPL000823,UAM0004,a4,4,4,1.0,VP009,성수,VP017,수서,12,G4,F1,G6,F2,12:49:54,12:58:24,13:11:04,13:21:48,13:31:48,510.36,759.44,643.84,1913.64,486.16,663.48,ready,12:58:07,776.24,7,"[""성수 F1"", ""지점 2"", ""청담대교 중간지점"", ""지점 3"", ""잠실7동"", ""개포3동"", ""수서 F2""]"
7b768b2566f7,2026-10-10,FPL000824,UAM0035,a4,4,4,1.0,VP008,사당,VP002,잠실,12,G1,F1,G5,F2,12:48:52,12:58:58,13:08:05,13:12:49,13:22:49,606.56,547.0,283.2,1436.76,485.36,0.0,ready,12:58:42,563.8,12,"[""사당 F1"", ""방배동"", ""지점 19"", ""경부고속도로 양재천 다리"", ""양재동"", ""지점 10"", ""지점 8"", ""지점 7"", ""지점 6"", ""대치교"", ""잠실7동"", ""잠실 F2""]"
7b768b2566f7,2026-10-10,FPL000825,UAM0057,a4,4,4,1.0,VP012,광화문,VP008,사당,12,G4,F1,G3,F2,12:48:26,12:54:26,13:06:06,13:10:49,13:20:49,360.0,699.9,283.2,1343.1,186.04,0.0,ready,12:54:09,716.7,15,"[""광화문 F1"", ""남영동"", ""청파동1가"", ""한강로1가"", ""한강로2가"", ""한강로3가"", ""이촌동 2"", ""상도터널"", ""상도1동"", ""상도1동 2"", ""지점 38"", ""봉천동"", ""행운동"", ""인헌동"", ""사당 F2""]"
7b768b2566f7,2026-10-10,FPL000826,UAM0061,a4,4,4,1.0,VP011,천호,VP016,망우,12,G3,F1,G3,F2,13:09:30,13:22:57,13:32:42,13:37:26,13:47:26,807.36,585.2,283.2,1675.76,1827.28,0.0,ready,13:22:40,602.0,11,"[""천호 F1"", ""천호대교 중간지점"", ""아차산 고가차도"", ""구의동"", ""능동"", ""중곡1동"", ""지점"", ""중랑천 제방길"", ""중랑철교"", ""중화동"", ""망우 F2""]"
7b768b2566f7,2026-10-10,FPL000827,UAM0098,a4,4,4,1.0,VP016,망우,VP013,강남,12,G3,F1,G3,F2,12:50:44,12:55:44,13:24:08,13:29:20,13:39:20,300.0,1704.46,311.36,2315.82,179.28,994.36,ready,12:55:27,1721.26,15,"[""망우 F1"", ""중랑철교"", ""중랑천 제방길"", ""지점"", ""중곡1동"", ""송정동"", ""지점 12"", ""응봉동"", ""신사동"", ""신사동 2"", ""잠원동 2"", ""잠원동"", ""주흥교"", ""반포1동"", ""강남 F2""]"
7b768b2566f7,2026-10-10,FPL000828,UAM0088,a4,4,4,1.0,VP007,봉천,VP001,여의도,12,G3,F1,G1,F2,12:52:36,12:57:36,13:07:43,13:12:40,13:22:40,300.0,606.4,297.28,1203.68,276.56,83.1,ready,12:57:19,623.2,5,"[""봉천 F1"", ""신림동"", ""신림동 2"", ""영등포"", ""여의도 F2""]"
7b768b2566f7,2026-10-10,FPL000829,UAM0068,a4,4,4,1.0,VP017,수서,VP006,미아,12,G5,F1,G1,F2,12:55:29,13:14:45,13:30:21,13:35:18,13:45:18,1156.16,936.14,297.28,2389.58,1242.32,93.44,ready,13:14:28,952.94,17,"[""수서 F1"", ""개포3동"", ""잠실7동"", ""지점 3"", ""청담대교 중간지점"", ""건대입구"", ""송정동"", ""중곡1동"", ""지점"", ""중랑천 제방길"", ""중랑철교"", ""중화동"", ""월릉교"", ""공릉1동 2"", ""월계3동"", ""월계동"", ""미아 F2""]"
7b768b2566f7,2026-10-10,FPL000830,UAM0092,a4,4,4,1.0,VP001,여의도,VP015,마곡,12,G4,F1,G3,F2,12:49:27,12:58:33,13:13:35,13:18:46,13:28:46,546.16,901.74,311.36,1759.26,246.16,202.34,ready,12:58:16,918.54,9,"[""여의도 F1"", ""지점 11"", ""선유도 17고지"", ""성산대교 중간지점"", ""상암동"", ""덕은동"", ""개화동"", ""하야동 2"", ""마곡 F2""]"
7b768b2566f7,2026-10-10,FPL000831,UAM0011,a4,4,4,1.0,VP015,마곡,VP003,상암,12,G3,F1,G3,F2,12:49:36,13:06:03,13:15:43,13:20:26,13:30:26,986.8,579.9,283.2,1849.9,658.64,0.0,ready,13:05:46,596.7,6,"[""마곡 F1"", ""하야동 2"", ""개화동"", ""덕은동"", ""상암동"", ""상암 F2""]"
7b768b2566f7,2026-10-10,FPL000832,UAM0060,a4,4,4,1.0,VP009,성수,VP018,인천,12,G1,F1,G7,F2,12:49:53,13:03:45,13:33:08,13:37:51,13:47:51,832.08,1763.1,283.2,2878.38,518.0,0.0,ready,13:03:28,1779.9,30,"[""성수 F1"", ""성수대교 남단"", ""신사동"", ""약수동"", ""지점 39"", ""후암동"", ""회현동2가"", ""남영동"", ""충정로3가"", ""아현동"", ""대현동"", ""20통"", ""동교동"", ""서교동"", ""합정동"", ""선유도 17고지"", ""성산대교 중간지점"", ""상암동"", ""덕은동"", ""개화동"", ""하야동 2"", ""하야동"", ""선주지동"", ""목상동"", ""시천동 아라로"", ""지점 22"", ""영종대교"", ""영종동"", ""운북동"", ""인천 F2""]"
7b768b2566f7,2026-10-10,FPL000833,UAM0030,a4,4,4,1.0,VP014,가산,VP009,성수,12,G5,F1,G1,F2,12:52:46,12:57:46,13:12:25,13:17:22,13:27:22,300.0,879.3,297.28,1476.58,159.78,0.0,ready,12:57:29,896.1,18,"[""가산 F1"", ""구로동"", ""신정6동"", ""신도림동 2"", ""문래동5가"", ""신도림동"", ""영등포"", ""지점 13"", ""지점 14"", ""이촌2동"", ""이촌동 2"", ""이촌동"", ""반포동"", ""잠원동 2"", ""신사동 2"", ""신사동"", ""성수대교 남단"", ""성수 F2""]"
7b768b2566f7,2026-10-10,FPL000834,UAM0016,a4,4,4,1.0,VP013,강남,VP016,망우,12,G7,F1,G1,F2,13:07:13,13:12:13,13:27:35,13:32:33,13:42:33,300.0,922.88,297.28,1520.16,1009.44,166.78,ready,13:11:56,939.68,16,"[""강남 F1"", ""반포1동"", ""주흥교"", ""잠원동"", ""잠원동 2"", ""신사동 2"", ""신사동"", ""응봉동"", ""지점 12"", ""송정동"", ""중곡1동"", ""지점"", ""중랑천 제방길"", ""중랑철교"", ""중화동"", ""망우 F2""]"
7b768b2566f7,2026-10-10,FPL000835,UAM0020,a4,4,4,1.0,VP013,강남,VP014,가산,12,G8,F1,G5,F2,13:07:33,13:17:33,13:32:14,13:36:58,13:46:58,600.64,881.2,283.2,1765.04,1288.72,0.0,ready,13:17:16,898.0,18,"[""강남 F1"", ""서초2동 2"", ""지점 21"", ""경부고속도로 양재천 다리"", ""지점 19"", ""방배동"", ""방배2동"", ""남현동"", ""인헌동"", ""행운동"", ""봉천동"", ""은천동"", ""신림동"", ""신림동 2"", ""신사동 3"", ""지점 9"", ""가산동"", ""가산 F2""]"
7b768b2566f7,2026-10-10,FPL000836,UAM0047,a4,4,4,1.0,VP017,수서,VP001,여의도,12,G2,F1,G3,F2,12:51:46,13:20:05,13:34:00,13:38:43,13:48:43,1699.28,834.5,283.2,2816.98,1371.12,0.0,ready,13:19:49,851.3,17,"[""수서 F1"", ""개포3동"", ""잠실7동"", ""지점 3"", ""청담대교 중간지점"", ""지점 2"", ""성수대교 남단"", ""신사동"", ""신사동 2"", ""잠원동 2"", ""반포동"", ""이촌동"", ""이촌동 2"", ""이촌2동"", ""여의동 2"", ""지점 32"", ""여의도 F2""]"
7b768b2566f7,2026-10-10,FPL000837,UAM0005,a4,4,4,1.0,VP011,천호,VP008,사당,12,G7,F1,G3,F2,13:14:02,13:28:18,13:40:32,13:45:16,13:55:16,855.52,734.4,283.2,1873.12,1883.6,0.0,ready,13:28:01,751.2,17,"[""천호 F1"", ""천호대교 중간지점"", ""지점 4"", ""잠실대교 중간지점"", ""자양2동"", ""지점 3"", ""잠실7동"", ""대치교"", ""지점 6"", ""지점 7"", ""지점 8"", ""지점 10"", ""양재동"", ""경부고속도로 양재천 다리"", ""지점 19"", ""방배동"", ""사당 F2""]"
7b768b2566f7,2026-10-10,FPL000838,UAM0015,a4,4,4,1.0,VP018,인천,VP004,용산,12,G7,F1,G3,F2,12:52:20,12:57:20,13:22:10,13:26:53,13:36:53,300.0,1489.9,283.2,2073.1,0,0.0,ready,12:57:03,1506.7,23,"[""인천 F1"", ""운북동"", ""영종동"", ""지점 26"", ""지점 27"", ""지점 28"", ""간석3동"", ""지점 37"", ""지점 29"", ""지점 30"", ""지점 31"", ""지점 17"", ""구로동"", ""신정6동"", ""신도림동 2"", ""문래동5가"", ""신도림동"", ""영등포"", ""지점 13"", ""지점 14"", ""이촌2동"", ""한강로3가"", ""용산 F2""]"
7b768b2566f7,2026-10-10,FPL000839,UAM0052,a4,4,4,1.0,VP011,천호,VP002,잠실,12,G1,F1,G3,F2,12:52:57,13:33:39,13:40:53,13:45:51,13:55:51,2442.0,434.7,297.28,3173.98,2099.76,0.0,ready,13:33:22,451.5,7,"[""천호 F1"", ""천호대교 중간지점"", ""지점 4"", ""잠실대교 중간지점"", ""자양2동"", ""지점 3"", ""잠실 F2""]"
7b768b2566f7,2026-10-10,FPL000840,UAM0050,a4,4,4,1.0,VP015,마곡,VP003,상암,12,G7,F1,G4,F2,12:53:29,13:11:24,13:21:03,13:25:47,13:35:47,1074.96,579.9,283.2,1938.06,774.96,0.0,ready,13:11:07,596.7,6,"[""마곡 F1"", ""하야동 2"", ""개화동"", ""덕은동"", ""상암동"", ""상암 F2""]"
7b768b2566f7,2026-10-10,FPL000841,UAM0066,a4,4,4,1.0,VP006,미아,VP015,마곡,12,G3,F1,G7,F2,12:53:56,12:58:56,13:24:33,13:30:25,13:40:25,300.0,1537.0,351.52,2188.52,0,68.32,ready,12:58:40,1553.8,33,"[""미아 F1"", ""월계동"", ""월계3동"", ""공릉1동 2"", ""월릉교"", ""중화동"", ""중랑철교"", ""중랑천 제방길"", ""지점"", ""중곡1동"", ""송정동"", ""지점 12"", ""응봉동"", ""신사동"", ""약수동"", ""지점 39"", ""후암동"", ""회현동2가"", ""남영동"", ""충정로3가"", ""아현동"", ""대현동"", ""20통"", ""동교동"", ""서교동"", ""합정동"", ""선유도 17고지"", ""성산대교 중간지점"", ""상암동"", ""덕은동"", ""개화동"", ""하야동 2"", ""마곡 F2""]"
7b768b2566f7,2026-10-10,FPL000842,UAM0048,a4,4,4,1.0,VP001,여의도,VP011,천호,12,G1,F1,G1,F2,12:54:01,13:03:54,14:00:01,14:08:07,14:18:07,592.08,3367.78,485.44,4445.3,278.0,2660.38,ready,13:03:37,3384.58,18,"[""여의도 F1"", ""지점 32"", ""여의동 2"", ""이촌2동"", ""이촌동 2"", ""이촌동"", ""반포동"", ""잠원동 2"", ""신사동 2"", ""신사동"", ""성수대교 남단"", ""지점 2"", ""청담대교 중간지점"", ""자양2동"", ""잠실대교 중간지점"", ""지점 4"", ""천호대교 중간지점"", ""천호 F2""]"
7b768b2566f7,2026-10-10,FPL000843,UAM0095,a4,4,4,1.0,VP008,사당,VP017,수서,12,G3,F1,G3,F2,12:56:48,13:04:19,13:15:24,13:22:22,13:32:22,451.28,665.36,417.28,1533.92,306.16,201.66,ready,13:04:02,682.16,13,"[""사당 F1"", ""방배동"", ""지점 19"", ""경부고속도로 양재천 다리"", ""양재동"", ""지점 10"", ""지점 8"", ""지점 7"", ""지점 6"", ""대치교"", ""잠실7동"", ""개포3동"", ""수서 F2""]"
7b768b2566f7,2026-10-10,FPL000844,UAM0001,a4,4,4,1.0,VP009,성수,VP007,봉천,12,G2,F1,G4,F2,12:54:13,13:09:06,13:19:53,13:24:36,13:34:36,892.08,647.1,283.2,1822.38,578.0,0.0,ready,13:08:49,663.9,18,"[""성수 F1"", ""성수대교 남단"", ""신사동"", ""신사동 2"", ""잠원동 2"", ""반포동"", ""이촌동"", ""동작동 2"", ""동작동"", ""방배4동"", ""사당1동 2"", ""사당1동"", ""방배2동"", ""남현동"", ""인헌동"", ""행운동"", ""봉천동"", ""봉천 F2""]"
7b768b2566f7,2026-10-10,FPL000845,UAM0063,a4,4,4,1.0,VP002,잠실,VP016,망우,12,G5,F1,G3,F2,12:54:15,13:03:56,13:14:18,13:19:01,13:29:01,580.4,622.5,283.2,1486.1,280.4,0.0,ready,13:03:39,639.3,11,"[""잠실 F1"", ""지점 3"", ""청담대교 중간지점"", ""건대입구"", ""송정동"", ""중곡1동"", ""지점"", ""중랑천 제방길"", ""중랑철교"", ""중화동"", ""망우 F2""]"
7b768b2566f7,2026-10-10,FPL000846,UAM0087,a4,4,4,1.0,VP012,광화문,VP002,잠실,12,G1,F1,G6,F2,12:54:15,12:59:47,13:12:26,13:17:09,13:27:09,331.44,759.3,283.2,1373.94,17.36,209.3,ready,12:59:30,776.1,11,"[""광화문 F1"", ""회현동2가"", ""후암동"", ""지점 39"", ""약수동"", ""신사동"", ""성수대교 남단"", ""지점 2"", ""청담대교 중간지점"", ""지점 3"", ""잠실 F2""]"
7b768b2566f7,2026-10-10,FPL000847,UAM0074,a4,4,4,1.0,VP013,강남,VP017,수서,12,G5,F1,G3,F2,13:07:27,13:22:54,13:39:12,13:44:09,13:54:09,927.2,978.04,297.28,2202.52,1320.56,334.94,ready,13:22:37,994.84,13,"[""강남 F1"", ""서초2동 2"", ""지점 21"", ""경부고속도로 양재천 다리"", ""양재동"", ""지점 10"", ""지점 8"", ""지점 7"", ""지점 6"", ""대치교"", ""잠실7동"", ""개포3동"", ""수서 F2""]"
7b768b2566f7,2026-10-10,FPL000848,UAM0024,a4,4,4,1.0,VP010,연신내,VP008,사당,12,G5,F1,G2,F2,12:57:10,13:02:10,13:19:29,13:24:26,13:34:26,300.0,1038.74,297.28,1636.02,0,124.14,ready,13:01:53,1055.54,18,"[""연신내 F1"", ""지점 23"", ""향동동"", ""지점 24"", ""수색교"", ""지점 25"", ""상암동"", ""성산대교 중간지점"", ""선유도 17고지"", ""지점 11"", ""영등포"", ""신림동 2"", ""신림동"", ""은천동"", ""봉천동"", ""행운동"", ""인헌동"", ""사당 F2""]"
7b768b2566f7,2026-10-10,FPL000849,UAM0046,a4,4,4,1.0,VP011,천호,VP016,망우,12,G2,F1,G3,F2,13:25:26,13:38:59,13:48:44,13:53:28,14:03:28,813.28,585.2,283.2,1681.68,2119.76,0.0,ready,13:38:42,602.0,11,"[""천호 F1"", ""천호대교 중간지점"", ""아차산 고가차도"", ""구의동"", ""능동"", ""중곡1동"", ""지점"", ""중랑천 제방길"", ""중랑철교"", ""중화동"", ""망우 F2""]"
7b768b2566f7,2026-10-10,FPL000850,UAM0069,a4,4,4,1.0,VP012,광화문,VP014,가산,12,G3,F1,G4,F2,12:58:22,13:05:07,13:18:35,13:23:32,13:33:32,405.52,807.66,297.28,1510.46,105.52,1.86,ready,13:04:51,824.46,16,"[""광화문 F1"", ""남영동"", ""청파동1가"", ""한강로1가"", ""한강로2가"", ""한강로3가"", ""이촌2동"", ""지점 14"", ""지점 13"", ""영등포"", ""신도림동"", ""문래동5가"", ""신도림동 2"", ""신정6동"", ""구로동"", ""가산 F2""]"
7b768b2566f7,2026-10-10,FPL000851,UAM0079,a4,4,4,1.0,VP001,여의도,VP009,성수,12,G2,F1,G3,F2,12:58:22,13:09:14,13:20:04,13:24:47,13:34:47,652.08,649.8,283.2,1585.08,338.0,0.0,ready,13:08:57,666.6,12,"[""여의도 F1"", ""지점 32"", ""여의동 2"", ""이촌2동"", ""이촌동 2"", ""이촌동"", ""반포동"", ""잠원동 2"", ""신사동 2"", ""신사동"", ""성수대교 남단"", ""성수 F2""]"
7b768b2566f7,2026-10-10,FPL000852,UAM0097,a4,4,4,1.0,VP008,사당,VP007,봉천,12,G2,F1,G3,F2,12:58:48,13:09:40,13:14:57,13:19:40,13:29:40,652.08,316.9,283.2,1252.18,338.0,0.0,ready,13:09:23,333.7,5,"[""사당 F1"", ""인헌동"", ""행운동"", ""봉천동"", ""봉천 F2""]"
7b768b2566f7,2026-10-10,FPL000853,UAM0090,a4,4,4,1.0,VP004,용산,VP008,사당,12,G3,F1,G1,F2,13:00:12,13:05:12,13:15:08,13:20:05,13:30:05,300.0,595.8,297.28,1193.08,45.52,0.0,ready,13:04:56,612.6,11,"[""용산 F1"", ""한강로3가"", ""이촌동 2"", ""상도터널"", ""상도1동"", ""상도1동 2"", ""지점 38"", ""봉천동"", ""행운동"", ""인헌동"", ""사당 F2""]"
7b768b2566f7,2026-10-10,FPL000854,UAM0031,a4,4,4,1.0,VP009,성수,VP013,강남,12,G3,F1,G1,F2,12:59:50,13:14:26,13:37:10,13:47:01,13:57:01,876.52,1364.02,590.56,2831.1,576.52,1159.14,ready,13:14:09,1380.82,9,"[""성수 F1"", ""성수대교 남단"", ""신사동"", ""신사동 2"", ""잠원동 2"", ""잠원동"", ""주흥교"", ""반포1동"", ""강남 F2""]"
7b768b2566f7,2026-10-10,FPL000855,UAM0082,a4,4,4,1.0,VP017,수서,VP002,잠실,12,G3,F1,G5,F2,13:11:45,13:25:26,13:30:48,13:35:32,13:45:32,821.44,322.3,283.2,1426.94,1214.16,0.0,ready,13:25:09,339.1,4,"[""수서 F1"", ""개포3동"", ""잠실7동"", ""잠실 F2""]"
7b768b2566f7,2026-10-10,FPL000856,UAM0084,a4,4,4,1.0,VP013,강남,VP012,광화문,12,G6,F1,G4,F2,13:20:29,13:28:14,13:41:15,13:45:58,13:55:58,465.92,780.84,283.2,1529.96,1380.56,243.04,ready,13:27:58,797.64,12,"[""강남 F1"", ""반포1동"", ""주흥교"", ""잠원동"", ""잠원동 2"", ""신사동 2"", ""신사동"", ""약수동"", ""지점 39"", ""후암동"", ""회현동2가"", ""광화문 F2""]"
7b768b2566f7,2026-10-10,FPL000857,UAM0029,a4,4,4,1.0,VP018,인천,VP007,봉천,13,G8,F1,G3,F2,13:00:18,13:05:18,13:48:04,13:52:47,14:02:47,300.0,2565.4,283.2,3148.6,0,1200.0,ready,13:05:02,2582.2,18,"[""인천 F1"", ""운북동"", ""영종동"", ""지점 26"", ""지점 27"", ""지점 28"", ""간석3동"", ""지점 37"", ""지점 29"", ""지점 30"", ""지점 31"", ""지점 17"", ""가산동"", ""지점 9"", ""신사동 3"", ""신림동 2"", ""신림동"", ""봉천 F2""]"
7b768b2566f7,2026-10-10,FPL000858,UAM0014,a4,4,4,1.0,VP016,망우,VP007,봉천,13,G4,F1,G2,F2,13:03:43,13:08:43,13:28:34,13:33:31,13:43:31,300.0,1190.96,297.28,1788.24,183.38,303.86,ready,13:08:26,1207.76,24,"[""망우 F1"", ""중랑철교"", ""중랑천 제방길"", ""지점"", ""중곡1동"", ""송정동"", ""지점 12"", ""응봉동"", ""신사동"", ""신사동 2"", ""잠원동 2"", ""반포동"", ""이촌동"", ""동작동 2"", ""동작동"", ""방배4동"", ""사당1동 2"", ""사당1동"", ""방배2동"", ""남현동"", ""인헌동"", ""행운동"", ""봉천동"", ""봉천 F2""]"
7b768b2566f7,2026-10-10,FPL000859,UAM0051,a4,4,4,1.0,VP010,연신내,VP013,강남,13,G6,F1,G8,F2,13:09:32,13:14:32,13:45:56,13:56:40,14:06:40,300.0,1884.04,643.84,2827.88,481.24,1205.48,ready,13:14:15,1900.84,22,"[""연신내 F1"", ""지점 23"", ""향동동"", ""지점 24"", ""수색교"", ""지점 25"", ""상암동"", ""성산대교 중간지점"", ""선유도 17고지"", ""지점 5"", ""서강대교 중간지점"", ""지점 32"", ""여의동 2"", ""이촌2동"", ""이촌동 2"", ""이촌동"", ""반포동"", ""잠원동 2"", ""잠원동"", ""주흥교"", ""반포1동"", ""강남 F2""]"
7b768b2566f7,2026-10-10,FPL000860,UAM0019,a4,4,4,1.0,VP007,봉천,VP006,미아,13,G4,F1,G4,F2,13:02:32,13:07:32,13:26:00,13:30:43,13:40:43,300.0,1108.24,283.2,1691.44,0,27.44,ready,13:07:15,1125.04,29,"[""봉천 F1"", ""봉천동"", ""행운동"", ""인헌동"", ""남현동"", ""방배2동"", ""사당1동"", ""사당1동 2"", ""방배4동"", ""동작동"", ""동작동 2"", ""이촌동"", ""반포동"", ""잠원동 2"", ""신사동 2"", ""신사동"", ""응봉동"", ""지점 12"", ""송정동"", ""중곡1동"", ""지점"", ""중랑천 제방길"", ""중랑철교"", ""중화동"", ""월릉교"", ""공릉1동 2"", ""월계3동"", ""월계동"", ""미아 F2""]"
7b768b2566f7,2026-10-10,FPL000861,UAM0059,a4,4,4,1.0,VP011,천호,VP004,용산,13,G8,F1,G4,F2,13:30:04,13:44:20,13:57:27,14:02:10,14:12:10,855.52,787.4,283.2,1926.12,2204.24,0.0,ready,13:44:03,804.2,18,"[""천호 F1"", ""천호대교 중간지점"", ""지점 4"", ""잠실대교 중간지점"", ""자양2동"", ""청담대교 중간지점"", ""지점 2"", ""성수대교 남단"", ""신사동"", ""약수동"", ""지점 39"", ""후암동"", ""회현동2가"", ""남영동"", ""청파동1가"", ""한강로1가"", ""한강로2가"", ""용산 F2""]"
7b768b2566f7,2026-10-10,FPL000862,UAM0080,a4,4,4,1.0,VP014,가산,VP005,목동,13,G6,F1,G7,F2,13:02:41,13:07:41,13:15:26,13:20:09,13:30:09,300.0,464.3,283.2,1047.5,0,0.0,ready,13:07:25,481.1,4,"[""가산 F1"", ""구로동"", ""신정6동"", ""목동 F2""]"
7b768b2566f7,2026-10-10,FPL000863,UAM0076,a4,4,4,1.0,VP012,광화문,VP016,망우,13,G4,F1,G4,F2,13:02:42,13:10:28,13:23:15,13:27:58,13:37:58,465.52,766.8,283.2,1515.52,165.52,0.0,ready,13:10:11,783.6,15,"[""광화문 F1"", ""회현동2가"", ""후암동"", ""지점 39"", ""약수동"", ""신사동"", ""응봉동"", ""지점 12"", ""송정동"", ""중곡1동"", ""지점"", ""중랑천 제방길"", ""중랑철교"", ""중화동"", ""망우 F2""]"
7b768b2566f7,2026-10-10,FPL000864,UAM0039,a4,4,4,1.0,VP003,상암,VP013,강남,13,G3,F1,G7,F2,13:02:47,13:07:47,13:32:50,13:45:59,13:55:59,300.0,1502.96,788.96,2591.92,0,1161.42,ready,13:07:30,1519.76,17,"[""상암 F1"", ""서교동"", ""합정동"", ""선유도 17고지"", ""지점 5"", ""서강대교 중간지점"", ""지점 32"", ""여의동 2"", ""이촌2동"", ""이촌동 2"", ""이촌동"", ""반포동"", ""잠원동 2"", ""잠원동"", ""주흥교"", ""반포1동"", ""강남 F2""]"
7b768b2566f7,2026-10-10,FPL000865,UAM0083,a4,4,4,1.0,VP002,잠실,VP012,광화문,13,G6,F1,G3,F2,13:03:31,13:09:16,13:18:22,13:23:06,13:33:06,345.7,546.1,283.2,1175.0,45.7,0.0,ready,13:08:59,562.9,11,"[""잠실 F1"", ""지점 3"", ""청담대교 중간지점"", ""지점 2"", ""성수대교 남단"", ""신사동"", ""약수동"", ""지점 39"", ""후암동"", ""회현동2가"", ""광화문 F2""]"
7b768b2566f7,2026-10-10,FPL000866,UAM0055,a4,4,4,1.0,VP013,강남,VP001,여의도,13,G3,F1,G4,F2,13:07:41,13:33:35,13:44:11,13:48:54,13:58:54,1554.4,636.0,283.2,2473.6,1412.4,0.0,ready,13:33:18,652.8,12,"[""강남 F1"", ""반포1동"", ""주흥교"", ""잠원동"", ""잠원동 2"", ""반포동"", ""이촌동"", ""이촌동 2"", ""이촌2동"", ""여의동 2"", ""지점 32"", ""여의도 F2""]"
7b768b2566f7,2026-10-10,FPL000867,UAM0022,a4,4,4,1.0,VP017,수서,VP002,잠실,13,G6,F1,G6,F2,13:12:19,13:30:47,13:36:09,13:40:52,13:50:52,1108.0,322.3,283.2,1713.5,1242.32,0.0,ready,13:30:30,339.1,4,"[""수서 F1"", ""개포3동"", ""잠실7동"", ""잠실 F2""]"
7b768b2566f7,2026-10-10,FPL000868,UAM0054,a4,4,4,1.0,VP009,성수,VP011,천호,13,G4,F1,G7,F2,13:07:32,13:19:47,13:55:41,14:02:04,14:12:04,734.92,2153.9,383.2,3272.02,576.52,1763.6,ready,13:19:30,2170.7,8,"[""성수 F1"", ""지점 2"", ""청담대교 중간지점"", ""자양2동"", ""잠실대교 중간지점"", ""지점 4"", ""천호대교 중간지점"", ""천호 F2""]"
7b768b2566f7,2026-10-10,FPL000869,UAM0010,a4,4,4,1.0,VP010,연신내,VP011,천호,13,G3,F1,G2,F2,13:09:46,13:19:53,14:04:22,14:13:27,14:23:27,606.56,2669.44,545.44,3821.44,513.08,1606.14,ready,13:19:36,2686.24,30,"[""연신내 F1"", ""지점 23"", ""향동동"", ""지점 24"", ""수색교"", ""지점 25"", ""상암동"", ""성산대교 중간지점"", ""선유도 17고지"", ""합정동"", ""서교동"", ""동교동"", ""20통"", ""대현동"", ""아현동"", ""충정로3가"", ""남영동"", ""회현동2가"", ""후암동"", ""지점 39"", ""약수동"", ""신사동"", ""성수대교 남단"", ""지점 2"", ""청담대교 중간지점"", ""자양2동"", ""잠실대교 중간지점"", ""지점 4"", ""천호대교 중간지점"", ""천호 F2""]"
7b768b2566f7,2026-10-10,FPL000870,UAM0026,a4,4,4,1.0,VP008,사당,VP017,수서,13,G4,F1,G4,F2,13:10:53,13:15:53,13:26:10,13:32:43,13:42:43,300.0,616.54,392.98,1309.52,249.92,128.54,ready,13:15:37,633.34,13,"[""사당 F1"", ""방배동"", ""지점 19"", ""경부고속도로 양재천 다리"", ""양재동"", ""지점 10"", ""지점 8"", ""지점 7"", ""지점 6"", ""대치교"", ""잠실7동"", ""개포3동"", ""수서 F2""]"
7b768b2566f7,2026-10-10,FPL000871,UAM0006,a4,4,4,1.0,VP007,봉천,VP009,성수,13,G3,F1,G4,F2,13:08:56,13:13:56,13:24:39,13:29:22,13:39:22,300.0,643.0,283.2,1226.2,123.2,0.0,ready,13:13:39,659.8,18,"[""봉천 F1"", ""봉천동"", ""행운동"", ""인헌동"", ""남현동"", ""방배2동"", ""사당1동"", ""사당1동 2"", ""방배4동"", ""동작동"", ""동작동 2"", ""이촌동"", ""반포동"", ""잠원동 2"", ""신사동 2"", ""신사동"", ""성수대교 남단"", ""성수 F2""]"
7b768b2566f7,2026-10-10,FPL000872,UAM0094,a4,4,4,1.0,VP014,가산,VP008,사당,13,G5,F1,G3,F2,13:08:51,13:13:51,13:23:52,13:28:35,13:38:35,300.0,600.7,283.2,1183.9,75.86,0.0,ready,13:13:34,617.5,11,"[""가산 F1"", ""가산동"", ""지점 9"", ""신사동 3"", ""신림동 2"", ""신림동"", ""은천동"", ""봉천동"", ""행운동"", ""인헌동"", ""사당 F2""]"
7b768b2566f7,2026-10-10,FPL000873,UAM0043,a4,4,4,1.0,VP016,망우,VP006,미아,13,G3,F1,G3,F2,13:08:08,13:14:04,13:21:40,13:26:23,13:36:23,356.06,456.0,283.2,1095.26,56.06,0.0,ready,13:13:47,472.8,8,"[""망우 F1"", ""중랑철교"", ""중화동"", ""월릉교"", ""공릉1동 2"", ""월계3동"", ""월계동"", ""미아 F2""]"
7b768b2566f7,2026-10-10,FPL000874,UAM0058,a4,4,4,1.0,VP011,천호,VP009,성수,13,G5,F1,G3,F2,13:30:18,13:49:40,13:57:39,14:02:22,14:12:22,1162.08,478.2,283.2,1923.48,2176.08,0.0,ready,13:49:24,495.0,8,"[""천호 F1"", ""천호대교 중간지점"", ""지점 4"", ""잠실대교 중간지점"", ""자양2동"", ""청담대교 중간지점"", ""지점 2"", ""성수 F2""]"
7b768b2566f7,2026-10-10,FPL000875,UAM0023,a4,4,4,1.0,VP013,강남,VP014,가산,13,G4,F1,G6,F2,13:29:24,13:38:56,13:57:26,14:02:10,14:12:10,571.84,1110.66,283.2,1965.7,1472.4,229.46,ready,13:38:39,1127.46,18,"[""강남 F1"", ""서초2동 2"", ""지점 21"", ""경부고속도로 양재천 다리"", ""지점 19"", ""방배동"", ""방배2동"", ""남현동"", ""인헌동"", ""행운동"", ""봉천동"", ""은천동"", ""신림동"", ""신림동 2"", ""신사동 3"", ""지점 9"", ""가산동"", ""가산 F2""]"
7b768b2566f7,2026-10-10,FPL000876,UAM0025,a4,4,4,1.0,VP004,용산,VP017,수서,13,G4,F1,G1,F2,13:10:08,13:15:08,13:30:31,13:35:42,13:45:42,300.0,922.46,311.36,1533.82,0,163.16,ready,13:14:51,939.26,17,"[""용산 F1"", ""한강로2가"", ""한강로1가"", ""청파동1가"", ""남영동"", ""회현동2가"", ""후암동"", ""지점 39"", ""약수동"", ""신사동"", ""성수대교 남단"", ""지점 2"", ""청담대교 중간지점"", ""지점 3"", ""잠실7동"", ""개포3동"", ""수서 F2""]"
7b768b2566f7,2026-10-10,FPL000877,UAM0028,a4,4,4,1.0,VP001,여의도,VP016,망우,13,G3,F1,G2,F2,13:12:30,13:17:30,13:37:03,13:42:00,13:52:00,300.0,1173.04,297.28,1770.32,79.12,225.24,ready,13:17:13,1189.84,19,"[""여의도 F1"", ""지점 32"", ""여의동 2"", ""이촌2동"", ""이촌동 2"", ""이촌동"", ""반포동"", ""잠원동 2"", ""신사동 2"", ""신사동"", ""응봉동"", ""지점 12"", ""송정동"", ""중곡1동"", ""지점"", ""중랑천 제방길"", ""중랑철교"", ""중화동"", ""망우 F2""]"
7b768b2566f7,2026-10-10,FPL000878,UAM0034,a4,4,4,1.0,VP014,가산,VP007,봉천,13,G3,F1,G2,F2,13:12:10,13:19:11,13:52:24,13:57:22,14:07:22,421.78,1992.92,297.28,2711.98,107.7,1444.72,ready,13:18:55,2009.72,7,"[""가산 F1"", ""가산동"", ""지점 9"", ""신사동 3"", ""신림동 2"", ""신림동"", ""봉천 F2""]"
7b768b2566f7,2026-10-10,FPL000879,UAM0009,a4,4,4,1.0,VP015,마곡,VP010,연신내,13,G7,F1,G5,F2,13:18:22,13:23:22,13:34:42,13:39:25,13:49:25,300.0,679.6,283.2,1262.8,357.68,0.0,ready,13:23:05,696.4,10,"[""마곡 F1"", ""하야동 2"", ""개화동"", ""덕은동"", ""지점 25"", ""수색교"", ""지점 24"", ""향동동"", ""지점 23"", ""연신내 F2""]"
7b768b2566f7,2026-10-10,FPL000880,UAM0036,a4,4,4,1.0,VP013,강남,VP001,여의도,13,G1,F1,G3,F2,13:13:30,13:44:16,13:57:13,14:01:56,14:11:56,1846.48,776.64,283.2,2906.32,1504.24,140.64,ready,13:44:00,793.44,12,"[""강남 F1"", ""반포1동"", ""주흥교"", ""잠원동"", ""잠원동 2"", ""반포동"", ""이촌동"", ""이촌동 2"", ""이촌2동"", ""여의동 2"", ""지점 32"", ""여의도 F2""]"
7b768b2566f7,2026-10-10,FPL000881,UAM0044,a4,4,4,1.0,VP016,망우,VP011,천호,13,G1,F1,G8,F2,13:13:53,13:19:24,14:08:43,14:18:06,14:28:06,331.44,2958.4,563.2,3853.04,17.36,2698.1,ready,13:19:07,2975.2,10,"[""망우 F1"", ""중랑철교"", ""중랑천 제방길"", ""지점"", ""중곡1동"", ""능동"", ""구의동"", ""아차산 고가차도"", ""천호대교 중간지점"", ""천호 F2""]"
7b768b2566f7,2026-10-10,FPL000882,UAM0017,a4,4,4,1.0,VP015,마곡,VP017,수서,13,G8,F1,G5,F2,13:18:42,13:28:43,13:49:50,13:59:12,14:09:12,600.64,1267.0,562.26,2429.9,559.94,279.06,ready,13:28:26,1283.8,27,"[""마곡 F1"", ""하야동 2"", ""개화동"", ""덕은동"", ""상암동"", ""성산대교 중간지점"", ""선유도 17고지"", ""합정동"", ""서교동"", ""동교동"", ""20통"", ""대현동"", ""아현동"", ""충정로3가"", ""남영동"", ""회현동2가"", ""후암동"", ""지점 39"", ""약수동"", ""신사동"", ""성수대교 남단"", ""지점 2"", ""청담대교 중간지점"", ""지점 3"", ""잠실7동"", ""개포3동"", ""수서 F2""]"
7b768b2566f7,2026-10-10,FPL000883,UAM0064,a4,4,4,1.0,VP010,연신내,VP006,미아,13,G5,F1,G4,F2,13:19:00,13:25:13,13:51:11,13:55:54,14:05:54,372.88,1557.56,283.2,2213.64,306.16,32.76,ready,13:24:56,1574.36,35,"[""연신내 F1"", ""지점 23"", ""향동동"", ""지점 24"", ""수색교"", ""지점 25"", ""상암동"", ""성산대교 중간지점"", ""선유도 17고지"", ""합정동"", ""서교동"", ""동교동"", ""20통"", ""대현동"", ""아현동"", ""충정로3가"", ""남영동"", ""회현동2가"", ""후암동"", ""지점 39"", ""약수동"", ""신사동"", ""응봉동"", ""지점 12"", ""송정동"", ""중곡1동"", ""지점"", ""중랑천 제방길"", ""중랑철교"", ""중화동"", ""월릉교"", ""공릉1동 2"", ""월계3동"", ""월계동"", ""미아 F2""]"
7b768b2566f7,2026-10-10,FPL000884,UAM0077,a4,4,4,1.0,VP009,성수,VP017,수서,13,G3,F1,G6,F2,13:17:28,13:25:07,13:34:51,13:43:10,13:53:10,459.8,583.74,498.9,1542.44,159.8,342.84,ready,13:24:51,600.54,7,"[""성수 F1"", ""지점 2"", ""청담대교 중간지점"", ""지점 3"", ""잠실7동"", ""개포3동"", ""수서 F2""]"
7b768b2566f7,2026-10-10,FPL000885,UAM0065,a4,4,4,1.0,VP013,강남,VP015,마곡,13,G2,F1,G7,F2,13:33:50,13:49:37,14:07:18,14:12:01,14:22:01,946.56,1061.2,283.2,2290.96,1564.24,0.0,ready,13:49:20,1078.0,20,"[""강남 F1"", ""반포1동"", ""주흥교"", ""잠원동"", ""잠원동 2"", ""반포동"", ""이촌동"", ""이촌동 2"", ""이촌2동"", ""여의동 2"", ""지점 32"", ""서강대교 중간지점"", ""지점 5"", ""선유도 17고지"", ""성산대교 중간지점"", ""상암동"", ""덕은동"", ""개화동"", ""하야동 2"", ""마곡 F2""]"
7b768b2566f7,2026-10-10,FPL000886,UAM0027,a4,4,4,1.0,VP001,여의도,VP016,망우,13,G4,F1,G4,F2,13:20:40,13:25:40,13:41:28,13:46:11,13:56:11,300.0,947.8,283.2,1531.0,154.96,0.0,ready,13:25:23,964.6,19,"[""여의도 F1"", ""지점 32"", ""여의동 2"", ""이촌2동"", ""이촌동 2"", ""이촌동"", ""반포동"", ""잠원동 2"", ""신사동 2"", ""신사동"", ""응봉동"", ""지점 12"", ""송정동"", ""중곡1동"", ""지점"", ""중랑천 제방길"", ""중랑철교"", ""중화동"", ""망우 F2""]"
7b768b2566f7,2026-10-10,FPL000887,UAM0008,a4,4,4,1.0,VP004,용산,VP007,봉천,13,G3,F1,G4,F2,13:18:44,13:23:44,13:37:46,13:42:29,13:52:29,300.0,841.5,283.2,1424.7,0,300.0,ready,13:23:27,858.3,9,"[""용산 F1"", ""한강로3가"", ""이촌동 2"", ""상도터널"", ""상도1동"", ""상도1동 2"", ""지점 38"", ""봉천동"", ""봉천 F2""]"
7b768b2566f7,2026-10-10,FPL000888,UAM0100,a4,4,4,1.0,VP014,가산,VP013,강남,13,G6,F1,G6,F2,13:23:22,13:28:22,13:56:37,14:07:35,14:17:35,300.0,1694.82,657.92,2652.74,275.82,1170.66,ready,13:28:06,1711.62,18,"[""가산 F1"", ""가산동"", ""지점 9"", ""신사동 3"", ""신림동 2"", ""신림동"", ""은천동"", ""봉천동"", ""행운동"", ""인헌동"", ""남현동"", ""방배2동"", ""방배동"", ""지점 19"", ""경부고속도로 양재천 다리"", ""지점 21"", ""서초2동 2"", ""강남 F2""]"
7b768b2566f7,2026-10-10,FPL000889,UAM0041,a4,4,4,1.0,VP007,봉천,VP015,마곡,13,G4,F1,G5,F2,13:19:44,13:24:44,13:39:17,13:44:14,13:54:14,300.0,872.9,297.28,1470.18,52.36,0.0,ready,13:24:27,889.7,12,"[""봉천 F1"", ""신림동"", ""신림동 2"", ""영등포"", ""지점 11"", ""선유도 17고지"", ""성산대교 중간지점"", ""상암동"", ""덕은동"", ""개화동"", ""하야동 2"", ""마곡 F2""]"
7b768b2566f7,2026-10-10,FPL000890,UAM0081,a4,4,4,1.0,VP011,천호,VP002,잠실,13,G6,F1,G3,F2,13:41:00,13:55:01,14:33:01,14:37:58,14:47:58,841.44,2279.82,297.28,3418.54,1855.44,1845.12,ready,13:54:44,2296.62,7,"[""천호 F1"", ""천호대교 중간지점"", ""지점 4"", ""잠실대교 중간지점"", ""자양2동"", ""지점 3"", ""잠실 F2""]"
7b768b2566f7,2026-10-10,FPL000891,UAM0032,a4,4,4,1.0,VP015,마곡,VP013,강남,13,G5,F1,G2,F2,13:18:58,13:34:03,14:12:39,14:18:05,14:28:05,905.86,2315.76,325.44,3547.06,591.78,1259.36,ready,13:33:47,2332.56,20,"[""마곡 F1"", ""하야동 2"", ""개화동"", ""덕은동"", ""상암동"", ""성산대교 중간지점"", ""선유도 17고지"", ""지점 5"", ""서강대교 중간지점"", ""지점 32"", ""여의동 2"", ""이촌2동"", ""이촌동 2"", ""이촌동"", ""반포동"", ""잠원동 2"", ""잠원동"", ""주흥교"", ""반포1동"", ""강남 F2""]"
7b768b2566f7,2026-10-10,FPL000892,UAM0085,a4,4,4,1.0,VP011,천호,VP018,인천,13,G4,F1,G7,F2,13:30:32,14:00:22,14:33:10,14:37:53,14:47:53,1789.28,1968.0,283.2,4040.48,2127.92,0.0,ready,14:00:05,1984.8,36,"[""천호 F1"", ""천호대교 중간지점"", ""지점 4"", ""잠실대교 중간지점"", ""자양2동"", ""청담대교 중간지점"", ""지점 2"", ""성수대교 남단"", ""신사동"", ""약수동"", ""지점 39"", ""후암동"", ""회현동2가"", ""남영동"", ""충정로3가"", ""아현동"", ""대현동"", ""20통"", ""동교동"", ""서교동"", ""합정동"", ""선유도 17고지"", ""성산대교 중간지점"", ""상암동"", ""덕은동"", ""개화동"", ""하야동 2"", ""하야동"", ""선주지동"", ""목상동"", ""시천동 아라로"", ""지점 22"", ""영종대교"", ""영종동"", ""운북동"", ""인천 F2""]"
7b768b2566f7,2026-10-10,FPL000893,UAM0062,a4,4,4,1.0,VP010,연신내,VP011,천호,13,G4,F1,G5,F2,13:19:42,13:30:34,14:13:03,14:23:41,14:33:41,652.08,2549.44,637.28,3838.8,338.0,1606.14,ready,13:30:17,2566.24,30,"[""연신내 F1"", ""지점 23"", ""향동동"", ""지점 24"", ""수색교"", ""지점 25"", ""상암동"", ""성산대교 중간지점"", ""선유도 17고지"", ""합정동"", ""서교동"", ""동교동"", ""20통"", ""대현동"", ""아현동"", ""충정로3가"", ""남영동"", ""회현동2가"", ""후암동"", ""지점 39"", ""약수동"", ""신사동"", ""성수대교 남단"", ""지점 2"", ""청담대교 중간지점"", ""자양2동"", ""잠실대교 중간지점"", ""지점 4"", ""천호대교 중간지점"", ""천호 F2""]"
7b768b2566f7,2026-10-10,FPL000894,UAM0057,a4,4,4,1.0,VP008,사당,VP006,미아,13,G3,F1,G3,F2,13:24:16,13:29:16,13:46:50,13:51:33,14:01:33,300.0,1053.9,283.2,1637.1,207.08,0.0,ready,13:28:59,1070.7,25,"[""사당 F1"", ""방배동"", ""지점 19"", ""경부고속도로 양재천 다리"", ""양재동"", ""지점 10"", ""지점 8"", ""지점 7"", ""지점 6"", ""대치교"", ""잠실7동"", ""지점 3"", ""청담대교 중간지점"", ""건대입구"", ""송정동"", ""중곡1동"", ""지점"", ""중랑천 제방길"", ""중랑철교"", ""중화동"", ""월릉교"", ""공릉1동 2"", ""월계3동"", ""월계동"", ""미아 F2""]"
7b768b2566f7,2026-10-10,FPL000895,UAM0072,a4,4,4,1.0,VP017,수서,VP002,잠실,13,G5,F1,G4,F2,13:22:12,13:36:07,13:45:14,13:50:11,14:00:11,835.52,546.6,297.28,1679.4,601.04,224.3,ready,13:35:50,563.4,4,"[""수서 F1"", ""개포3동"", ""잠실7동"", ""잠실 F2""]"
7b768b2566f7,2026-10-10,FPL000896,UAM0096,a4,4,4,1.0,VP013,강남,VP008,사당,13,G7,F1,G3,F2,13:34:56,13:54:58,14:02:56,14:07:40,14:17:40,1201.92,478.7,283.2,1963.82,1708.72,0.0,ready,13:54:41,495.5,7,"[""강남 F1"", ""서초2동 2"", ""지점 21"", ""경부고속도로 양재천 다리"", ""지점 19"", ""방배동"", ""사당 F2""]"
7b768b2566f7,2026-10-10,FPL000897,UAM0033,a4,4,4,1.0,VP017,수서,VP011,천호,13,G4,F1,G7,F2,13:22:26,13:41:28,14:34:05,14:44:49,14:54:49,1142.08,3157.26,643.84,4943.18,873.52,2985.0,ready,13:41:11,3174.06,9,"[""수서 F1"", ""개포3동"", ""잠실7동"", ""지점 3"", ""자양2동"", ""잠실대교 중간지점"", ""지점 4"", ""천호대교 중간지점"", ""천호 F2""]"
7b768b2566f7,2026-10-10,FPL000898,UAM0042,a4,4,4,1.0,VP009,성수,VP013,강남,13,G4,F1,G5,F2,13:24:51,13:30:28,13:50:17,14:02:15,14:12:15,336.64,1188.5,717.92,2243.06,219.8,1139.14,ready,13:30:11,1205.3,9,"[""성수 F1"", ""성수대교 남단"", ""신사동"", ""신사동 2"", ""잠원동 2"", ""잠원동"", ""주흥교"", ""반포1동"", ""강남 F2""]"
7b768b2566f7,2026-10-10,FPL000899,UAM0088,a4,4,4,1.0,VP001,여의도,VP007,봉천,13,G1,F1,G1,F2,13:22:40,13:31:01,13:42:06,13:47:03,13:57:03,500.88,665.38,297.28,1463.54,186.8,130.38,ready,13:30:44,682.18,5,"[""여의도 F1"", ""영등포"", ""신림동 2"", ""신림동"", ""봉천 F2""]"
7b768b2566f7,2026-10-10,FPL000900,UAM0035,a4,4,4,1.0,VP002,잠실,VP012,광화문,13,G5,F1,G3,F2,13:22:49,13:27:49,13:36:55,13:41:38,13:51:38,300.0,546.1,283.2,1129.3,0,0.0,ready,13:27:32,562.9,11,"[""잠실 F1"", ""지점 3"", ""청담대교 중간지점"", ""지점 2"", ""성수대교 남단"", ""신사동"", ""약수동"", ""지점 39"", ""후암동"", ""회현동2가"", ""광화문 F2""]"
7b768b2566f7,2026-10-10,FPL000901,UAM0021,a4,4,4,1.0,VP014,가산,VP002,잠실,13,G5,F1,G2,F2,13:23:47,13:33:43,14:19:59,14:25:10,14:35:10,596.52,2775.96,311.36,3683.84,296.52,1823.96,ready,13:33:26,2792.76,23,"[""가산 F1"", ""가산동"", ""지점 9"", ""신사동 3"", ""신림동 2"", ""신림동"", ""은천동"", ""봉천동"", ""행운동"", ""인헌동"", ""남현동"", ""방배2동"", ""방배동"", ""지점 19"", ""경부고속도로 양재천 다리"", ""양재동"", ""지점 10"", ""지점 8"", ""지점 7"", ""지점 6"", ""대치교"", ""잠실7동"", ""잠실 F2""]"
7b768b2566f7,2026-10-10,FPL000902,UAM0018,a4,4,4,1.0,VP015,마곡,VP014,가산,13,G6,F1,G5,F2,13:24:11,13:39:24,13:53:06,13:57:49,14:07:49,912.72,821.7,283.2,2017.62,598.64,0.0,ready,13:39:07,838.5,12,"[""마곡 F1"", ""하야동 2"", ""개화동"", ""덕은동"", ""상암동"", ""지점 18"", ""양평동"", ""목1동"", ""신도림동 2"", ""신정6동"", ""구로동"", ""가산 F2""]"
7b768b2566f7,2026-10-10,FPL000903,UAM0049,a4,4,4,1.0,VP011,천호,VP003,상암,13,G3,F1,G3,F2,13:52:15,14:05:42,14:20:45,14:25:28,14:35:28,807.36,902.6,283.2,1993.16,2147.92,0.0,ready,14:05:26,919.4,22,"[""천호 F1"", ""천호대교 중간지점"", ""지점 4"", ""잠실대교 중간지점"", ""자양2동"", ""청담대교 중간지점"", ""지점 2"", ""성수대교 남단"", ""신사동"", ""약수동"", ""지점 39"", ""후암동"", ""회현동2가"", ""남영동"", ""충정로3가"", ""아현동"", ""대현동"", ""20통"", ""동교동"", ""서교동"", ""합정동"", ""상암 F2""]"
7b768b2566f7,2026-10-10,FPL000904,UAM0071,a4,4,4,1.0,VP008,사당,VP002,잠실,13,G4,F1,G2,F2,13:28:39,13:34:37,13:53:55,13:59:07,14:09:07,357.88,1158.32,311.36,1827.56,267.08,611.32,ready,13:34:20,1175.12,12,"[""사당 F1"", ""방배동"", ""지점 19"", ""경부고속도로 양재천 다리"", ""양재동"", ""지점 10"", ""지점 8"", ""지점 7"", ""지점 6"", ""대치교"", ""잠실7동"", ""잠실 F2""]"
7b768b2566f7,2026-10-10,FPL000905,UAM0073,a4,4,4,1.0,VP013,강남,VP014,가산,13,G8,F1,G6,F2,13:46:23,14:00:18,14:14:59,14:19:43,14:29:43,835.52,881.2,283.2,1999.92,1768.72,0.0,ready,14:00:01,898.0,18,"[""강남 F1"", ""서초2동 2"", ""지점 21"", ""경부고속도로 양재천 다리"", ""지점 19"", ""방배동"", ""방배2동"", ""남현동"", ""인헌동"", ""행운동"", ""봉천동"", ""은천동"", ""신림동"", ""신림동 2"", ""신사동 3"", ""지점 9"", ""가산동"", ""가산 F2""]"
7b768b2566f7,2026-10-10,FPL000906,UAM0012,a4,4,4,1.0,VP018,인천,VP002,잠실,13,G7,F1,G4,F2,13:26:37,13:31:37,14:11:18,14:16:15,14:26:15,300.0,2380.74,297.28,2978.02,0,611.44,ready,13:31:20,2397.54,34,"[""인천 F1"", ""운북동"", ""영종동"", ""지점 26"", ""지점 27"", ""지점 28"", ""간석3동"", ""지점 37"", ""지점 29"", ""지점 30"", ""지점 31"", ""지점 17"", ""가산동"", ""지점 9"", ""신사동 3"", ""신림동 2"", ""신림동"", ""은천동"", ""봉천동"", ""행운동"", ""인헌동"", ""남현동"", ""방배2동"", ""방배동"", ""지점 19"", ""경부고속도로 양재천 다리"", ""양재동"", ""지점 10"", ""지점 8"", ""지점 7"", ""지점 6"", ""대치교"", ""잠실7동"", ""잠실 F2""]"
7b768b2566f7,2026-10-10,FPL000907,UAM0087,a4,4,4,1.0,VP002,잠실,VP004,용산,13,G6,F1,G3,F2,13:27:09,13:33:09,13:44:33,13:49:16,13:59:16,360.0,684.0,283.2,1327.2,60.0,0.0,ready,13:32:52,700.8,15,"[""잠실 F1"", ""지점 3"", ""청담대교 중간지점"", ""지점 2"", ""성수대교 남단"", ""신사동"", ""약수동"", ""지점 39"", ""후암동"", ""회현동2가"", ""남영동"", ""청파동1가"", ""한강로1가"", ""한강로2가"", ""용산 F2""]"
7b768b2566f7,2026-10-10,FPL000908,UAM0030,a4,4,4,1.0,VP009,성수,VP002,잠실,13,G1,F1,G1,F2,13:27:22,13:35:49,13:49:35,13:54:46,14:04:46,506.6,825.8,311.36,1643.76,192.52,450.5,ready,13:35:32,842.6,5,"[""성수 F1"", ""지점 2"", ""청담대교 중간지점"", ""지점 3"", ""잠실 F2""]"
7b768b2566f7,2026-10-10,FPL000909,UAM0092,a4,4,4,1.0,VP015,마곡,VP016,망우,13,G3,F1,G3,F2,13:28:46,13:44:45,14:08:07,14:12:50,14:22:50,958.64,1402.5,283.2,2644.34,630.48,0.0,ready,13:44:28,1419.3,29,"[""마곡 F1"", ""하야동 2"", ""개화동"", ""덕은동"", ""상암동"", ""성산대교 중간지점"", ""선유도 17고지"", ""합정동"", ""서교동"", ""동교동"", ""20통"", ""대현동"", ""아현동"", ""충정로3가"", ""남영동"", ""회현동2가"", ""후암동"", ""지점 39"", ""약수동"", ""신사동"", ""응봉동"", ""지점 12"", ""송정동"", ""중곡1동"", ""지점"", ""중랑천 제방길"", ""중랑철교"", ""중화동"", ""망우 F2""]"
7b768b2566f7,2026-10-10,FPL000910,UAM0086,a4,4,4,1.0,VP010,연신내,VP002,잠실,13,G6,F1,G1,F2,13:28:56,13:35:54,14:15:38,14:20:50,14:30:50,418.4,2383.9,311.36,3113.66,118.4,1215.6,ready,13:35:38,2400.7,27,"[""연신내 F1"", ""지점 23"", ""향동동"", ""지점 24"", ""수색교"", ""지점 25"", ""상암동"", ""성산대교 중간지점"", ""선유도 17고지"", ""합정동"", ""서교동"", ""동교동"", ""20통"", ""대현동"", ""아현동"", ""충정로3가"", ""남영동"", ""회현동2가"", ""후암동"", ""지점 39"", ""약수동"", ""신사동"", ""성수대교 남단"", ""지점 2"", ""청담대교 중간지점"", ""지점 3"", ""잠실 F2""]"
7b768b2566f7,2026-10-10,FPL000911,UAM0063,a4,4,4,1.0,VP016,망우,VP013,강남,13,G3,F1,G4,F2,13:32:23,13:37:23,14:07:19,14:13:30,14:23:30,300.0,1795.68,371.36,2467.04,201.56,1145.58,ready,13:37:06,1812.48,15,"[""망우 F1"", ""중랑철교"", ""중랑천 제방길"", ""지점"", ""중곡1동"", ""송정동"", ""지점 12"", ""응봉동"", ""신사동"", ""신사동 2"", ""잠원동 2"", ""잠원동"", ""주흥교"", ""반포1동"", ""강남 F2""]"
7b768b2566f7,2026-10-10,FPL000912,UAM0002,a4,4,4,1.0,VP014,가산,VP001,여의도,13,G3,F1,G2,F2,13:29:12,13:39:04,13:52:52,13:57:50,14:07:50,592.08,828.66,297.28,1718.02,278.0,246.76,ready,13:38:47,845.46,8,"[""가산 F1"", ""구로동"", ""신정6동"", ""신도림동 2"", ""문래동5가"", ""신도림동"", ""영등포"", ""여의도 F2""]"
7b768b2566f7,2026-10-10,FPL000913,UAM0099,a4,4,4,1.0,VP011,천호,VP018,인천,13,G7,F1,G4,F2,13:56:48,14:11:03,14:54:53,15:00:04,15:10:04,855.52,2629.92,311.36,3796.8,2204.24,661.92,ready,14:10:46,2646.72,36,"[""천호 F1"", ""천호대교 중간지점"", ""지점 4"", ""잠실대교 중간지점"", ""자양2동"", ""청담대교 중간지점"", ""지점 2"", ""성수대교 남단"", ""신사동"", ""약수동"", ""지점 39"", ""후암동"", ""회현동2가"", ""남영동"", ""충정로3가"", ""아현동"", ""대현동"", ""20통"", ""동교동"", ""서교동"", ""합정동"", ""선유도 17고지"", ""성산대교 중간지점"", ""상암동"", ""덕은동"", ""개화동"", ""하야동 2"", ""하야동"", ""선주지동"", ""목상동"", ""시천동 아라로"", ""지점 22"", ""영종대교"", ""영종동"", ""운북동"", ""인천 F2""]"
7b768b2566f7,2026-10-10,FPL000914,UAM0097,a4,4,4,1.0,VP007,봉천,VP001,여의도,13,G3,F1,G1,F2,13:33:21,13:38:21,13:48:32,13:53:29,14:03:29,300.0,610.36,297.28,1207.64,221.64,87.06,ready,13:38:05,627.16,5,"[""봉천 F1"", ""신림동"", ""신림동 2"", ""영등포"", ""여의도 F2""]"
7b768b2566f7,2026-10-10,FPL000915,UAM0090,a4,4,4,1.0,VP008,사당,VP015,마곡,13,G1,F1,G8,F2,13:30:05,13:39:57,13:55:31,14:00:15,14:10:15,592.08,933.9,283.2,1809.18,278.0,0.0,ready,13:39:41,950.7,16,"[""사당 F1"", ""인헌동"", ""행운동"", ""봉천동"", ""은천동"", ""신림동"", ""신림동 2"", ""영등포"", ""지점 11"", ""선유도 17고지"", ""성산대교 중간지점"", ""상암동"", ""덕은동"", ""개화동"", ""하야동 2"", ""마곡 F2""]"
7b768b2566f7,2026-10-10,FPL000916,UAM0080,a4,4,4,1.0,VP005,목동,VP018,인천,13,G7,F1,G7,F2,13:30:09,13:35:09,13:56:03,14:00:46,14:10:46,300.0,1254.2,283.2,1837.4,0,0.0,ready,13:34:52,1271.0,15,"[""목동 F1"", ""신정6동"", ""구로동"", ""지점 17"", ""지점 31"", ""지점 30"", ""지점 29"", ""지점 37"", ""간석3동"", ""지점 28"", ""지점 27"", ""지점 26"", ""영종동"", ""운북동"", ""인천 F2""]"
7b768b2566f7,2026-10-10,FPL000917,UAM0003,a4,4,4,1.0,VP013,강남,VP011,천호,13,G5,F1,G2,F2,13:46:37,14:05:39,14:44:46,14:56:13,15:06:13,1142.08,2347.56,686.08,4175.72,1800.56,1904.6,ready,14:05:22,2364.36,17,"[""강남 F1"", ""서초2동 2"", ""지점 21"", ""경부고속도로 양재천 다리"", ""양재동"", ""지점 10"", ""지점 8"", ""지점 7"", ""지점 6"", ""대치교"", ""잠실7동"", ""지점 3"", ""자양2동"", ""잠실대교 중간지점"", ""지점 4"", ""천호대교 중간지점"", ""천호 F2""]"
7b768b2566f7,2026-10-10,FPL000918,UAM0011,a4,4,4,1.0,VP003,상암,VP011,천호,13,G3,F1,G3,F2,13:30:26,13:35:26,14:28:45,14:39:57,14:49:57,300.0,3198.54,672.0,4170.54,0,2667.68,ready,13:35:09,3215.34,21,"[""상암 F1"", ""서교동"", ""동교동"", ""20통"", ""대현동"", ""아현동"", ""충정로3가"", ""남영동"", ""회현동2가"", ""후암동"", ""지점 39"", ""약수동"", ""신사동"", ""성수대교 남단"", ""지점 2"", ""청담대교 중간지점"", ""자양2동"", ""잠실대교 중간지점"", ""지점 4"", ""천호대교 중간지점"", ""천호 F2""]"
7b768b2566f7,2026-10-10,FPL000919,UAM0037,a4,4,4,1.0,VP001,여의도,VP002,잠실,13,G3,F1,G5,F2,13:30:36,13:36:21,13:58:16,14:02:59,14:12:59,345.52,1314.38,283.2,1943.1,45.52,561.98,ready,13:36:05,1331.18,15,"[""여의도 F1"", ""지점 32"", ""여의동 2"", ""이촌2동"", ""이촌동 2"", ""이촌동"", ""반포동"", ""잠원동 2"", ""신사동 2"", ""신사동"", ""성수대교 남단"", ""지점 2"", ""청담대교 중간지점"", ""지점 3"", ""잠실 F2""]"
7b768b2566f7,2026-10-10,FPL000920,UAM0004,a4,4,4,1.0,VP017,수서,VP011,천호,13,G6,F1,G4,F2,13:35:18,13:46:49,15:06:09,15:17:21,15:27:21,690.58,4760.46,672.0,6123.04,601.04,4588.2,ready,13:46:32,4777.26,9,"[""수서 F1"", ""개포3동"", ""잠실7동"", ""지점 3"", ""자양2동"", ""잠실대교 중간지점"", ""지점 4"", ""천호대교 중간지점"", ""천호 F2""]"
7b768b2566f7,2026-10-10,FPL000921,UAM0095,a4,4,4,1.0,VP017,수서,VP009,성수,13,G3,F1,G4,F2,13:35:32,13:52:09,14:01:59,14:06:43,14:16:43,997.14,590.1,283.2,1870.44,873.52,135.9,ready,13:51:52,606.9,7,"[""수서 F1"", ""개포3동"", ""잠실7동"", ""지점 3"", ""청담대교 중간지점"", ""지점 2"", ""성수 F2""]"
7b768b2566f7,2026-10-10,FPL000922,UAM0083,a4,4,4,1.0,VP012,광화문,VP013,강남,13,G3,F1,G3,F2,13:33:06,13:38:06,14:01:58,14:13:10,14:23:10,300.0,1432.36,672.0,2404.36,0,1252.4,ready,13:37:49,1449.16,12,"[""광화문 F1"", ""회현동2가"", ""후암동"", ""지점 39"", ""약수동"", ""신사동"", ""신사동 2"", ""잠원동 2"", ""잠원동"", ""주흥교"", ""반포1동"", ""강남 F2""]"
7b768b2566f7,2026-10-10,FPL000923,UAM0069,a4,4,4,1.0,VP014,가산,VP010,연신내,13,G4,F1,G5,F2,13:33:32,13:44:24,13:57:34,14:02:17,14:12:17,652.08,789.2,283.2,1724.48,338.0,0.0,ready,13:44:08,806.0,14,"[""가산 F1"", ""구로동"", ""신정6동"", ""신도림동 2"", ""목1동"", ""양평동"", ""지점 18"", ""상암동"", ""지점 25"", ""수색교"", ""지점 24"", ""향동동"", ""지점 23"", ""연신내 F2""]"
7b768b2566f7,2026-10-10,FPL000924,UAM0024,a4,4,4,1.0,VP008,사당,VP013,강남,13,G2,F1,G7,F2,13:34:26,13:45:18,14:17:00,14:23:23,14:33:23,652.08,1901.66,383.2,2936.94,338.0,1521.96,ready,13:45:01,1918.46,7,"[""사당 F1"", ""방배동"", ""지점 19"", ""경부고속도로 양재천 다리"", ""지점 21"", ""서초2동 2"", ""강남 F2""]"
7b768b2566f7,2026-10-10,FPL000925,UAM0001,a4,4,4,1.0,VP007,봉천,VP002,잠실,13,G4,F1,G5,F2,13:37:42,13:43:42,14:24:20,14:29:03,14:39:03,360.0,2437.66,283.2,3080.86,246.16,1773.66,ready,13:43:25,2454.46,17,"[""봉천 F1"", ""봉천동"", ""행운동"", ""인헌동"", ""남현동"", ""방배2동"", ""방배동"", ""지점 19"", ""경부고속도로 양재천 다리"", ""양재동"", ""지점 10"", ""지점 8"", ""지점 7"", ""지점 6"", ""대치교"", ""잠실7동"", ""잠실 F2""]"
7b768b2566f7,2026-10-10,FPL000926,UAM0038,a4,4,4,1.0,VP013,강남,VP014,가산,13,G6,F1,G5,F2,13:46:57,14:11:00,14:27:41,14:32:24,14:42:24,1442.72,1001.64,283.2,2727.56,1860.56,120.44,ready,14:10:43,1018.44,18,"[""강남 F1"", ""서초2동 2"", ""지점 21"", ""경부고속도로 양재천 다리"", ""지점 19"", ""방배동"", ""방배2동"", ""남현동"", ""인헌동"", ""행운동"", ""봉천동"", ""은천동"", ""신림동"", ""신림동 2"", ""신사동 3"", ""지점 9"", ""가산동"", ""가산 F2""]"
7b768b2566f7,2026-10-10,FPL000927,UAM0079,a4,4,4,1.0,VP009,성수,VP014,가산,13,G3,F1,G3,F2,13:34:47,13:41:09,14:01:47,14:06:44,14:16:44,382.16,1237.64,297.28,1917.08,82.16,348.84,ready,13:40:53,1254.44,18,"[""성수 F1"", ""성수대교 남단"", ""신사동"", ""신사동 2"", ""잠원동 2"", ""반포동"", ""이촌동"", ""이촌동 2"", ""이촌2동"", ""지점 14"", ""지점 13"", ""영등포"", ""신도림동"", ""문래동5가"", ""신도림동 2"", ""신정6동"", ""구로동"", ""가산 F2""]"
7b768b2566f7,2026-10-10,FPL000928,UAM0091,a4,4,4,1.0,VP011,천호,VP013,강남,13,G1,F1,G6,F2,13:35:22,14:16:24,14:30:02,14:55:41,15:05:41,2462.0,818.04,1539.2,4819.24,2119.76,1268.96,ready,14:16:07,834.84,17,"[""천호 F1"", ""천호대교 중간지점"", ""지점 4"", ""잠실대교 중간지점"", ""자양2동"", ""지점 3"", ""잠실7동"", ""대치교"", ""지점 6"", ""지점 7"", ""지점 8"", ""지점 10"", ""양재동"", ""경부고속도로 양재천 다리"", ""지점 21"", ""서초2동 2"", ""강남 F2""]"
7b768b2566f7,2026-10-10,FPL000929,UAM0050,a4,4,4,1.0,VP003,상암,VP015,마곡,13,G4,F1,G7,F2,13:35:47,13:40:47,13:49:56,13:54:39,14:04:39,300.0,549.0,283.2,1132.2,0,0.0,ready,13:40:30,565.8,6,"[""상암 F1"", ""지점 25"", ""덕은동"", ""개화동"", ""하야동 2"", ""마곡 F2""]"
7b768b2566f7,2026-10-10,FPL000930,UAM0043,a4,4,4,1.0,VP006,미아,VP016,망우,13,G3,F1,G1,F2,13:39:29,13:44:29,13:53:05,13:58:02,14:08:02,300.0,516.08,297.28,1113.36,186.16,89.48,ready,13:44:12,532.88,7,"[""미아 F1"", ""월계동"", ""월계3동"", ""공릉1동 2"", ""월릉교"", ""중화동"", ""망우 F2""]"
7b768b2566f7,2026-10-10,FPL000931,UAM0015,a4,4,4,1.0,VP004,용산,VP002,잠실,13,G3,F1,G3,F2,13:36:53,13:41:53,14:06:57,14:11:54,14:21:54,300.0,1504.18,297.28,2101.46,0,826.18,ready,13:41:36,1520.98,15,"[""용산 F1"", ""한강로2가"", ""한강로1가"", ""청파동1가"", ""남영동"", ""회현동2가"", ""후암동"", ""지점 39"", ""약수동"", ""신사동"", ""성수대교 남단"", ""지점 2"", ""청담대교 중간지점"", ""지점 3"", ""잠실 F2""]"
7b768b2566f7,2026-10-10,FPL000932,UAM0007,a4,4,4,1.0,VP017,수서,VP001,여의도,13,G5,F1,G4,F2,13:43:59,13:57:30,14:11:24,14:16:08,14:26:08,810.58,834.5,283.2,1928.28,921.68,0.0,ready,13:57:13,851.3,17,"[""수서 F1"", ""개포3동"", ""잠실7동"", ""지점 3"", ""청담대교 중간지점"", ""지점 2"", ""성수대교 남단"", ""신사동"", ""신사동 2"", ""잠원동 2"", ""반포동"", ""이촌동"", ""이촌동 2"", ""이촌2동"", ""여의동 2"", ""지점 32"", ""여의도 F2""]"
7b768b2566f7,2026-10-10,FPL000933,UAM0076,a4,4,4,1.0,VP016,망우,VP003,상암,13,G4,F1,G3,F2,13:41:51,13:46:51,14:02:50,14:07:33,14:17:33,300.0,959.1,283.2,1542.3,232.6,0.0,ready,13:46:34,975.9,22,"[""망우 F1"", ""중랑철교"", ""중랑천 제방길"", ""지점"", ""중곡1동"", ""송정동"", ""지점 12"", ""응봉동"", ""신사동"", ""약수동"", ""지점 39"", ""후암동"", ""회현동2가"", ""남영동"", ""충정로3가"", ""아현동"", ""대현동"", ""20통"", ""동교동"", ""서교동"", ""합정동"", ""상암 F2""]"
7b768b2566f7,2026-10-10,FPL000934,UAM0094,a4,4,4,1.0,VP008,사당,VP018,인천,13,G3,F1,G7,F2,13:38:35,13:50:39,14:14:17,14:19:00,14:29:00,724.04,1417.9,283.2,2425.14,424.04,0.0,ready,13:50:22,1434.7,22,"[""사당 F1"", ""인헌동"", ""행운동"", ""봉천동"", ""은천동"", ""신림동"", ""신림동 2"", ""신사동 3"", ""지점 9"", ""가산동"", ""지점 17"", ""지점 31"", ""지점 30"", ""지점 29"", ""지점 37"", ""간석3동"", ""지점 28"", ""지점 27"", ""지점 26"", ""영종동"", ""운북동"", ""인천 F2""]"
7b768b2566f7,2026-10-10,FPL000935,UAM0056,a4,4,4,1.0,VP007,봉천,VP011,천호,13,G1,F1,G4,F2,13:39:11,13:49:03,14:23:24,14:34:36,14:44:36,592.08,2061.28,672.0,3325.36,278.0,1560.72,ready,13:48:46,2078.08,22,"[""봉천 F1"", ""봉천동"", ""행운동"", ""인헌동"", ""남현동"", ""방배2동"", ""방배동"", ""지점 19"", ""경부고속도로 양재천 다리"", ""양재동"", ""지점 10"", ""지점 8"", ""지점 7"", ""지점 6"", ""대치교"", ""잠실7동"", ""지점 3"", ""자양2동"", ""잠실대교 중간지점"", ""지점 4"", ""천호대교 중간지점"", ""천호 F2""]"
7b768b2566f7,2026-10-10,FPL000936,UAM0098,a4,4,4,1.0,VP013,강남,VP002,잠실,13,G3,F1,G4,F2,13:46:51,14:16:20,14:37:22,14:48:24,14:58:24,1769.28,1261.38,662.4,3693.06,1892.4,1020.1,ready,14:16:03,1278.18,12,"[""강남 F1"", ""서초2동 2"", ""지점 21"", ""경부고속도로 양재천 다리"", ""양재동"", ""지점 10"", ""지점 8"", ""지점 7"", ""지점 6"", ""대치교"", ""잠실7동"", ""잠실 F2""]"
7b768b2566f7,2026-10-10,FPL000937,UAM0006,a4,4,4,1.0,VP009,성수,VP002,잠실,13,G4,F1,G6,F2,13:39:22,13:46:30,14:02:36,14:07:20,14:17:20,427.98,966.44,283.2,1677.62,127.98,591.14,ready,13:46:13,983.24,5,"[""성수 F1"", ""지점 2"", ""청담대교 중간지점"", ""지점 3"", ""잠실 F2""]"
7b768b2566f7,2026-10-10,FPL000938,UAM0066,a4,4,4,1.0,VP015,마곡,VP009,성수,13,G7,F1,G2,F2,13:44:04,13:50:05,14:11:55,14:16:53,14:26:53,361.02,1310.16,297.28,1968.46,280.4,226.06,ready,13:49:49,1326.96,22,"[""마곡 F1"", ""하야동 2"", ""개화동"", ""덕은동"", ""상암동"", ""성산대교 중간지점"", ""선유도 17고지"", ""합정동"", ""서교동"", ""동교동"", ""20통"", ""대현동"", ""아현동"", ""충정로3가"", ""남영동"", ""회현동2가"", ""후암동"", ""지점 39"", ""약수동"", ""신사동"", ""성수대교 남단"", ""성수 F2""]"
7b768b2566f7,2026-10-10,FPL000939,UAM0089,a4,4,4,1.0,VP011,천호,VP015,마곡,13,G2,F1,G7,F2,14:08:11,14:21:44,14:43:20,14:48:03,14:58:03,813.28,1295.8,283.2,2392.28,2119.76,0.0,ready,14:21:28,1312.6,28,"[""천호 F1"", ""천호대교 중간지점"", ""지점 4"", ""잠실대교 중간지점"", ""자양2동"", ""청담대교 중간지점"", ""지점 2"", ""성수대교 남단"", ""신사동"", ""약수동"", ""지점 39"", ""후암동"", ""회현동2가"", ""남영동"", ""충정로3가"", ""아현동"", ""대현동"", ""20통"", ""동교동"", ""서교동"", ""합정동"", ""선유도 17고지"", ""성산대교 중간지점"", ""상암동"", ""덕은동"", ""개화동"", ""하야동 2"", ""마곡 F2""]"
7b768b2566f7,2026-10-10,FPL000940,UAM0019,a4,4,4,1.0,VP006,미아,VP011,천호,13,G4,F1,G6,F2,13:40:43,13:49:50,14:18:03,14:29:01,14:39:01,546.16,1693.68,657.92,2897.76,246.16,1329.12,ready,13:49:33,1710.48,15,"[""미아 F1"", ""월계동"", ""월계3동"", ""공릉1동 2"", ""월릉교"", ""중화동"", ""중랑철교"", ""중랑천 제방길"", ""지점"", ""중곡1동"", ""능동"", ""구의동"", ""아차산 고가차도"", ""천호대교 중간지점"", ""천호 F2""]"
7b768b2566f7,2026-10-10,FPL000941,UAM0016,a4,4,4,1.0,VP016,망우,VP015,마곡,13,G1,F1,G8,F2,13:42:33,13:52:11,14:14:43,14:19:27,14:29:27,578.52,1352.3,283.2,2214.02,264.44,0.0,ready,13:51:54,1369.1,28,"[""망우 F1"", ""중랑철교"", ""중랑천 제방길"", ""지점"", ""중곡1동"", ""송정동"", ""지점 12"", ""응봉동"", ""신사동"", ""약수동"", ""지점 39"", ""후암동"", ""회현동2가"", ""남영동"", ""충정로3가"", ""아현동"", ""대현동"", ""20통"", ""동교동"", ""서교동"", ""합정동"", ""선유도 17고지"", ""성산대교 중간지점"", ""상암동"", ""덕은동"", ""개화동"", ""하야동 2"", ""마곡 F2""]"
7b768b2566f7,2026-10-10,FPL000942,UAM0026,a4,4,4,1.0,VP017,수서,VP011,천호,13,G4,F1,G1,F2,13:44:13,14:02:50,15:22:11,15:33:37,15:43:37,1117.14,4760.46,686.08,6563.68,893.52,4588.2,ready,14:02:34,4777.26,9,"[""수서 F1"", ""개포3동"", ""잠실7동"", ""지점 3"", ""자양2동"", ""잠실대교 중간지점"", ""지점 4"", ""천호대교 중간지점"", ""천호 F2""]"
7b768b2566f7,2026-10-10,FPL000943,UAM0014,a4,4,4,1.0,VP007,봉천,VP018,인천,13,G2,F1,G8,F2,13:47:08,13:54:23,14:18:37,14:23:21,14:33:21,435.58,1454.04,283.2,2172.82,338.0,97.14,ready,13:54:06,1470.84,18,"[""봉천 F1"", ""신림동"", ""신림동 2"", ""신사동 3"", ""지점 9"", ""가산동"", ""지점 17"", ""지점 31"", ""지점 30"", ""지점 29"", ""지점 37"", ""간석3동"", ""지점 28"", ""지점 27"", ""지점 26"", ""영종동"", ""운북동"", ""인천 F2""]"
7b768b2566f7,2026-10-10,FPL000944,UAM0013,a4,4,4,1.0,VP013,강남,VP012,광화문,13,G4,F1,G3,F2,14:02:25,14:21:41,14:30:39,14:35:22,14:45:22,1156.16,537.8,283.2,1977.16,1952.4,0.0,ready,14:21:24,554.6,12,"[""강남 F1"", ""반포1동"", ""주흥교"", ""잠원동"", ""잠원동 2"", ""신사동 2"", ""신사동"", ""약수동"", ""지점 39"", ""후암동"", ""회현동2가"", ""광화문 F2""]"
7b768b2566f7,2026-10-10,FPL000945,UAM0068,a4,4,4,1.0,VP006,미아,VP015,마곡,13,G1,F1,G5,F2,13:45:18,13:55:10,14:20:47,14:25:45,14:35:45,592.08,1537.0,297.28,2426.36,278.0,0.0,ready,13:54:53,1553.8,33,"[""미아 F1"", ""월계동"", ""월계3동"", ""공릉1동 2"", ""월릉교"", ""중화동"", ""중랑철교"", ""중랑천 제방길"", ""지점"", ""중곡1동"", ""송정동"", ""지점 12"", ""응봉동"", ""신사동"", ""약수동"", ""지점 39"", ""후암동"", ""회현동2가"", ""남영동"", ""충정로3가"", ""아현동"", ""대현동"", ""20통"", ""동교동"", ""서교동"", ""합정동"", ""선유도 17고지"", ""성산대교 중간지점"", ""상암동"", ""덕은동"", ""개화동"", ""하야동 2"", ""마곡 F2""]"
7b768b2566f7,2026-10-10,FPL000946,UAM0070,a4,4,4,1.0,VP011,천호,VP018,인천,13,G8,F1,G8,F2,14:12:49,14:27:05,15:07:55,15:12:38,15:22:38,855.52,2449.92,283.2,3588.64,2204.24,481.92,ready,14:26:48,2466.72,36,"[""천호 F1"", ""천호대교 중간지점"", ""지점 4"", ""잠실대교 중간지점"", ""자양2동"", ""청담대교 중간지점"", ""지점 2"", ""성수대교 남단"", ""신사동"", ""약수동"", ""지점 39"", ""후암동"", ""회현동2가"", ""남영동"", ""충정로3가"", ""아현동"", ""대현동"", ""20통"", ""동교동"", ""서교동"", ""합정동"", ""선유도 17고지"", ""성산대교 중간지점"", ""상암동"", ""덕은동"", ""개화동"", ""하야동 2"", ""하야동"", ""선주지동"", ""목상동"", ""시천동 아라로"", ""지점 22"", ""영종대교"", ""영종동"", ""운북동"", ""인천 F2""]"
7b768b2566f7,2026-10-10,FPL000947,UAM0082,a4,4,4,1.0,VP002,잠실,VP011,천호,13,G5,F1,G3,F2,13:58:43,14:03:43,15:11:30,15:22:42,15:32:42,300.0,4067.06,672.0,5039.06,791.1,3985.1,ready,14:03:26,4083.86,7,"[""잠실 F1"", ""지점 3"", ""자양2동"", ""잠실대교 중간지점"", ""지점 4"", ""천호대교 중간지점"", ""천호 F2""]"
7b768b2566f7,2026-10-10,FPL000948,UAM0025,a4,4,4,1.0,VP017,수서,VP011,천호,13,G1,F1,G5,F2,13:45:42,14:08:11,15:38:13,15:49:11,15:59:11,1349.22,5401.74,657.92,7408.88,1021.06,5229.48,ready,14:07:54,5418.54,9,"[""수서 F1"", ""개포3동"", ""잠실7동"", ""지점 3"", ""자양2동"", ""잠실대교 중간지점"", ""지점 4"", ""천호대교 중간지점"", ""천호 F2""]"
7b768b2566f7,2026-10-10,FPL000949,UAM0078,a4,4,4,1.0,VP015,마곡,VP002,잠실,13,G8,F1,G6,F2,13:45:46,13:55:26,14:28:40,14:33:23,14:43:23,580.4,1994.34,283.2,2857.94,280.4,808.74,ready,13:55:09,2011.14,25,"[""마곡 F1"", ""하야동 2"", ""개화동"", ""덕은동"", ""상암동"", ""성산대교 중간지점"", ""선유도 17고지"", ""합정동"", ""서교동"", ""동교동"", ""20통"", ""대현동"", ""아현동"", ""충정로3가"", ""남영동"", ""회현동2가"", ""후암동"", ""지점 39"", ""약수동"", ""신사동"", ""성수대교 남단"", ""지점 2"", ""청담대교 중간지점"", ""지점 3"", ""잠실 F2""]"
7b768b2566f7,2026-10-10,FPL000950,UAM0020,a4,4,4,1.0,VP014,가산,VP012,광화문,13,G5,F1,G3,F2,13:46:58,13:51:58,14:05:22,14:10:05,14:20:05,300.0,804.1,283.2,1387.3,0,0.0,ready,13:51:41,820.9,16,"[""가산 F1"", ""구로동"", ""신정6동"", ""신도림동 2"", ""문래동5가"", ""신도림동"", ""영등포"", ""지점 13"", ""지점 14"", ""이촌2동"", ""한강로3가"", ""한강로2가"", ""한강로1가"", ""청파동1가"", ""남영동"", ""광화문 F2""]"
7b768b2566f7,2026-10-10,FPL000951,UAM0061,a4,4,4,1.0,VP016,망우,VP009,성수,13,G3,F1,G1,F2,13:47:26,13:57:32,14:07:35,14:12:32,14:22:32,606.16,603.0,297.28,1506.44,306.16,0.0,ready,13:57:15,619.8,10,"[""망우 F1"", ""중랑철교"", ""중랑천 제방길"", ""지점"", ""중곡1동"", ""송정동"", ""건대입구"", ""청담대교 중간지점"", ""지점 2"", ""성수 F2""]"
7b768b2566f7,2026-10-10,FPL000952,UAM0075,a4,4,4,1.0,VP007,봉천,VP009,성수,13,G3,F1,G3,F2,13:47:42,13:59:44,14:16:16,14:20:59,14:30:59,722.14,992.2,283.2,1997.54,426.16,349.2,ready,13:59:27,1009.0,18,"[""봉천 F1"", ""봉천동"", ""행운동"", ""인헌동"", ""남현동"", ""방배2동"", ""사당1동"", ""사당1동 2"", ""방배4동"", ""동작동"", ""동작동 2"", ""이촌동"", ""반포동"", ""잠원동 2"", ""신사동 2"", ""신사동"", ""성수대교 남단"", ""성수 F2""]"
7b768b2566f7,2026-10-10,FPL000953,UAM0060,a4,4,4,1.0,VP018,인천,VP006,미아,13,G7,F1,G4,F2,13:47:51,13:52:51,14:31:55,14:36:38,14:46:38,300.0,2343.92,283.2,2927.12,0,126.52,ready,13:52:34,2360.72,41,"[""인천 F1"", ""운북동"", ""영종동"", ""영종대교"", ""지점 22"", ""시천동 아라로"", ""목상동"", ""선주지동"", ""하야동"", ""하야동 2"", ""개화동"", ""덕은동"", ""상암동"", ""성산대교 중간지점"", ""선유도 17고지"", ""합정동"", ""서교동"", ""동교동"", ""20통"", ""대현동"", ""아현동"", ""충정로3가"", ""남영동"", ""회현동2가"", ""후암동"", ""지점 39"", ""약수동"", ""신사동"", ""응봉동"", ""지점 12"", ""송정동"", ""중곡1동"", ""지점"", ""중랑천 제방길"", ""중랑철교"", ""중화동"", ""월릉교"", ""공릉1동 2"", ""월계3동"", ""월계동"", ""미아 F2""]"
7b768b2566f7,2026-10-10,FPL000954,UAM0047,a4,4,4,1.0,VP001,여의도,VP012,광화문,13,G3,F1,G4,F2,13:57:40,14:02:40,14:12:15,14:16:59,14:26:59,300.0,575.7,283.2,1158.9,536.72,0.0,ready,14:02:23,592.5,10,"[""여의도 F1"", ""지점 32"", ""여의동 2"", ""이촌2동"", ""한강로3가"", ""한강로2가"", ""한강로1가"", ""청파동1가"", ""남영동"", ""광화문 F2""]"
7b768b2566f7,2026-10-10,FPL000955,UAM0009,a4,4,4,1.0,VP010,연신내,VP017,수서,13,G5,F1,G5,F2,13:49:25,13:54:25,14:15:15,14:19:58,14:29:58,300.0,1249.6,283.2,1832.8,0,0.0,ready,13:54:08,1266.4,29,"[""연신내 F1"", ""지점 23"", ""향동동"", ""지점 24"", ""수색교"", ""지점 25"", ""상암동"", ""성산대교 중간지점"", ""선유도 17고지"", ""합정동"", ""서교동"", ""동교동"", ""20통"", ""대현동"", ""아현동"", ""충정로3가"", ""남영동"", ""회현동2가"", ""후암동"", ""지점 39"", ""약수동"", ""신사동"", ""성수대교 남단"", ""지점 2"", ""청담대교 중간지점"", ""지점 3"", ""잠실7동"", ""개포3동"", ""수서 F2""]"
7b768b2566f7,2026-10-10,FPL000956,UAM0053,a4,4,4,1.0,VP006,미아,VP018,인천,13,G2,F1,G8,F2,13:49:39,14:00:31,14:37:30,14:42:14,14:52:14,652.08,2219.52,283.2,3154.8,338.0,10.62,ready,14:00:14,2236.32,41,"[""미아 F1"", ""월계동"", ""월계3동"", ""공릉1동 2"", ""월릉교"", ""중화동"", ""중랑철교"", ""중랑천 제방길"", ""지점"", ""중곡1동"", ""송정동"", ""지점 12"", ""응봉동"", ""신사동"", ""약수동"", ""지점 39"", ""후암동"", ""회현동2가"", ""남영동"", ""충정로3가"", ""아현동"", ""대현동"", ""20통"", ""동교동"", ""서교동"", ""합정동"", ""선유도 17고지"", ""성산대교 중간지점"", ""상암동"", ""덕은동"", ""개화동"", ""하야동 2"", ""하야동"", ""선주지동"", ""목상동"", ""시천동 아라로"", ""지점 22"", ""영종대교"", ""영종동"", ""운북동"", ""인천 F2""]"
7b768b2566f7,2026-10-10,FPL000957,UAM0022,a4,4,4,1.0,VP002,잠실,VP010,연신내,13,G6,F1,G6,F2,14:03:03,14:09:03,14:28:34,14:33:17,14:43:17,360.0,1170.6,283.2,1813.8,791.1,0.0,ready,14:08:46,1187.4,27,"[""잠실 F1"", ""지점 3"", ""청담대교 중간지점"", ""지점 2"", ""성수대교 남단"", ""신사동"", ""약수동"", ""지점 39"", ""후암동"", ""회현동2가"", ""남영동"", ""충정로3가"", ""아현동"", ""대현동"", ""20통"", ""동교동"", ""서교동"", ""합정동"", ""선유도 17고지"", ""성산대교 중간지점"", ""상암동"", ""지점 25"", ""수색교"", ""지점 24"", ""향동동"", ""지점 23"", ""연신내 F2""]"
7b768b2566f7,2026-10-10,FPL000958,UAM0067,a4,4,4,1.0,VP011,천호,VP014,가산,13,G5,F1,G5,F2,14:13:04,14:32:26,14:50:39,14:55:23,15:05:23,1162.08,1093.9,283.2,2539.18,2176.08,0.0,ready,14:32:09,1110.7,24,"[""천호 F1"", ""천호대교 중간지점"", ""지점 4"", ""잠실대교 중간지점"", ""자양2동"", ""청담대교 중간지점"", ""지점 2"", ""성수대교 남단"", ""신사동"", ""신사동 2"", ""잠원동 2"", ""반포동"", ""이촌동"", ""이촌동 2"", ""이촌2동"", ""지점 14"", ""지점 13"", ""영등포"", ""신도림동"", ""문래동5가"", ""신도림동 2"", ""신정6동"", ""구로동"", ""가산 F2""]"
7b768b2566f7,2026-10-10,FPL000959,UAM0035,a4,4,4,1.0,VP012,광화문,VP017,수서,13,G3,F1,G6,F2,13:51:38,13:56:38,14:07:09,14:11:52,14:21:52,300.0,631.3,283.2,1214.5,0,0.0,ready,13:56:21,648.1,13,"[""광화문 F1"", ""회현동2가"", ""후암동"", ""지점 39"", ""약수동"", ""신사동"", ""성수대교 남단"", ""지점 2"", ""청담대교 중간지점"", ""지점 3"", ""잠실7동"", ""개포3동"", ""수서 F2""]"
7b768b2566f7,2026-10-10,FPL000960,UAM0028,a4,4,4,1.0,VP016,망우,VP015,마곡,13,G2,F1,G7,F2,13:58:07,14:03:21,14:25:53,14:30:36,14:40:36,314.08,1352.3,283.2,1949.58,366.16,0.0,ready,14:03:04,1369.1,28,"[""망우 F1"", ""중랑철교"", ""중랑천 제방길"", ""지점"", ""중곡1동"", ""송정동"", ""지점 12"", ""응봉동"", ""신사동"", ""약수동"", ""지점 39"", ""후암동"", ""회현동2가"", ""남영동"", ""충정로3가"", ""아현동"", ""대현동"", ""20통"", ""동교동"", ""서교동"", ""합정동"", ""선유도 17고지"", ""성산대교 중간지점"", ""상암동"", ""덕은동"", ""개화동"", ""하야동 2"", ""마곡 F2""]"
7b768b2566f7,2026-10-10,FPL000961,UAM0008,a4,4,4,1.0,VP007,봉천,VP013,강남,13,G4,F1,G5,F2,13:57:12,14:05:05,14:25:41,14:34:18,14:44:18,472.72,1236.52,517.28,2226.52,455.82,859.82,ready,14:04:48,1253.32,12,"[""봉천 F1"", ""봉천동"", ""행운동"", ""인헌동"", ""남현동"", ""방배2동"", ""방배동"", ""지점 19"", ""경부고속도로 양재천 다리"", ""지점 21"", ""서초2동 2"", ""강남 F2""]"
7b768b2566f7,2026-10-10,FPL000962,UAM0077,a4,4,4,1.0,VP017,수서,VP006,미아,13,G6,F1,G3,F2,13:59:16,14:13:32,14:27:34,14:32:18,14:42:18,855.52,842.7,283.2,1981.42,921.68,0.0,ready,14:13:15,859.5,17,"[""수서 F1"", ""개포3동"", ""잠실7동"", ""지점 3"", ""청담대교 중간지점"", ""건대입구"", ""송정동"", ""중곡1동"", ""지점"", ""중랑천 제방길"", ""중랑철교"", ""중화동"", ""월릉교"", ""공릉1동 2"", ""월계3동"", ""월계동"", ""미아 F2""]"
7b768b2566f7,2026-10-10,FPL000963,UAM0074,a4,4,4,1.0,VP017,수서,VP006,미아,13,G3,F1,G1,F2,13:54:09,14:18:52,14:36:16,14:41:13,14:51:13,1483.3,1043.34,297.28,2823.92,1169.22,200.64,ready,14:18:36,1060.14,17,"[""수서 F1"", ""개포3동"", ""잠실7동"", ""지점 3"", ""청담대교 중간지점"", ""건대입구"", ""송정동"", ""중곡1동"", ""지점"", ""중랑천 제방길"", ""중랑철교"", ""중화동"", ""월릉교"", ""공릉1동 2"", ""월계3동"", ""월계동"", ""미아 F2""]"
7b768b2566f7,2026-10-10,FPL000964,UAM0041,a4,4,4,1.0,VP015,마곡,VP018,인천,13,G5,F1,G5,F2,13:54:14,14:00:47,14:22:58,14:27:55,14:37:55,392.46,1331.36,297.28,2021.1,78.38,252.06,ready,14:00:30,1348.16,10,"[""마곡 F1"", ""하야동"", ""선주지동"", ""목상동"", ""시천동 아라로"", ""지점 22"", ""영종대교"", ""영종동"", ""운북동"", ""인천 F2""]"
7b768b2566f7,2026-10-10,FPL000965,UAM0005,a4,4,4,1.0,VP008,사당,VP014,가산,13,G3,F1,G5,F2,13:55:16,14:00:16,14:10:18,14:15:01,14:25:01,300.0,602.2,283.2,1185.4,0,0.0,ready,13:59:59,619.0,11,"[""사당 F1"", ""인헌동"", ""행운동"", ""봉천동"", ""은천동"", ""신림동"", ""신림동 2"", ""신사동 3"", ""지점 9"", ""가산동"", ""가산 F2""]"
7b768b2566f7,2026-10-10,FPL000966,UAM0052,a4,4,4,1.0,VP002,잠실,VP016,망우,13,G3,F1,G3,F2,13:58:57,14:14:24,14:26:30,14:31:13,14:41:13,927.2,726.22,283.2,1936.62,799.28,103.72,ready,14:14:07,743.02,11,"[""잠실 F1"", ""지점 3"", ""청담대교 중간지점"", ""건대입구"", ""송정동"", ""중곡1동"", ""지점"", ""중랑천 제방길"", ""중랑철교"", ""중화동"", ""망우 F2""]"
7b768b2566f7,2026-10-10,FPL000967,UAM0084,a4,4,4,1.0,VP012,광화문,VP013,강남,13,G4,F1,G8,F2,13:55:58,14:01:58,14:21:20,14:28:44,14:38:44,360.0,1161.96,443.2,1965.16,60.0,781.36,ready,14:01:42,1178.76,12,"[""광화문 F1"", ""회현동2가"", ""후암동"", ""지점 39"", ""약수동"", ""신사동"", ""신사동 2"", ""잠원동 2"", ""잠원동"", ""주흥교"", ""반포1동"", ""강남 F2""]"
7b768b2566f7,2026-10-10,FPL000968,UAM0039,a4,4,4,1.0,VP013,강남,VP015,마곡,13,G7,F1,G6,F2,14:17:27,14:27:01,14:47:41,14:52:38,15:02:38,574.88,1239.28,297.28,2111.44,1562.96,178.08,ready,14:26:45,1256.08,20,"[""강남 F1"", ""반포1동"", ""주흥교"", ""잠원동"", ""잠원동 2"", ""반포동"", ""이촌동"", ""이촌동 2"", ""이촌2동"", ""여의동 2"", ""지점 32"", ""서강대교 중간지점"", ""지점 5"", ""선유도 17고지"", ""성산대교 중간지점"", ""상암동"", ""덕은동"", ""개화동"", ""하야동 2"", ""마곡 F2""]"
7b768b2566f7,2026-10-10,FPL000969,UAM0027,a4,4,4,1.0,VP016,망우,VP011,천호,13,G4,F1,G4,F2,13:58:41,14:08:41,15:48:54,16:00:06,16:10:06,600.64,6012.88,672.0,7285.52,450.12,5833.22,ready,14:08:24,6029.68,10,"[""망우 F1"", ""중랑철교"", ""중랑천 제방길"", ""지점"", ""중곡1동"", ""능동"", ""구의동"", ""아차산 고가차도"", ""천호대교 중간지점"", ""천호 F2""]"
7b768b2566f7,2026-10-10,FPL000970,UAM0031,a4,4,4,1.0,VP013,강남,VP015,마곡,13,G1,F1,G4,F2,14:18:09,14:32:22,15:00:43,15:05:54,15:15:54,853.28,1700.56,311.36,2865.2,1779.12,639.36,ready,14:32:05,1717.36,20,"[""강남 F1"", ""반포1동"", ""주흥교"", ""잠원동"", ""잠원동 2"", ""반포동"", ""이촌동"", ""이촌동 2"", ""이촌2동"", ""여의동 2"", ""지점 32"", ""서강대교 중간지점"", ""지점 5"", ""선유도 17고지"", ""성산대교 중간지점"", ""상암동"", ""덕은동"", ""개화동"", ""하야동 2"", ""마곡 F2""]"
7b768b2566f7,2026-10-10,FPL000971,UAM0088,a4,4,4,1.0,VP007,봉천,VP011,천호,13,G1,F1,G8,F2,13:57:26,14:10:25,14:50:07,15:00:51,15:10:51,779.28,2381.92,643.84,3805.04,487.66,1881.36,ready,14:10:08,2398.72,22,"[""봉천 F1"", ""봉천동"", ""행운동"", ""인헌동"", ""남현동"", ""방배2동"", ""방배동"", ""지점 19"", ""경부고속도로 양재천 다리"", ""양재동"", ""지점 10"", ""지점 8"", ""지점 7"", ""지점 6"", ""대치교"", ""잠실7동"", ""지점 3"", ""자양2동"", ""잠실대교 중간지점"", ""지점 4"", ""천호대교 중간지점"", ""천호 F2""]"
7b768b2566f7,2026-10-10,FPL000972,UAM0055,a4,4,4,1.0,VP001,여의도,VP010,연신내,13,G4,F1,G5,F2,14:02:00,14:08:00,14:19:18,14:24:01,14:34:01,360.0,677.7,283.2,1320.9,246.16,0.0,ready,14:07:44,694.5,11,"[""여의도 F1"", ""지점 11"", ""선유도 17고지"", ""성산대교 중간지점"", ""상암동"", ""지점 25"", ""수색교"", ""지점 24"", ""향동동"", ""지점 23"", ""연신내 F2""]"
7b768b2566f7,2026-10-10,FPL000973,UAM0087,a4,4,4,1.0,VP004,용산,VP016,망우,13,G3,F1,G4,F2,14:02:15,14:07:15,14:22:09,14:26:53,14:36:53,300.0,894.8,283.2,1478.0,178.3,0.0,ready,14:06:58,911.6,19,"[""용산 F1"", ""한강로2가"", ""한강로1가"", ""청파동1가"", ""남영동"", ""회현동2가"", ""후암동"", ""지점 39"", ""약수동"", ""신사동"", ""응봉동"", ""지점 12"", ""송정동"", ""중곡1동"", ""지점"", ""중랑천 제방길"", ""중랑철교"", ""중화동"", ""망우 F2""]"
7b768b2566f7,2026-10-10,FPL000974,UAM0072,a4,4,4,1.0,VP002,잠실,VP007,봉천,14,G4,F1,G4,F2,14:11:59,14:19:45,14:30:39,14:35:22,14:45:22,465.92,654.1,283.2,1403.22,859.28,0.0,ready,14:19:28,670.9,17,"[""잠실 F1"", ""잠실7동"", ""대치교"", ""지점 6"", ""지점 7"", ""지점 8"", ""지점 10"", ""양재동"", ""경부고속도로 양재천 다리"", ""지점 19"", ""방배동"", ""방배2동"", ""남현동"", ""인헌동"", ""행운동"", ""봉천동"", ""봉천 F2""]"
7b768b2566f7,2026-10-10,FPL000975,UAM0057,a4,4,4,1.0,VP006,미아,VP011,천호,14,G3,F1,G1,F2,14:01:33,14:06:33,14:39:26,14:50:52,15:00:52,300.0,1972.52,686.08,2958.6,0,1607.96,ready,14:06:17,1989.32,15,"[""미아 F1"", ""월계동"", ""월계3동"", ""공릉1동 2"", ""월릉교"", ""중화동"", ""중랑철교"", ""중랑천 제방길"", ""지점"", ""중곡1동"", ""능동"", ""구의동"", ""아차산 고가차도"", ""천호대교 중간지점"", ""천호 F2""]"
7b768b2566f7,2026-10-10,FPL000976,UAM0093,a4,4,4,1.0,VP011,천호,VP018,인천,14,G6,F1,G5,F2,14:23:45,14:37:46,15:12:16,15:26:59,15:36:59,841.44,2069.28,883.68,3794.4,1855.44,687.68,ready,14:37:29,2086.08,36,"[""천호 F1"", ""천호대교 중간지점"", ""지점 4"", ""잠실대교 중간지점"", ""자양2동"", ""청담대교 중간지점"", ""지점 2"", ""성수대교 남단"", ""신사동"", ""약수동"", ""지점 39"", ""후암동"", ""회현동2가"", ""남영동"", ""충정로3가"", ""아현동"", ""대현동"", ""20통"", ""동교동"", ""서교동"", ""합정동"", ""선유도 17고지"", ""성산대교 중간지점"", ""상암동"", ""덕은동"", ""개화동"", ""하야동 2"", ""하야동"", ""선주지동"", ""목상동"", ""시천동 아라로"", ""지점 22"", ""영종대교"", ""영종동"", ""운북동"", ""인천 F2""]"
7b768b2566f7,2026-10-10,FPL000977,UAM0040,a4,4,4,1.0,VP011,천호,VP017,수서,14,G4,F1,G6,F2,14:13:18,14:43:07,14:52:01,14:56:44,15:06:44,1789.28,534.4,283.2,2606.88,2127.92,0.0,ready,14:42:50,551.2,9,"[""천호 F1"", ""천호대교 중간지점"", ""지점 4"", ""잠실대교 중간지점"", ""자양2동"", ""지점 3"", ""잠실7동"", ""개포3동"", ""수서 F2""]"
7b768b2566f7,2026-10-10,FPL000978,UAM0029,a4,4,4,1.0,VP007,봉천,VP018,인천,14,G3,F1,G5,F2,14:02:47,14:15:46,14:41:51,14:46:48,14:56:48,778.88,1565.2,297.28,2641.36,478.88,208.3,ready,14:15:29,1582.0,18,"[""봉천 F1"", ""신림동"", ""신림동 2"", ""신사동 3"", ""지점 9"", ""가산동"", ""지점 17"", ""지점 31"", ""지점 30"", ""지점 29"", ""지점 37"", ""간석3동"", ""지점 28"", ""지점 27"", ""지점 26"", ""영종동"", ""운북동"", ""인천 F2""]"
7b768b2566f7,2026-10-10,FPL000979,UAM0046,a4,4,4,1.0,VP016,망우,VP011,천호,14,G3,F1,G7,F2,14:03:28,14:14:02,16:42:21,16:53:04,17:03:04,634.32,8898.64,643.84,10176.8,334.32,8718.98,ready,14:13:45,8915.44,10,"[""망우 F1"", ""중랑철교"", ""중랑천 제방길"", ""지점"", ""중곡1동"", ""능동"", ""구의동"", ""아차산 고가차도"", ""천호대교 중간지점"", ""천호 F2""]"
7b768b2566f7,2026-10-10,FPL000980,UAM0097,a4,4,4,1.0,VP001,여의도,VP007,봉천,14,G1,F1,G3,F2,14:03:29,14:13:21,14:22:16,14:26:59,14:36:59,592.08,535.0,283.2,1410.28,278.0,0.0,ready,14:13:04,551.8,5,"[""여의도 F1"", ""영등포"", ""신림동 2"", ""신림동"", ""봉천 F2""]"
7b768b2566f7,2026-10-10,FPL000981,UAM0050,a4,4,4,1.0,VP015,마곡,VP014,가산,14,G7,F1,G3,F2,14:04:39,14:09:39,14:23:21,14:28:18,14:38:18,300.0,821.7,297.28,1418.98,0,0.0,ready,14:09:22,838.5,12,"[""마곡 F1"", ""하야동 2"", ""개화동"", ""덕은동"", ""상암동"", ""지점 18"", ""양평동"", ""목1동"", ""신도림동 2"", ""신정6동"", ""구로동"", ""가산 F2""]"
7b768b2566f7,2026-10-10,FPL000982,UAM0030,a4,4,4,1.0,VP002,잠실,VP001,여의도,14,G1,F1,G4,F2,14:04:46,14:25:05,14:37:40,14:42:23,14:52:23,1219.28,754.4,283.2,2256.88,891.12,0.0,ready,14:24:48,771.2,15,"[""잠실 F1"", ""지점 3"", ""청담대교 중간지점"", ""지점 2"", ""성수대교 남단"", ""신사동"", ""신사동 2"", ""잠원동 2"", ""반포동"", ""이촌동"", ""이촌동 2"", ""이촌2동"", ""여의동 2"", ""지점 32"", ""여의도 F2""]"
7b768b2566f7,2026-10-10,FPL000983,UAM0064,a4,4,4,1.0,VP006,미아,VP014,가산,14,G4,F1,G4,F2,14:05:54,14:11:54,14:36:22,14:41:20,14:51:20,360.0,1468.52,297.28,2125.8,60.0,154.82,ready,14:11:37,1485.32,29,"[""미아 F1"", ""월계동"", ""월계3동"", ""공릉1동 2"", ""월릉교"", ""중화동"", ""중랑철교"", ""중랑천 제방길"", ""지점"", ""중곡1동"", ""송정동"", ""지점 12"", ""응봉동"", ""신사동"", ""신사동 2"", ""잠원동 2"", ""반포동"", ""이촌동"", ""이촌동 2"", ""이촌2동"", ""지점 14"", ""지점 13"", ""영등포"", ""신도림동"", ""문래동5가"", ""신도림동 2"", ""신정6동"", ""구로동"", ""가산 F2""]"
7b768b2566f7,2026-10-10,FPL000984,UAM0051,a4,4,4,1.0,VP013,강남,VP010,연신내,14,G8,F1,G6,F2,14:23:27,14:37:43,14:55:02,14:59:45,15:09:45,855.52,1039.4,283.2,2178.12,1562.96,0.0,ready,14:37:26,1056.2,22,"[""강남 F1"", ""반포1동"", ""주흥교"", ""잠원동"", ""잠원동 2"", ""반포동"", ""이촌동"", ""이촌동 2"", ""이촌2동"", ""여의동 2"", ""지점 32"", ""서강대교 중간지점"", ""지점 5"", ""선유도 17고지"", ""성산대교 중간지점"", ""상암동"", ""지점 25"", ""수색교"", ""지점 24"", ""향동동"", ""지점 23"", ""연신내 F2""]"
7b768b2566f7,2026-10-10,FPL000985,UAM0045,a4,4,4,1.0,VP011,천호,VP014,가산,14,G3,F1,G5,F2,14:34:40,14:48:28,15:06:41,15:11:25,15:21:25,827.36,1093.9,283.2,2204.46,2147.92,0.0,ready,14:48:11,1110.7,24,"[""천호 F1"", ""천호대교 중간지점"", ""지점 4"", ""잠실대교 중간지점"", ""자양2동"", ""청담대교 중간지점"", ""지점 2"", ""성수대교 남단"", ""신사동"", ""신사동 2"", ""잠원동 2"", ""반포동"", ""이촌동"", ""이촌동 2"", ""이촌2동"", ""지점 14"", ""지점 13"", ""영등포"", ""신도림동"", ""문래동5가"", ""신도림동 2"", ""신정6동"", ""구로동"", ""가산 F2""]"
7b768b2566f7,2026-10-10,FPL000986,UAM0034,a4,4,4,1.0,VP007,봉천,VP002,잠실,14,G2,F1,G1,F2,14:07:22,14:21:06,14:41:42,14:48:58,14:58:58,824.8,1235.74,435.84,2496.38,510.72,696.22,ready,14:20:50,1252.54,17,"[""봉천 F1"", ""봉천동"", ""행운동"", ""인헌동"", ""남현동"", ""방배2동"", ""방배동"", ""지점 19"", ""경부고속도로 양재천 다리"", ""양재동"", ""지점 10"", ""지점 8"", ""지점 7"", ""지점 6"", ""대치교"", ""잠실7동"", ""잠실 F2""]"
7b768b2566f7,2026-10-10,FPL000987,UAM0018,a4,4,4,1.0,VP014,가산,VP011,천호,14,G5,F1,G7,F2,14:07:49,14:12:49,15:16:50,15:27:34,15:37:34,300.0,3841.38,643.84,4785.22,0,3105.02,ready,14:12:32,3858.18,24,"[""가산 F1"", ""구로동"", ""신정6동"", ""신도림동 2"", ""문래동5가"", ""신도림동"", ""영등포"", ""지점 13"", ""지점 14"", ""이촌2동"", ""이촌동 2"", ""이촌동"", ""반포동"", ""잠원동 2"", ""신사동 2"", ""신사동"", ""성수대교 남단"", ""지점 2"", ""청담대교 중간지점"", ""자양2동"", ""잠실대교 중간지점"", ""지점 4"", ""천호대교 중간지점"", ""천호 F2""]"
7b768b2566f7,2026-10-10,FPL000988,UAM0002,a4,4,4,1.0,VP001,여의도,VP018,인천,14,G2,F1,G6,F2,14:07:50,14:18:42,14:46:12,14:51:09,15:01:09,652.08,1649.96,297.28,2599.32,338.0,277.26,ready,14:18:25,1666.76,19,"[""여의도 F1"", ""영등포"", ""신도림동"", ""문래동5가"", ""신도림동 2"", ""신정6동"", ""구로동"", ""지점 17"", ""지점 31"", ""지점 30"", ""지점 29"", ""지점 37"", ""간석3동"", ""지점 28"", ""지점 27"", ""지점 26"", ""영종동"", ""운북동"", ""인천 F2""]"
7b768b2566f7,2026-10-10,FPL000989,UAM0043,a4,4,4,1.0,VP016,망우,VP014,가산,14,G1,F1,G1,F2,14:08:02,14:19:23,14:40:43,14:45:54,14:55:54,680.24,1280.56,311.36,2272.16,366.16,151.76,ready,14:19:06,1297.36,24,"[""망우 F1"", ""중랑철교"", ""중랑천 제방길"", ""지점"", ""중곡1동"", ""송정동"", ""지점 12"", ""응봉동"", ""신사동"", ""신사동 2"", ""잠원동 2"", ""반포동"", ""이촌동"", ""이촌동 2"", ""이촌2동"", ""지점 14"", ""지점 13"", ""영등포"", ""신도림동"", ""문래동5가"", ""신도림동 2"", ""신정6동"", ""구로동"", ""가산 F2""]"
7b768b2566f7,2026-10-10,FPL000990,UAM0071,a4,4,4,1.0,VP002,잠실,VP009,성수,14,G2,F1,G3,F2,14:20:54,14:30:26,14:36:40,14:41:23,14:51:23,571.84,374.2,283.2,1229.24,951.12,0.0,ready,14:30:09,391.0,5,"[""잠실 F1"", ""지점 3"", ""청담대교 중간지점"", ""지점 2"", ""성수 F2""]"
7b768b2566f7,2026-10-10,FPL000991,UAM0017,a4,4,4,1.0,VP017,수서,VP016,망우,14,G5,F1,G1,F2,14:11:57,14:24:13,14:35:56,14:40:53,14:50:53,736.48,703.0,297.28,1736.76,601.04,0.0,ready,14:23:56,719.8,13,"[""수서 F1"", ""개포3동"", ""잠실7동"", ""지점 3"", ""청담대교 중간지점"", ""건대입구"", ""송정동"", ""중곡1동"", ""지점"", ""중랑천 제방길"", ""중랑철교"", ""중화동"", ""망우 F2""]"
7b768b2566f7,2026-10-10,FPL000992,UAM0090,a4,4,4,1.0,VP015,마곡,VP014,가산,14,G8,F1,G6,F2,14:12:06,14:17:06,14:32:02,14:36:45,14:46:45,300.0,896.2,283.2,1479.4,111.04,74.5,ready,14:16:49,913.0,12,"[""마곡 F1"", ""하야동 2"", ""개화동"", ""덕은동"", ""상암동"", ""지점 18"", ""양평동"", ""목1동"", ""신도림동 2"", ""신정6동"", ""구로동"", ""가산 F2""]"
7b768b2566f7,2026-10-10,FPL000993,UAM0080,a4,4,4,1.0,VP018,인천,VP008,사당,14,G7,F1,G3,F2,14:10:46,14:15:46,14:39:24,14:44:07,14:54:07,300.0,1417.9,283.2,2001.1,0,0.0,ready,14:15:29,1434.7,22,"[""인천 F1"", ""운북동"", ""영종동"", ""지점 26"", ""지점 27"", ""지점 28"", ""간석3동"", ""지점 37"", ""지점 29"", ""지점 30"", ""지점 31"", ""지점 17"", ""가산동"", ""지점 9"", ""신사동 3"", ""신림동 2"", ""신림동"", ""은천동"", ""봉천동"", ""행운동"", ""인헌동"", ""사당 F2""]"
7b768b2566f7,2026-10-10,FPL000994,UAM0036,a4,4,4,1.0,VP001,여의도,VP012,광화문,14,G3,F1,G4,F2,14:16:12,14:24:02,14:34:59,14:39:42,14:49:42,470.56,656.92,283.2,1410.68,426.16,81.22,ready,14:23:46,673.72,10,"[""여의도 F1"", ""지점 32"", ""여의동 2"", ""이촌2동"", ""한강로3가"", ""한강로2가"", ""한강로1가"", ""청파동1가"", ""남영동"", ""광화문 F2""]"
7b768b2566f7,2026-10-10,FPL000995,UAM0054,a4,4,4,1.0,VP011,천호,VP015,마곡,14,G7,F1,G8,F2,14:39:33,14:53:48,15:19:02,15:23:45,15:33:45,855.52,1513.7,283.2,2652.42,2204.24,217.9,ready,14:53:31,1530.5,28,"[""천호 F1"", ""천호대교 중간지점"", ""지점 4"", ""잠실대교 중간지점"", ""자양2동"", ""청담대교 중간지점"", ""지점 2"", ""성수대교 남단"", ""신사동"", ""약수동"", ""지점 39"", ""후암동"", ""회현동2가"", ""남영동"", ""충정로3가"", ""아현동"", ""대현동"", ""20통"", ""동교동"", ""서교동"", ""합정동"", ""선유도 17고지"", ""성산대교 중간지점"", ""상암동"", ""덕은동"", ""개화동"", ""하야동 2"", ""마곡 F2""]"
7b768b2566f7,2026-10-10,FPL000996,UAM0023,a4,4,4,1.0,VP014,가산,VP015,마곡,14,G6,F1,G8,F2,14:15:05,14:20:05,14:33:55,14:38:38,14:48:38,300.0,830.1,283.2,1413.3,175.58,0.0,ready,14:19:48,846.9,12,"[""가산 F1"", ""구로동"", ""신정6동"", ""신도림동 2"", ""목1동"", ""양평동"", ""지점 18"", ""상암동"", ""덕은동"", ""개화동"", ""하야동 2"", ""마곡 F2""]"
7b768b2566f7,2026-10-10,FPL000997,UAM0059,a4,4,4,1.0,VP004,용산,VP011,천호,14,G4,F1,G6,F2,14:12:10,14:17:10,15:00:48,15:11:46,15:21:46,300.0,2617.96,657.92,3575.88,0,2185.6,ready,14:16:54,2634.76,18,"[""용산 F1"", ""한강로2가"", ""한강로1가"", ""청파동1가"", ""남영동"", ""회현동2가"", ""후암동"", ""지점 39"", ""약수동"", ""신사동"", ""성수대교 남단"", ""지점 2"", ""청담대교 중간지점"", ""자양2동"", ""잠실대교 중간지점"", ""지점 4"", ""천호대교 중간지점"", ""천호 F2""]"
7b768b2566f7,2026-10-10,FPL000998,UAM0042,a4,4,4,1.0,VP013,강남,VP012,광화문,14,G5,F1,G3,F2,14:18:57,14:43:03,14:52:01,14:56:44,15:06:44,1446.4,537.8,283.2,2267.4,1534.8,0.0,ready,14:42:47,554.6,12,"[""강남 F1"", ""반포1동"", ""주흥교"", ""잠원동"", ""잠원동 2"", ""신사동 2"", ""신사동"", ""약수동"", ""지점 39"", ""후암동"", ""회현동2가"", ""광화문 F2""]"
7b768b2566f7,2026-10-10,FPL000999,UAM0069,a4,4,4,1.0,VP010,연신내,VP001,여의도,14,G5,F1,G3,F2,14:12:17,14:17:17,14:28:31,14:33:15,14:43:15,300.0,674.7,283.2,1257.9,0,0.0,ready,14:17:00,691.5,11,"[""연신내 F1"", ""지점 23"", ""향동동"", ""지점 24"", ""수색교"", ""지점 25"", ""상암동"", ""성산대교 중간지점"", ""선유도 17고지"", ""지점 11"", ""여의도 F2""]"
7b768b2566f7,2026-10-10,FPL001000,UAM0058,a4,4,4,1.0,VP009,성수,VP018,인천,14,G3,F1,G7,F2,14:16:43,14:21:43,15:03:34,15:08:17,15:18:17,300.0,2511.32,283.2,3094.52,261.04,748.22,ready,14:21:26,2528.12,30,"[""성수 F1"", ""성수대교 남단"", ""신사동"", ""약수동"", ""지점 39"", ""후암동"", ""회현동2가"", ""남영동"", ""충정로3가"", ""아현동"", ""대현동"", ""20통"", ""동교동"", ""서교동"", ""합정동"", ""선유도 17고지"", ""성산대교 중간지점"", ""상암동"", ""덕은동"", ""개화동"", ""하야동 2"", ""하야동"", ""선주지동"", ""목상동"", ""시천동 아라로"", ""지점 22"", ""영종대교"", ""영종동"", ""운북동"", ""인천 F2""]"
7b768b2566f7,2026-10-10,FPL001001,UAM0037,a4,4,4,1.0,VP002,잠실,VP009,성수,14,G5,F1,G1,F2,14:24:46,14:35:46,14:45:21,14:50:19,15:00:19,660.0,574.84,297.28,1532.12,1067.44,200.64,ready,14:35:30,591.64,5,"[""잠실 F1"", ""지점 3"", ""청담대교 중간지점"", ""지점 2"", ""성수 F2""]"
7b768b2566f7,2026-10-10,FPL001002,UAM0095,a4,4,4,1.0,VP009,성수,VP011,천호,14,G4,F1,G5,F2,14:21:04,14:27:04,14:55:28,15:06:26,15:16:26,360.0,1704.2,657.92,2722.12,321.04,1574.54,ready,14:26:47,1721.0,8,"[""성수 F1"", ""지점 2"", ""청담대교 중간지점"", ""자양2동"", ""잠실대교 중간지점"", ""지점 4"", ""천호대교 중간지점"", ""천호 F2""]"
7b768b2566f7,2026-10-10,FPL001003,UAM0079,a4,4,4,1.0,VP014,가산,VP009,성수,14,G3,F1,G4,F2,14:16:44,14:25:26,14:41:01,14:45:44,14:55:44,521.5,934.86,283.2,1739.56,207.42,55.56,ready,14:25:09,951.66,18,"[""가산 F1"", ""구로동"", ""신정6동"", ""신도림동 2"", ""문래동5가"", ""신도림동"", ""영등포"", ""지점 13"", ""지점 14"", ""이촌2동"", ""이촌동 2"", ""이촌동"", ""반포동"", ""잠원동 2"", ""신사동 2"", ""신사동"", ""성수대교 남단"", ""성수 F2""]"
7b768b2566f7,2026-10-10,FPL001004,UAM0006,a4,4,4,1.0,VP002,잠실,VP006,미아,14,G6,F1,G3,F2,14:29:07,14:41:07,14:53:49,14:58:32,15:08:32,720.0,762.1,283.2,1765.3,1127.44,0.0,ready,14:40:50,778.9,15,"[""잠실 F1"", ""지점 3"", ""청담대교 중간지점"", ""건대입구"", ""송정동"", ""중곡1동"", ""지점"", ""중랑천 제방길"", ""중랑철교"", ""중화동"", ""월릉교"", ""공릉1동 2"", ""월계3동"", ""월계동"", ""미아 F2""]"
7b768b2566f7,2026-10-10,FPL001005,UAM0076,a4,4,4,1.0,VP003,상암,VP018,인천,14,G3,F1,G3,F2,14:17:33,14:22:33,14:50:32,14:55:44,15:05:44,300.0,1679.46,311.36,2290.82,0,458.26,ready,14:22:16,1696.26,14,"[""상암 F1"", ""지점 25"", ""덕은동"", ""개화동"", ""하야동 2"", ""하야동"", ""선주지동"", ""목상동"", ""시천동 아라로"", ""지점 22"", ""영종대교"", ""영종동"", ""운북동"", ""인천 F2""]"
7b768b2566f7,2026-10-10,FPL001006,UAM0100,a4,4,4,1.0,VP013,강남,VP011,천호,14,G6,F1,G8,F2,14:34:23,14:48:24,15:32:52,15:43:36,15:53:36,841.44,2668.2,643.84,4153.48,1534.8,2225.24,ready,14:48:07,2685.0,17,"[""강남 F1"", ""서초2동 2"", ""지점 21"", ""경부고속도로 양재천 다리"", ""양재동"", ""지점 10"", ""지점 8"", ""지점 7"", ""지점 6"", ""대치교"", ""잠실7동"", ""지점 3"", ""자양2동"", ""잠실대교 중간지점"", ""지점 4"", ""천호대교 중간지점"", ""천호 F2""]"
7b768b2566f7,2026-10-10,FPL001007,UAM0096,a4,4,4,1.0,VP008,사당,VP018,인천,14,G3,F1,G1,F2,14:17:40,14:22:40,14:59:14,15:04:39,15:14:39,300.0,2194.06,325.44,2819.5,0,776.16,ready,14:22:23,2210.86,22,"[""사당 F1"", ""인헌동"", ""행운동"", ""봉천동"", ""은천동"", ""신림동"", ""신림동 2"", ""신사동 3"", ""지점 9"", ""가산동"", ""지점 17"", ""지점 31"", ""지점 30"", ""지점 29"", ""지점 37"", ""간석3동"", ""지점 28"", ""지점 27"", ""지점 26"", ""영종동"", ""운북동"", ""인천 F2""]"
7b768b2566f7,2026-10-10,FPL001008,UAM0048,a4,4,4,1.0,VP011,천호,VP010,연신내,14,G1,F1,G5,F2,14:18:07,14:59:09,15:20:23,15:25:06,15:35:06,2462.0,1274.2,283.2,4019.4,2119.76,0.0,ready,14:58:52,1291.0,30,"[""천호 F1"", ""천호대교 중간지점"", ""지점 4"", ""잠실대교 중간지점"", ""자양2동"", ""청담대교 중간지점"", ""지점 2"", ""성수대교 남단"", ""신사동"", ""약수동"", ""지점 39"", ""후암동"", ""회현동2가"", ""남영동"", ""충정로3가"", ""아현동"", ""대현동"", ""20통"", ""동교동"", ""서교동"", ""합정동"", ""선유도 17고지"", ""성산대교 중간지점"", ""상암동"", ""지점 25"", ""수색교"", ""지점 24"", ""향동동"", ""지점 23"", ""연신내 F2""]"
7b768b2566f7,2026-10-10,FPL001009,UAM0020,a4,4,4,1.0,VP012,광화문,VP015,마곡,14,G3,F1,G5,F2,14:20:05,14:25:05,14:38:50,14:43:48,14:53:48,300.0,825.5,297.28,1422.78,0,0.0,ready,14:24:48,842.3,15,"[""광화문 F1"", ""충정로3가"", ""아현동"", ""대현동"", ""20통"", ""동교동"", ""서교동"", ""합정동"", ""선유도 17고지"", ""성산대교 중간지점"", ""상암동"", ""덕은동"", ""개화동"", ""하야동 2"", ""마곡 F2""]"
7b768b2566f7,2026-10-10,FPL001010,UAM0035,a4,4,4,1.0,VP017,수서,VP002,잠실,14,G6,F1,G5,F2,14:21:52,14:29:34,14:48:07,14:58:51,15:08:51,461.36,1113.64,643.84,2218.84,161.36,1151.98,ready,14:29:17,1130.44,4,"[""수서 F1"", ""개포3동"", ""잠실7동"", ""잠실 F2""]"
7b768b2566f7,2026-10-10,FPL001011,UAM0015,a4,4,4,1.0,VP002,잠실,VP011,천호,14,G3,F1,G2,F2,14:25:01,14:46:28,16:53:02,17:04:28,17:14:28,1287.2,7594.1,686.08,9567.38,1159.28,7512.14,ready,14:46:11,7610.9,7,"[""잠실 F1"", ""지점 3"", ""자양2동"", ""잠실대교 중간지점"", ""지점 4"", ""천호대교 중간지점"", ""천호 F2""]"
7b768b2566f7,2026-10-10,FPL001012,UAM0065,a4,4,4,1.0,VP015,마곡,VP009,성수,14,G7,F1,G2,F2,14:25:35,14:30:35,14:49:42,14:54:39,15:04:39,300.0,1147.26,297.28,1744.54,213.28,63.16,ready,14:30:18,1164.06,22,"[""마곡 F1"", ""하야동 2"", ""개화동"", ""덕은동"", ""상암동"", ""성산대교 중간지점"", ""선유도 17고지"", ""합정동"", ""서교동"", ""동교동"", ""20통"", ""대현동"", ""아현동"", ""충정로3가"", ""남영동"", ""회현동2가"", ""후암동"", ""지점 39"", ""약수동"", ""신사동"", ""성수대교 남단"", ""성수 F2""]"
7b768b2566f7,2026-10-10,FPL001013,UAM0061,a4,4,4,1.0,VP009,성수,VP017,수서,14,G1,F1,G5,F2,14:22:32,14:32:24,14:40:01,14:44:44,14:54:44,592.08,456.6,283.2,1331.88,278.0,0.0,ready,14:32:07,473.4,7,"[""성수 F1"", ""지점 2"", ""청담대교 중간지점"", ""지점 3"", ""잠실7동"", ""개포3동"", ""수서 F2""]"
7b768b2566f7,2026-10-10,FPL001014,UAM0092,a4,4,4,1.0,VP016,망우,VP002,잠실,14,G3,F1,G6,F2,14:26:57,14:31:57,14:58:49,15:04:12,15:14:12,300.0,1611.7,323.2,2234.9,246.54,1073.3,ready,14:31:40,1628.5,10,"[""망우 F1"", ""중랑철교"", ""중랑천 제방길"", ""지점"", ""중곡1동"", ""송정동"", ""건대입구"", ""청담대교 중간지점"", ""지점 3"", ""잠실 F2""]"
7b768b2566f7,2026-10-10,FPL001015,UAM0083,a4,4,4,1.0,VP013,강남,VP008,사당,14,G3,F1,G4,F2,14:23:10,14:53:45,15:03:35,15:08:18,15:18:18,1834.8,590.36,283.2,2708.36,1506.64,111.66,ready,14:53:28,607.16,7,"[""강남 F1"", ""서초2동 2"", ""지점 21"", ""경부고속도로 양재천 다리"", ""지점 19"", ""방배동"", ""사당 F2""]"
7b768b2566f7,2026-10-10,FPL001016,UAM0010,a4,4,4,1.0,VP011,천호,VP009,성수,14,G2,F1,G2,F2,14:50:56,15:04:29,15:12:28,15:17:25,15:27:25,813.28,478.2,297.28,1588.76,2119.76,0.0,ready,15:04:13,495.0,8,"[""천호 F1"", ""천호대교 중간지점"", ""지점 4"", ""잠실대교 중간지점"", ""자양2동"", ""청담대교 중간지점"", ""지점 2"", ""성수 F2""]"
7b768b2566f7,2026-10-10,FPL001017,UAM0063,a4,4,4,1.0,VP013,강남,VP011,천호,14,G4,F1,G3,F2,14:34:49,14:59:05,16:37:00,16:48:12,16:58:12,1456.8,5874.6,672.0,8003.4,1807.28,5431.64,ready,14:58:49,5891.4,17,"[""강남 F1"", ""서초2동 2"", ""지점 21"", ""경부고속도로 양재천 다리"", ""양재동"", ""지점 10"", ""지점 8"", ""지점 7"", ""지점 6"", ""대치교"", ""잠실7동"", ""지점 3"", ""자양2동"", ""잠실대교 중간지점"", ""지점 4"", ""천호대교 중간지점"", ""천호 F2""]"
7b768b2566f7,2026-10-10,FPL001018,UAM0005,a4,4,4,1.0,VP014,가산,VP007,봉천,14,G5,F1,G3,F2,14:28:08,14:33:08,14:42:16,14:46:59,14:56:59,300.0,548.2,283.2,1131.4,187.08,0.0,ready,14:32:51,565.0,7,"[""가산 F1"", ""가산동"", ""지점 9"", ""신사동 3"", ""신림동 2"", ""신림동"", ""봉천 F2""]"
7b768b2566f7,2026-10-10,FPL001019,UAM0007,a4,4,4,1.0,VP001,여의도,VP012,광화문,14,G4,F1,G1,F2,14:26:08,14:31:08,14:40:43,14:45:41,14:55:41,300.0,575.7,297.28,1172.98,0,0.0,ready,14:30:51,592.5,10,"[""여의도 F1"", ""지점 32"", ""여의동 2"", ""이촌2동"", ""한강로3가"", ""한강로2가"", ""한강로1가"", ""청파동1가"", ""남영동"", ""광화문 F2""]"
7b768b2566f7,2026-10-10,FPL001020,UAM0012,a4,4,4,1.0,VP002,잠실,VP014,가산,14,G4,F1,G3,F2,14:38:02,14:51:48,15:11:02,15:15:59,15:25:59,825.92,1153.68,297.28,2276.88,1219.28,214.28,ready,14:51:32,1170.48,23,"[""잠실 F1"", ""잠실7동"", ""대치교"", ""지점 6"", ""지점 7"", ""지점 8"", ""지점 10"", ""양재동"", ""경부고속도로 양재천 다리"", ""지점 19"", ""방배동"", ""방배2동"", ""남현동"", ""인헌동"", ""행운동"", ""봉천동"", ""은천동"", ""신림동"", ""신림동 2"", ""신사동 3"", ""지점 9"", ""가산동"", ""가산 F2""]"
7b768b2566f7,2026-10-10,FPL001021,UAM0066,a4,4,4,1.0,VP009,성수,VP012,광화문,14,G2,F1,G2,F2,14:26:53,14:37:45,14:45:09,14:50:07,15:00:07,652.08,444.6,297.28,1393.96,338.0,0.0,ready,14:37:28,461.4,8,"[""성수 F1"", ""성수대교 남단"", ""신사동"", ""약수동"", ""지점 39"", ""후암동"", ""회현동2가"", ""광화문 F2""]"
7b768b2566f7,2026-10-10,FPL001022,UAM0047,a4,4,4,1.0,VP012,광화문,VP015,마곡,14,G4,F1,G3,F2,14:26:59,14:31:59,14:52:01,14:57:13,15:07:13,300.0,1202.7,311.36,1814.06,0,377.2,ready,14:31:42,1219.5,15,"[""광화문 F1"", ""충정로3가"", ""아현동"", ""대현동"", ""20통"", ""동교동"", ""서교동"", ""합정동"", ""선유도 17고지"", ""성산대교 중간지점"", ""상암동"", ""덕은동"", ""개화동"", ""하야동 2"", ""마곡 F2""]"
7b768b2566f7,2026-10-10,FPL001023,UAM0032,a4,4,4,1.0,VP013,강남,VP014,가산,14,G2,F1,G1,F2,14:28:05,15:04:26,15:24:04,15:29:15,15:39:15,2181.36,1178.02,311.36,3670.74,1839.12,296.82,ready,15:04:09,1194.82,18,"[""강남 F1"", ""서초2동 2"", ""지점 21"", ""경부고속도로 양재천 다리"", ""지점 19"", ""방배동"", ""방배2동"", ""남현동"", ""인헌동"", ""행운동"", ""봉천동"", ""은천동"", ""신림동"", ""신림동 2"", ""신사동 3"", ""지점 9"", ""가산동"", ""가산 F2""]"
7b768b2566f7,2026-10-10,FPL001024,UAM0044,a4,4,4,1.0,VP011,천호,VP014,가산,14,G8,F1,G3,F2,14:55:35,15:09:50,15:37:06,15:42:03,15:52:03,855.52,1635.82,297.28,2788.62,2204.24,541.92,ready,15:09:33,1652.62,24,"[""천호 F1"", ""천호대교 중간지점"", ""지점 4"", ""잠실대교 중간지점"", ""자양2동"", ""청담대교 중간지점"", ""지점 2"", ""성수대교 남단"", ""신사동"", ""신사동 2"", ""잠원동 2"", ""반포동"", ""이촌동"", ""이촌동 2"", ""이촌2동"", ""지점 14"", ""지점 13"", ""영등포"", ""신도림동"", ""문래동5가"", ""신도림동 2"", ""신정6동"", ""구로동"", ""가산 F2""]"
7b768b2566f7,2026-10-10,FPL001025,UAM0094,a4,4,4,1.0,VP018,인천,VP013,강남,14,G7,F1,G7,F2,14:29:00,14:34:00,15:02:22,15:11:29,15:21:29,300.0,1702.0,546.88,2548.88,0,263.68,ready,14:33:43,1718.8,29,"[""인천 F1"", ""운북동"", ""영종동"", ""지점 26"", ""지점 27"", ""지점 28"", ""간석3동"", ""지점 37"", ""지점 29"", ""지점 30"", ""지점 31"", ""지점 17"", ""가산동"", ""지점 9"", ""신사동 3"", ""신림동 2"", ""신림동"", ""은천동"", ""봉천동"", ""행운동"", ""인헌동"", ""남현동"", ""방배2동"", ""방배동"", ""지점 19"", ""경부고속도로 양재천 다리"", ""지점 21"", ""서초2동 2"", ""강남 F2""]"
7b768b2566f7,2026-10-10,FPL001026,UAM0016,a4,4,4,1.0,VP015,마곡,VP010,연신내,14,G8,F1,G5,F2,14:30:40,14:35:55,14:47:15,14:51:58,15:01:58,314.94,679.6,283.2,1277.74,88.62,0.0,ready,14:35:39,696.4,10,"[""마곡 F1"", ""하야동 2"", ""개화동"", ""덕은동"", ""지점 25"", ""수색교"", ""지점 24"", ""향동동"", ""지점 23"", ""연신내 F2""]"
7b768b2566f7,2026-10-10,FPL001027,UAM0073,a4,4,4,1.0,VP014,가산,VP011,천호,14,G6,F1,G2,F2,14:32:29,14:38:29,15:27:32,15:38:58,15:48:58,360.0,2942.96,686.08,3989.04,225.96,2206.6,ready,14:38:12,2959.76,24,"[""가산 F1"", ""구로동"", ""신정6동"", ""신도림동 2"", ""문래동5가"", ""신도림동"", ""영등포"", ""지점 13"", ""지점 14"", ""이촌2동"", ""이촌동 2"", ""이촌동"", ""반포동"", ""잠원동 2"", ""신사동 2"", ""신사동"", ""성수대교 남단"", ""지점 2"", ""청담대교 중간지점"", ""자양2동"", ""잠실대교 중간지점"", ""지점 4"", ""천호대교 중간지점"", ""천호 F2""]"
7b768b2566f7,2026-10-10,FPL001028,UAM0009,a4,4,4,1.0,VP017,수서,VP002,잠실,14,G5,F1,G2,F2,14:29:58,14:34:58,14:52:28,14:59:39,15:09:39,300.0,1050.26,431.36,1781.62,0,847.96,ready,14:34:41,1067.06,4,"[""수서 F1"", ""개포3동"", ""잠실7동"", ""잠실 F2""]"
7b768b2566f7,2026-10-10,FPL001029,UAM0086,a4,4,4,1.0,VP002,잠실,VP017,수서,14,G1,F1,G5,F2,14:30:50,14:57:09,15:02:34,15:07:17,15:17:17,1579.28,325.0,283.2,2187.48,1251.12,0.0,ready,14:56:52,341.8,4,"[""잠실 F1"", ""잠실7동"", ""개포3동"", ""수서 F2""]"
7b768b2566f7,2026-10-10,FPL001030,UAM0075,a4,4,4,1.0,VP009,성수,VP007,봉천,14,G3,F1,G4,F2,14:30:59,14:43:05,14:53:53,14:58:36,15:08:36,726.16,647.1,283.2,1656.46,426.16,0.0,ready,14:42:49,663.9,18,"[""성수 F1"", ""성수대교 남단"", ""신사동"", ""신사동 2"", ""잠원동 2"", ""반포동"", ""이촌동"", ""동작동 2"", ""동작동"", ""방배4동"", ""사당1동 2"", ""사당1동"", ""방배2동"", ""남현동"", ""인헌동"", ""행운동"", ""봉천동"", ""봉천 F2""]"
7b768b2566f7,2026-10-10,FPL001031,UAM0014,a4,4,4,1.0,VP018,인천,VP013,강남,14,G8,F1,G6,F2,14:37:57,14:42:57,15:15:47,15:20:44,15:30:44,300.0,1969.64,297.28,2566.92,276.68,267.64,ready,14:42:40,1986.44,29,"[""인천 F1"", ""운북동"", ""영종동"", ""지점 26"", ""지점 27"", ""지점 28"", ""간석3동"", ""지점 37"", ""지점 29"", ""지점 30"", ""지점 31"", ""지점 17"", ""가산동"", ""지점 9"", ""신사동 3"", ""신림동 2"", ""신림동"", ""은천동"", ""봉천동"", ""행운동"", ""인헌동"", ""남현동"", ""방배2동"", ""방배동"", ""지점 19"", ""경부고속도로 양재천 다리"", ""지점 21"", ""서초2동 2"", ""강남 F2""]"
7b768b2566f7,2026-10-10,FPL001032,UAM0024,a4,4,4,1.0,VP013,강남,VP001,여의도,14,G7,F1,G4,F2,14:55:31,15:09:47,15:20:23,15:25:06,15:35:06,855.52,636.0,283.2,1774.72,1883.6,0.0,ready,15:09:30,652.8,12,"[""강남 F1"", ""반포1동"", ""주흥교"", ""잠원동"", ""잠원동 2"", ""반포동"", ""이촌동"", ""이촌동 2"", ""이촌2동"", ""여의동 2"", ""지점 32"", ""여의도 F2""]"
7b768b2566f7,2026-10-10,FPL001033,UAM0062,a4,4,4,1.0,VP011,천호,VP002,잠실,14,G5,F1,G6,F2,14:55:49,15:15:11,15:25:55,15:36:36,15:46:36,1162.08,644.36,640.58,2447.02,2176.08,567.04,ready,15:14:54,661.16,7,"[""천호 F1"", ""천호대교 중간지점"", ""지점 4"", ""잠실대교 중간지점"", ""자양2동"", ""지점 3"", ""잠실 F2""]"
7b768b2566f7,2026-10-10,FPL001034,UAM0055,a4,4,4,1.0,VP010,연신내,VP014,가산,14,G5,F1,G6,F2,14:34:01,14:39:01,14:55:00,14:59:43,15:09:43,300.0,958.8,283.2,1542.0,0,173.0,ready,14:38:45,975.6,14,"[""연신내 F1"", ""지점 23"", ""향동동"", ""지점 24"", ""수색교"", ""지점 25"", ""상암동"", ""지점 18"", ""양평동"", ""목1동"", ""신도림동 2"", ""신정6동"", ""구로동"", ""가산 F2""]"
7b768b2566f7,2026-10-10,FPL001035,UAM0021,a4,4,4,1.0,VP002,잠실,VP013,강남,14,G2,F1,G3,F2,14:49:02,15:02:30,15:20:07,15:25:19,15:35:19,807.36,1057.82,311.36,2176.54,1311.12,464.32,ready,15:02:13,1074.62,12,"[""잠실 F1"", ""잠실7동"", ""대치교"", ""지점 6"", ""지점 7"", ""지점 8"", ""지점 10"", ""양재동"", ""경부고속도로 양재천 다리"", ""지점 21"", ""서초2동 2"", ""강남 F2""]"
7b768b2566f7,2026-10-10,FPL001036,UAM0049,a4,4,4,1.0,VP003,상암,VP015,마곡,14,G3,F1,G8,F2,14:35:28,14:40:28,14:56:22,15:01:05,15:11:05,300.0,953.84,283.2,1537.04,0,404.84,ready,14:40:11,970.64,6,"[""상암 F1"", ""지점 25"", ""덕은동"", ""개화동"", ""하야동 2"", ""마곡 F2""]"
7b768b2566f7,2026-10-10,FPL001037,UAM0068,a4,4,4,1.0,VP015,마곡,VP008,사당,14,G5,F1,G3,F2,14:35:45,14:43:43,14:59:14,15:03:58,15:13:58,478.18,931.7,283.2,1693.08,164.1,0.0,ready,14:43:26,948.5,16,"[""마곡 F1"", ""하야동 2"", ""개화동"", ""덕은동"", ""상암동"", ""성산대교 중간지점"", ""선유도 17고지"", ""지점 11"", ""영등포"", ""신림동 2"", ""신림동"", ""은천동"", ""봉천동"", ""행운동"", ""인헌동"", ""사당 F2""]"
7b768b2566f7,2026-10-10,FPL001038,UAM0087,a4,4,4,1.0,VP016,망우,VP003,상암,14,G4,F1,G4,F2,14:40:43,14:45:43,15:03:04,15:07:47,15:17:47,300.0,1040.38,283.2,1623.58,230.82,81.28,ready,14:45:27,1057.18,22,"[""망우 F1"", ""중랑철교"", ""중랑천 제방길"", ""지점"", ""중곡1동"", ""송정동"", ""지점 12"", ""응봉동"", ""신사동"", ""약수동"", ""지점 39"", ""후암동"", ""회현동2가"", ""남영동"", ""충정로3가"", ""아현동"", ""대현동"", ""20통"", ""동교동"", ""서교동"", ""합정동"", ""상암 F2""]"
7b768b2566f7,2026-10-10,FPL001039,UAM0097,a4,4,4,1.0,VP007,봉천,VP017,수서,14,G3,F1,G3,F2,14:36:59,14:41:59,14:56:22,15:01:19,15:11:19,300.0,862.64,297.28,1459.92,0,161.94,ready,14:41:42,879.44,18,"[""봉천 F1"", ""봉천동"", ""행운동"", ""인헌동"", ""남현동"", ""방배2동"", ""방배동"", ""지점 19"", ""경부고속도로 양재천 다리"", ""양재동"", ""지점 10"", ""지점 8"", ""지점 7"", ""지점 6"", ""대치교"", ""잠실7동"", ""개포3동"", ""수서 F2""]"
7b768b2566f7,2026-10-10,FPL001040,UAM0041,a4,4,4,1.0,VP018,인천,VP012,광화문,14,G5,F1,G3,F2,14:37:55,14:48:18,15:13:13,15:17:56,15:27:56,622.6,1495.2,283.2,2401.0,308.52,0.0,ready,14:48:01,1512.0,23,"[""인천 F1"", ""운북동"", ""영종동"", ""영종대교"", ""지점 22"", ""시천동 아라로"", ""목상동"", ""선주지동"", ""하야동"", ""하야동 2"", ""개화동"", ""덕은동"", ""상암동"", ""성산대교 중간지점"", ""선유도 17고지"", ""합정동"", ""서교동"", ""동교동"", ""20통"", ""대현동"", ""아현동"", ""충정로3가"", ""광화문 F2""]"
7b768b2566f7,2026-10-10,FPL001041,UAM0050,a4,4,4,1.0,VP014,가산,VP002,잠실,14,G3,F1,G3,F2,14:45:45,14:50:59,15:06:51,15:20:28,15:30:28,314.08,952.0,817.1,2083.18,446.8,519.82,ready,14:50:42,968.8,23,"[""가산 F1"", ""가산동"", ""지점 9"", ""신사동 3"", ""신림동 2"", ""신림동"", ""은천동"", ""봉천동"", ""행운동"", ""인헌동"", ""남현동"", ""방배2동"", ""방배동"", ""지점 19"", ""경부고속도로 양재천 다리"", ""양재동"", ""지점 10"", ""지점 8"", ""지점 7"", ""지점 6"", ""대치교"", ""잠실7동"", ""잠실 F2""]"
7b768b2566f7,2026-10-10,FPL001042,UAM0084,a4,4,4,1.0,VP013,강남,VP001,여의도,14,G8,F1,G1,F2,14:55:51,15:15:07,15:25:43,15:30:41,15:40:41,1156.16,636.0,297.28,2089.44,1883.6,0.0,ready,15:14:50,652.8,12,"[""강남 F1"", ""반포1동"", ""주흥교"", ""잠원동"", ""잠원동 2"", ""반포동"", ""이촌동"", ""이촌동 2"", ""이촌2동"", ""여의동 2"", ""지점 32"", ""여의도 F2""]"
7b768b2566f7,2026-10-10,FPL001043,UAM0019,a4,4,4,1.0,VP011,천호,VP017,수서,14,G6,F1,G5,F2,15:06:30,15:20:31,15:29:26,15:34:09,15:44:09,841.44,534.4,283.2,1659.04,2176.08,0.0,ready,15:20:15,551.2,9,"[""천호 F1"", ""천호대교 중간지점"", ""지점 4"", ""잠실대교 중간지점"", ""자양2동"", ""지점 3"", ""잠실7동"", ""개포3동"", ""수서 F2""]"
7b768b2566f7,2026-10-10,FPL001044,UAM0001,a4,4,4,1.0,VP002,잠실,VP013,강남,14,G5,F1,G4,F2,14:49:50,15:07:50,15:24:28,15:29:39,15:39:39,1079.84,997.82,311.36,2389.02,1427.44,404.32,ready,15:07:33,1014.62,12,"[""잠실 F1"", ""잠실7동"", ""대치교"", ""지점 6"", ""지점 7"", ""지점 8"", ""지점 10"", ""양재동"", ""경부고속도로 양재천 다리"", ""지점 21"", ""서초2동 2"", ""강남 F2""]"
7b768b2566f7,2026-10-10,FPL001045,UAM0028,a4,4,4,1.0,VP015,마곡,VP003,상암,14,G7,F1,G3,F2,14:43:38,14:49:03,14:58:43,15:03:26,15:13:26,325.54,579.9,283.2,1188.64,207.2,0.0,ready,14:48:47,596.7,6,"[""마곡 F1"", ""하야동 2"", ""개화동"", ""덕은동"", ""상암동"", ""상암 F2""]"
7b768b2566f7,2026-10-10,FPL001046,UAM0052,a4,4,4,1.0,VP016,망우,VP013,강남,14,G3,F1,G8,F2,14:41:13,14:51:04,15:06:43,15:11:49,15:21:49,590.82,938.38,306.24,1835.44,290.82,251.32,ready,14:50:47,955.18,15,"[""망우 F1"", ""중랑철교"", ""중랑천 제방길"", ""지점"", ""중곡1동"", ""송정동"", ""지점 12"", ""응봉동"", ""신사동"", ""신사동 2"", ""잠원동 2"", ""잠원동"", ""주흥교"", ""반포1동"", ""강남 F2""]"
7b768b2566f7,2026-10-10,FPL001047,UAM0077,a4,4,4,1.0,VP006,미아,VP009,성수,14,G3,F1,G4,F2,14:42:18,14:47:18,15:03:25,15:08:08,15:18:08,300.0,967.4,283.2,1550.6,0,179.5,ready,14:47:01,984.2,15,"[""미아 F1"", ""월계동"", ""월계3동"", ""공릉1동 2"", ""월릉교"", ""중화동"", ""중랑철교"", ""중랑천 제방길"", ""지점"", ""중곡1동"", ""송정동"", ""건대입구"", ""청담대교 중간지점"", ""지점 2"", ""성수 F2""]"
7b768b2566f7,2026-10-10,FPL001048,UAM0038,a4,4,4,1.0,VP014,가산,VP006,미아,14,G5,F1,G3,F2,14:46:19,14:56:19,15:18:16,15:23:00,15:33:00,600.64,1317.0,283.2,2200.84,534.96,0.0,ready,14:56:03,1333.8,29,"[""가산 F1"", ""구로동"", ""신정6동"", ""신도림동 2"", ""문래동5가"", ""신도림동"", ""영등포"", ""지점 13"", ""지점 14"", ""이촌2동"", ""이촌동 2"", ""이촌동"", ""반포동"", ""잠원동 2"", ""신사동 2"", ""신사동"", ""응봉동"", ""지점 12"", ""송정동"", ""중곡1동"", ""지점"", ""중랑천 제방길"", ""중랑철교"", ""중화동"", ""월릉교"", ""공릉1동 2"", ""월계3동"", ""월계동"", ""미아 F2""]"
7b768b2566f7,2026-10-10,FPL001049,UAM0069,a4,4,4,1.0,VP001,여의도,VP009,성수,14,G3,F1,G3,F2,14:43:15,14:48:15,14:59:04,15:03:48,15:13:48,300.0,649.8,283.2,1233.0,0,0.0,ready,14:47:58,666.6,12,"[""여의도 F1"", ""지점 32"", ""여의동 2"", ""이촌2동"", ""이촌동 2"", ""이촌동"", ""반포동"", ""잠원동 2"", ""신사동 2"", ""신사동"", ""성수대교 남단"", ""성수 F2""]"
7b768b2566f7,2026-10-10,FPL001050,UAM0022,a4,4,4,1.0,VP010,연신내,VP016,망우,14,G6,F1,G3,F2,14:43:17,14:48:17,15:11:22,15:16:05,15:26:05,300.0,1385.2,283.2,1968.4,0,0.0,ready,14:48:00,1402.0,31,"[""연신내 F1"", ""지점 23"", ""향동동"", ""지점 24"", ""수색교"", ""지점 25"", ""상암동"", ""성산대교 중간지점"", ""선유도 17고지"", ""합정동"", ""서교동"", ""동교동"", ""20통"", ""대현동"", ""아현동"", ""충정로3가"", ""남영동"", ""회현동2가"", ""후암동"", ""지점 39"", ""약수동"", ""신사동"", ""응봉동"", ""지점 12"", ""송정동"", ""중곡1동"", ""지점"", ""중랑천 제방길"", ""중랑철교"", ""중화동"", ""망우 F2""]"
7b768b2566f7,2026-10-10,FPL001051,UAM0078,a4,4,4,1.0,VP002,잠실,VP018,인천,14,G6,F1,G5,F2,14:59:15,15:13:11,15:42:26,15:48:22,15:58:22,835.52,1754.8,356.02,2946.34,1487.44,58.74,ready,15:12:54,1771.6,34,"[""잠실 F1"", ""잠실7동"", ""대치교"", ""지점 6"", ""지점 7"", ""지점 8"", ""지점 10"", ""양재동"", ""경부고속도로 양재천 다리"", ""지점 19"", ""방배동"", ""방배2동"", ""남현동"", ""인헌동"", ""행운동"", ""봉천동"", ""은천동"", ""신림동"", ""신림동 2"", ""신사동 3"", ""지점 9"", ""가산동"", ""지점 17"", ""지점 31"", ""지점 30"", ""지점 29"", ""지점 37"", ""간석3동"", ""지점 28"", ""지점 27"", ""지점 26"", ""영종동"", ""운북동"", ""인천 F2""]"
7b768b2566f7,2026-10-10,FPL001052,UAM0008,a4,4,4,1.0,VP013,강남,VP018,인천,14,G5,F1,G7,F2,14:55:45,15:20:28,15:51:07,15:55:50,16:05:50,1482.72,1839.14,283.2,3605.06,1855.44,142.34,ready,15:20:11,1855.94,29,"[""강남 F1"", ""서초2동 2"", ""지점 21"", ""경부고속도로 양재천 다리"", ""지점 19"", ""방배동"", ""방배2동"", ""남현동"", ""인헌동"", ""행운동"", ""봉천동"", ""은천동"", ""신림동"", ""신림동 2"", ""신사동 3"", ""지점 9"", ""가산동"", ""지점 17"", ""지점 31"", ""지점 30"", ""지점 29"", ""지점 37"", ""간석3동"", ""지점 28"", ""지점 27"", ""지점 26"", ""영종동"", ""운북동"", ""인천 F2""]"
7b768b2566f7,2026-10-10,FPL001053,UAM0056,a4,4,4,1.0,VP011,천호,VP009,성수,14,G4,F1,G3,F2,14:56:03,15:25:52,15:38:23,15:43:06,15:53:06,1789.28,750.72,283.2,2823.2,2147.92,272.52,ready,15:25:35,767.52,8,"[""천호 F1"", ""천호대교 중간지점"", ""지점 4"", ""잠실대교 중간지점"", ""자양2동"", ""청담대교 중간지점"", ""지점 2"", ""성수 F2""]"
7b768b2566f7,2026-10-10,FPL001054,UAM0013,a4,4,4,1.0,VP012,광화문,VP011,천호,14,G3,F1,G2,F2,14:49:57,14:54:57,16:10:17,16:21:43,16:31:43,300.0,4519.84,686.08,5505.92,275.04,4215.58,ready,14:54:40,4536.64,14,"[""광화문 F1"", ""회현동2가"", ""후암동"", ""지점 39"", ""약수동"", ""신사동"", ""성수대교 남단"", ""지점 2"", ""청담대교 중간지점"", ""자양2동"", ""잠실대교 중간지점"", ""지점 4"", ""천호대교 중간지점"", ""천호 F2""]"
7b768b2566f7,2026-10-10,FPL001055,UAM0072,a4,4,4,1.0,VP007,봉천,VP009,성수,14,G4,F1,G1,F2,14:47:04,14:52:04,15:07:46,15:12:43,15:22:43,300.0,942.08,297.28,1539.36,101.8,299.08,ready,14:51:47,958.88,18,"[""봉천 F1"", ""봉천동"", ""행운동"", ""인헌동"", ""남현동"", ""방배2동"", ""사당1동"", ""사당1동 2"", ""방배4동"", ""동작동"", ""동작동 2"", ""이촌동"", ""반포동"", ""잠원동 2"", ""신사동 2"", ""신사동"", ""성수대교 남단"", ""성수 F2""]"
7b768b2566f7,2026-10-10,FPL001056,UAM0060,a4,4,4,1.0,VP006,미아,VP017,수서,14,G4,F1,G4,F2,14:46:38,14:52:38,15:06:55,15:11:52,15:21:52,360.0,856.34,297.28,1513.62,60.0,12.24,ready,14:52:22,873.14,17,"[""미아 F1"", ""월계동"", ""월계3동"", ""공릉1동 2"", ""월릉교"", ""중화동"", ""중랑철교"", ""중랑천 제방길"", ""지점"", ""중곡1동"", ""송정동"", ""건대입구"", ""청담대교 중간지점"", ""지점 3"", ""잠실7동"", ""개포3동"", ""수서 F2""]"
7b768b2566f7,2026-10-10,FPL001057,UAM0090,a4,4,4,1.0,VP014,가산,VP007,봉천,14,G6,F1,G3,F2,14:46:45,15:01:40,15:10:48,15:15:31,15:25:31,894.96,548.2,283.2,1726.36,594.96,0.0,ready,15:01:23,565.0,7,"[""가산 F1"", ""가산동"", ""지점 9"", ""신사동 3"", ""신림동 2"", ""신림동"", ""봉천 F2""]"
7b768b2566f7,2026-10-10,FPL001058,UAM0085,a4,4,4,1.0,VP018,인천,VP002,잠실,14,G7,F1,G3,F2,15:04:01,15:09:01,15:38:30,15:43:28,15:53:28,300.0,1769.3,297.28,2366.58,968.08,0.0,ready,15:08:44,1786.1,34,"[""인천 F1"", ""운북동"", ""영종동"", ""지점 26"", ""지점 27"", ""지점 28"", ""간석3동"", ""지점 37"", ""지점 29"", ""지점 30"", ""지점 31"", ""지점 17"", ""가산동"", ""지점 9"", ""신사동 3"", ""신림동 2"", ""신림동"", ""은천동"", ""봉천동"", ""행운동"", ""인헌동"", ""남현동"", ""방배2동"", ""방배동"", ""지점 19"", ""경부고속도로 양재천 다리"", ""양재동"", ""지점 10"", ""지점 8"", ""지점 7"", ""지점 6"", ""대치교"", ""잠실7동"", ""잠실 F2""]"
7b768b2566f7,2026-10-10,FPL001059,UAM0081,a4,4,4,1.0,VP002,잠실,VP015,마곡,14,G3,F1,G7,F2,14:59:29,15:18:32,15:38:24,15:43:07,15:53:07,1142.08,1192.4,283.2,2617.68,1519.28,0.0,ready,15:18:15,1209.2,25,"[""잠실 F1"", ""지점 3"", ""청담대교 중간지점"", ""지점 2"", ""성수대교 남단"", ""신사동"", ""약수동"", ""지점 39"", ""후암동"", ""회현동2가"", ""남영동"", ""충정로3가"", ""아현동"", ""대현동"", ""20통"", ""동교동"", ""서교동"", ""합정동"", ""선유도 17고지"", ""성산대교 중간지점"", ""상암동"", ""덕은동"", ""개화동"", ""하야동 2"", ""마곡 F2""]"
7b768b2566f7,2026-10-10,FPL001060,UAM0023,a4,4,4,1.0,VP015,마곡,VP002,잠실,14,G8,F1,G5,F2,14:56:49,15:01:49,15:21:34,15:36:16,15:46:16,300.0,1185.6,881.22,2366.82,490.38,598.02,ready,15:01:32,1202.4,25,"[""마곡 F1"", ""하야동 2"", ""개화동"", ""덕은동"", ""상암동"", ""성산대교 중간지점"", ""선유도 17고지"", ""합정동"", ""서교동"", ""동교동"", ""20통"", ""대현동"", ""아현동"", ""충정로3가"", ""남영동"", ""회현동2가"", ""후암동"", ""지점 39"", ""약수동"", ""신사동"", ""성수대교 남단"", ""지점 2"", ""청담대교 중간지점"", ""지점 3"", ""잠실 F2""]"
7b768b2566f7,2026-10-10,FPL001061,UAM0036,a4,4,4,1.0,VP012,광화문,VP014,가산,14,G4,F1,G6,F2,14:50:17,15:00:18,15:15:23,15:20:06,15:30:06,600.64,905.18,283.2,1789.02,335.04,99.38,ready,15:00:01,921.98,16,"[""광화문 F1"", ""남영동"", ""청파동1가"", ""한강로1가"", ""한강로2가"", ""한강로3가"", ""이촌2동"", ""지점 14"", ""지점 13"", ""영등포"", ""신도림동"", ""문래동5가"", ""신도림동 2"", ""신정6동"", ""구로동"", ""가산 F2""]"
7b768b2566f7,2026-10-10,FPL001062,UAM0011,a4,4,4,1.0,VP011,천호,VP016,망우,14,G3,F1,G1,F2,15:17:25,15:31:13,15:42:45,15:47:43,15:57:43,827.36,692.62,297.28,1817.26,2147.92,107.42,ready,15:30:56,709.42,11,"[""천호 F1"", ""천호대교 중간지점"", ""아차산 고가차도"", ""구의동"", ""능동"", ""중곡1동"", ""지점"", ""중랑천 제방길"", ""중랑철교"", ""중화동"", ""망우 F2""]"
7b768b2566f7,2026-10-10,FPL001063,UAM0017,a4,4,4,1.0,VP016,망우,VP013,강남,14,G1,F1,G5,F2,14:50:53,14:56:25,15:11:26,15:17:03,15:27:03,331.44,901.42,337.28,1570.14,17.36,231.32,ready,14:56:08,918.22,15,"[""망우 F1"", ""중랑철교"", ""중랑천 제방길"", ""지점"", ""중곡1동"", ""송정동"", ""지점 12"", ""응봉동"", ""신사동"", ""신사동 2"", ""잠원동 2"", ""잠원동"", ""주흥교"", ""반포1동"", ""강남 F2""]"
7b768b2566f7,2026-10-10,FPL001064,UAM0074,a4,4,4,1.0,VP006,미아,VP018,인천,14,G1,F1,G8,F2,14:51:13,14:57:59,15:34:48,15:42:47,15:52:47,405.92,2208.9,479.18,3094.0,91.84,195.98,ready,14:57:42,2225.7,41,"[""미아 F1"", ""월계동"", ""월계3동"", ""공릉1동 2"", ""월릉교"", ""중화동"", ""중랑철교"", ""중랑천 제방길"", ""지점"", ""중곡1동"", ""송정동"", ""지점 12"", ""응봉동"", ""신사동"", ""약수동"", ""지점 39"", ""후암동"", ""회현동2가"", ""남영동"", ""충정로3가"", ""아현동"", ""대현동"", ""20통"", ""동교동"", ""서교동"", ""합정동"", ""선유도 17고지"", ""성산대교 중간지점"", ""상암동"", ""덕은동"", ""개화동"", ""하야동 2"", ""하야동"", ""선주지동"", ""목상동"", ""시천동 아라로"", ""지점 22"", ""영종대교"", ""영종동"", ""운북동"", ""인천 F2""]"
7b768b2566f7,2026-10-10,FPL001065,UAM0064,a4,4,4,1.0,VP014,가산,VP016,망우,14,G4,F1,G3,F2,14:51:20,15:07:01,15:26:38,15:31:21,15:41:21,940.88,1177.3,283.2,2401.38,626.8,0.0,ready,15:06:44,1194.1,25,"[""가산 F1"", ""구로동"", ""신정6동"", ""신도림동 2"", ""문래동5가"", ""신도림동"", ""영등포"", ""지점 13"", ""지점 14"", ""이촌2동"", ""이촌동 2"", ""이촌동"", ""반포동"", ""잠원동 2"", ""신사동 2"", ""신사동"", ""응봉동"", ""지점 12"", ""송정동"", ""중곡1동"", ""지점"", ""중랑천 제방길"", ""중랑철교"", ""중화동"", ""망우 F2""]"
7b768b2566f7,2026-10-10,FPL001066,UAM0071,a4,4,4,1.0,VP009,성수,VP014,가산,14,G3,F1,G4,F2,14:54:29,14:59:29,15:19:43,15:24:41,15:34:41,300.0,1213.96,297.28,1811.24,186.16,325.16,ready,14:59:13,1230.76,18,"[""성수 F1"", ""성수대교 남단"", ""신사동"", ""신사동 2"", ""잠원동 2"", ""반포동"", ""이촌동"", ""이촌동 2"", ""이촌2동"", ""지점 14"", ""지점 13"", ""영등포"", ""신도림동"", ""문래동5가"", ""신도림동 2"", ""신정6동"", ""구로동"", ""가산 F2""]"
7b768b2566f7,2026-10-10,FPL001067,UAM0053,a4,4,4,1.0,VP018,인천,VP007,봉천,14,G8,F1,G3,F2,15:08:22,15:14:22,15:37:07,15:41:50,15:51:50,360.0,1365.4,283.2,2008.6,1028.08,0.0,ready,15:14:05,1382.2,18,"[""인천 F1"", ""운북동"", ""영종동"", ""지점 26"", ""지점 27"", ""지점 28"", ""간석3동"", ""지점 37"", ""지점 29"", ""지점 30"", ""지점 31"", ""지점 17"", ""가산동"", ""지점 9"", ""신사동 3"", ""신림동 2"", ""신림동"", ""봉천 F2""]"
7b768b2566f7,2026-10-10,FPL001068,UAM0030,a4,4,4,1.0,VP001,여의도,VP018,인천,14,G4,F1,G7,F2,14:52:23,14:57:23,15:20:15,15:37:26,15:47:26,300.0,1372.7,1030.92,2703.62,0,747.72,ready,14:57:06,1389.5,19,"[""여의도 F1"", ""영등포"", ""신도림동"", ""문래동5가"", ""신도림동 2"", ""신정6동"", ""구로동"", ""지점 17"", ""지점 31"", ""지점 30"", ""지점 29"", ""지점 37"", ""간석3동"", ""지점 28"", ""지점 27"", ""지점 26"", ""영종동"", ""운북동"", ""인천 F2""]"
7b768b2566f7,2026-10-10,FPL001069,UAM0020,a4,4,4,1.0,VP015,마곡,VP013,강남,14,G5,F1,G8,F2,15:05:44,15:10:58,15:33:09,15:37:53,15:47:53,314.08,1331.12,283.2,1928.4,716.56,274.72,ready,15:10:41,1347.92,20,"[""마곡 F1"", ""하야동 2"", ""개화동"", ""덕은동"", ""상암동"", ""성산대교 중간지점"", ""선유도 17고지"", ""지점 5"", ""서강대교 중간지점"", ""지점 32"", ""여의동 2"", ""이촌2동"", ""이촌동 2"", ""이촌동"", ""반포동"", ""잠원동 2"", ""잠원동"", ""주흥교"", ""반포1동"", ""강남 F2""]"
7b768b2566f7,2026-10-10,FPL001070,UAM0080,a4,4,4,1.0,VP008,사당,VP015,마곡,14,G3,F1,G7,F2,14:54:07,14:59:07,15:14:41,15:23:22,15:33:22,300.0,933.9,520.5,1754.4,0,237.3,ready,14:58:51,950.7,16,"[""사당 F1"", ""인헌동"", ""행운동"", ""봉천동"", ""은천동"", ""신림동"", ""신림동 2"", ""영등포"", ""지점 11"", ""선유도 17고지"", ""성산대교 중간지점"", ""상암동"", ""덕은동"", ""개화동"", ""하야동 2"", ""마곡 F2""]"
7b768b2566f7,2026-10-10,FPL001071,UAM0061,a4,4,4,1.0,VP017,수서,VP009,성수,14,G5,F1,G3,F2,15:01:09,15:06:09,15:18:44,15:23:27,15:33:27,300.0,754.2,283.2,1337.4,385.36,300.0,ready,15:05:53,771.0,7,"[""수서 F1"", ""개포3동"", ""잠실7동"", ""지점 3"", ""청담대교 중간지점"", ""지점 2"", ""성수 F2""]"
7b768b2566f7,2026-10-10,FPL001072,UAM0033,a4,4,4,1.0,VP011,천호,VP015,마곡,14,G7,F1,G8,F2,15:22:18,15:36:33,16:01:30,16:06:13,16:16:13,855.52,1496.34,283.2,2635.06,2204.24,200.54,ready,15:36:16,1513.14,28,"[""천호 F1"", ""천호대교 중간지점"", ""지점 4"", ""잠실대교 중간지점"", ""자양2동"", ""청담대교 중간지점"", ""지점 2"", ""성수대교 남단"", ""신사동"", ""약수동"", ""지점 39"", ""후암동"", ""회현동2가"", ""남영동"", ""충정로3가"", ""아현동"", ""대현동"", ""20통"", ""동교동"", ""서교동"", ""합정동"", ""선유도 17고지"", ""성산대교 중간지점"", ""상암동"", ""덕은동"", ""개화동"", ""하야동 2"", ""마곡 F2""]"
7b768b2566f7,2026-10-10,FPL001073,UAM0007,a4,4,4,1.0,VP012,광화문,VP015,마곡,14,G1,F1,G5,F2,14:55:41,15:05:38,15:23:22,15:28:56,15:38:56,597.62,1064.34,333.94,1995.9,283.54,275.5,ready,15:05:21,1081.14,15,"[""광화문 F1"", ""충정로3가"", ""아현동"", ""대현동"", ""20통"", ""동교동"", ""서교동"", ""합정동"", ""선유도 17고지"", ""성산대교 중간지점"", ""상암동"", ""덕은동"", ""개화동"", ""하야동 2"", ""마곡 F2""]"
7b768b2566f7,2026-10-10,FPL001074,UAM0079,a4,4,4,1.0,VP009,성수,VP011,천호,14,G4,F1,G3,F2,14:55:44,15:04:50,15:54:15,16:05:27,16:15:27,546.16,2964.78,672.0,4182.94,246.16,2835.12,ready,15:04:33,2981.58,8,"[""성수 F1"", ""지점 2"", ""청담대교 중간지점"", ""자양2동"", ""잠실대교 중간지점"", ""지점 4"", ""천호대교 중간지점"", ""천호 F2""]"
7b768b2566f7,2026-10-10,FPL001075,UAM0043,a4,4,4,1.0,VP014,가산,VP010,연신내,14,G1,F1,G6,F2,14:55:54,15:12:21,15:25:30,15:30:14,15:40:14,986.8,789.2,283.2,2059.2,658.64,0.0,ready,15:12:04,806.0,14,"[""가산 F1"", ""구로동"", ""신정6동"", ""신도림동 2"", ""목1동"", ""양평동"", ""지점 18"", ""상암동"", ""지점 25"", ""수색교"", ""지점 24"", ""향동동"", ""지점 23"", ""연신내 F2""]"
7b768b2566f7,2026-10-10,FPL001076,UAM0029,a4,4,4,1.0,VP018,인천,VP014,가산,14,G5,F1,G6,F2,15:04:15,15:19:42,15:41:27,15:46:10,15:56:10,927.2,1304.22,283.2,2514.62,1059.92,255.92,ready,15:19:26,1321.02,12,"[""인천 F1"", ""운북동"", ""영종동"", ""지점 26"", ""지점 27"", ""지점 28"", ""간석3동"", ""지점 37"", ""지점 29"", ""지점 30"", ""지점 31"", ""가산 F2""]"
7b768b2566f7,2026-10-10,FPL001077,UAM0005,a4,4,4,1.0,VP007,봉천,VP001,여의도,14,G3,F1,G3,F2,14:58:40,15:03:40,15:12:23,15:17:07,15:27:07,300.0,523.3,283.2,1106.5,100.62,0.0,ready,15:03:23,540.1,5,"[""봉천 F1"", ""신림동"", ""신림동 2"", ""영등포"", ""여의도 F2""]"
7b768b2566f7,2026-10-10,FPL001078,UAM0089,a4,4,4,1.0,VP015,마곡,VP011,천호,14,G7,F1,G7,F2,15:06:18,15:16:19,15:59:35,16:10:19,16:20:19,600.64,2596.52,643.84,3841.0,795.6,1656.56,ready,15:16:02,2613.32,28,"[""마곡 F1"", ""하야동 2"", ""개화동"", ""덕은동"", ""상암동"", ""성산대교 중간지점"", ""선유도 17고지"", ""합정동"", ""서교동"", ""동교동"", ""20통"", ""대현동"", ""아현동"", ""충정로3가"", ""남영동"", ""회현동2가"", ""후암동"", ""지점 39"", ""약수동"", ""신사동"", ""성수대교 남단"", ""지점 2"", ""청담대교 중간지점"", ""자양2동"", ""잠실대교 중간지점"", ""지점 4"", ""천호대교 중간지점"", ""천호 F2""]"
7b768b2566f7,2026-10-10,FPL001079,UAM0098,a4,4,4,1.0,VP002,잠실,VP018,인천,14,G4,F1,G8,F2,15:04:22,15:23:52,15:55:28,16:00:11,16:10:11,1170.24,1895.44,283.2,3348.88,1214.16,140.64,ready,15:23:35,1912.24,34,"[""잠실 F1"", ""잠실7동"", ""대치교"", ""지점 6"", ""지점 7"", ""지점 8"", ""지점 10"", ""양재동"", ""경부고속도로 양재천 다리"", ""지점 19"", ""방배동"", ""방배2동"", ""남현동"", ""인헌동"", ""행운동"", ""봉천동"", ""은천동"", ""신림동"", ""신림동 2"", ""신사동 3"", ""지점 9"", ""가산동"", ""지점 17"", ""지점 31"", ""지점 30"", ""지점 29"", ""지점 37"", ""간석3동"", ""지점 28"", ""지점 27"", ""지점 26"", ""영종동"", ""운북동"", ""인천 F2""]"
7b768b2566f7,2026-10-10,FPL001080,UAM0034,a4,4,4,1.0,VP002,잠실,VP018,인천,14,G1,F1,G3,F2,14:59:44,15:29:13,15:59:48,16:05:00,16:15:00,1769.28,1835.44,311.36,3916.08,1486.64,80.64,ready,15:28:56,1852.24,34,"[""잠실 F1"", ""잠실7동"", ""대치교"", ""지점 6"", ""지점 7"", ""지점 8"", ""지점 10"", ""양재동"", ""경부고속도로 양재천 다리"", ""지점 19"", ""방배동"", ""방배2동"", ""남현동"", ""인헌동"", ""행운동"", ""봉천동"", ""은천동"", ""신림동"", ""신림동 2"", ""신사동 3"", ""지점 9"", ""가산동"", ""지점 17"", ""지점 31"", ""지점 30"", ""지점 29"", ""지점 37"", ""간석3동"", ""지점 28"", ""지점 27"", ""지점 26"", ""영종동"", ""운북동"", ""인천 F2""]"
7b768b2566f7,2026-10-10,FPL001081,UAM0066,a4,4,4,1.0,VP012,광화문,VP011,천호,15,G2,F1,G6,F2,15:00:07,15:10:59,15:43:34,15:54:31,16:04:31,652.08,1954.72,657.92,3264.72,338.0,1650.46,ready,15:10:42,1971.52,14,"[""광화문 F1"", ""회현동2가"", ""후암동"", ""지점 39"", ""약수동"", ""신사동"", ""성수대교 남단"", ""지점 2"", ""청담대교 중간지점"", ""자양2동"", ""잠실대교 중간지점"", ""지점 4"", ""천호대교 중간지점"", ""천호 F2""]"
7b768b2566f7,2026-10-10,FPL001082,UAM0037,a4,4,4,1.0,VP009,성수,VP014,가산,15,G1,F1,G5,F2,15:00:19,15:13:13,15:32:45,15:37:28,15:47:28,773.94,1172.74,283.2,2229.88,459.86,283.94,ready,15:12:56,1189.54,18,"[""성수 F1"", ""성수대교 남단"", ""신사동"", ""신사동 2"", ""잠원동 2"", ""반포동"", ""이촌동"", ""이촌동 2"", ""이촌2동"", ""지점 14"", ""지점 13"", ""영등포"", ""신도림동"", ""문래동5가"", ""신도림동 2"", ""신정6동"", ""구로동"", ""가산 F2""]"
7b768b2566f7,2026-10-10,FPL001083,UAM0057,a4,4,4,1.0,VP011,천호,VP004,용산,15,G1,F1,G2,F2,15:00:52,15:41:54,15:59:59,16:04:57,16:14:57,2462.0,1085.5,297.28,3844.78,2119.76,298.1,ready,15:41:37,1102.3,18,"[""천호 F1"", ""천호대교 중간지점"", ""지점 4"", ""잠실대교 중간지점"", ""자양2동"", ""청담대교 중간지점"", ""지점 2"", ""성수대교 남단"", ""신사동"", ""약수동"", ""지점 39"", ""후암동"", ""회현동2가"", ""남영동"", ""청파동1가"", ""한강로1가"", ""한강로2가"", ""용산 F2""]"
7b768b2566f7,2026-10-10,FPL001084,UAM0002,a4,4,4,1.0,VP018,인천,VP015,마곡,15,G6,F1,G8,F2,15:08:48,15:25:03,15:43:07,15:47:50,15:57:50,975.36,1084.1,283.2,2342.66,1119.92,0.0,ready,15:24:46,1100.9,10,"[""인천 F1"", ""운북동"", ""영종동"", ""영종대교"", ""지점 22"", ""시천동 아라로"", ""목상동"", ""선주지동"", ""하야동"", ""마곡 F2""]"
7b768b2566f7,2026-10-10,FPL001085,UAM0016,a4,4,4,1.0,VP010,연신내,VP014,가산,15,G5,F1,G2,F2,15:01:58,15:06:58,15:28:25,15:33:36,15:43:36,300.0,1286.5,311.36,1897.86,0,500.7,ready,15:06:41,1303.3,14,"[""연신내 F1"", ""지점 23"", ""향동동"", ""지점 24"", ""수색교"", ""지점 25"", ""상암동"", ""지점 18"", ""양평동"", ""목1동"", ""신도림동 2"", ""신정6동"", ""구로동"", ""가산 F2""]"
7b768b2566f7,2026-10-10,FPL001086,UAM0039,a4,4,4,1.0,VP015,마곡,VP002,잠실,15,G6,F1,G4,F2,15:06:04,15:21:40,15:42:51,15:47:48,15:57:48,935.36,1271.42,297.28,2504.06,827.44,85.82,ready,15:21:23,1288.22,25,"[""마곡 F1"", ""하야동 2"", ""개화동"", ""덕은동"", ""상암동"", ""성산대교 중간지점"", ""선유도 17고지"", ""합정동"", ""서교동"", ""동교동"", ""20통"", ""대현동"", ""아현동"", ""충정로3가"", ""남영동"", ""회현동2가"", ""후암동"", ""지점 39"", ""약수동"", ""신사동"", ""성수대교 남단"", ""지점 2"", ""청담대교 중간지점"", ""지점 3"", ""잠실 F2""]"
7b768b2566f7,2026-10-10,FPL001087,UAM0065,a4,4,4,1.0,VP009,성수,VP013,강남,15,G2,F1,G7,F2,15:12:47,15:18:33,15:28:49,15:33:32,15:43:32,345.92,615.6,283.2,1244.72,519.86,145.6,ready,15:18:16,632.4,9,"[""성수 F1"", ""성수대교 남단"", ""신사동"", ""신사동 2"", ""잠원동 2"", ""잠원동"", ""주흥교"", ""반포1동"", ""강남 F2""]"
7b768b2566f7,2026-10-10,FPL001088,UAM0067,a4,4,4,1.0,VP014,가산,VP009,성수,15,G5,F1,G1,F2,15:05:23,15:17:42,15:34:02,15:38:59,15:48:59,739.22,980.16,297.28,2016.66,439.22,100.86,ready,15:17:25,996.96,18,"[""가산 F1"", ""구로동"", ""신정6동"", ""신도림동 2"", ""문래동5가"", ""신도림동"", ""영등포"", ""지점 13"", ""지점 14"", ""이촌2동"", ""이촌동 2"", ""이촌동"", ""반포동"", ""잠원동 2"", ""신사동 2"", ""신사동"", ""성수대교 남단"", ""성수 F2""]"
7b768b2566f7,2026-10-10,FPL001089,UAM0091,a4,4,4,1.0,VP013,강남,VP016,망우,15,G6,F1,G4,F2,15:05:41,15:25:49,15:38:25,15:43:08,15:53:08,1207.6,756.1,283.2,2246.9,893.52,0.0,ready,15:25:32,772.9,16,"[""강남 F1"", ""반포1동"", ""주흥교"", ""잠원동"", ""잠원동 2"", ""신사동 2"", ""신사동"", ""응봉동"", ""지점 12"", ""송정동"", ""중곡1동"", ""지점"", ""중랑천 제방길"", ""중랑철교"", ""중화동"", ""망우 F2""]"
7b768b2566f7,2026-10-10,FPL001090,UAM0076,a4,4,4,1.0,VP018,인천,VP015,마곡,15,G3,F1,G5,F2,15:05:44,15:30:24,15:48:28,15:53:25,16:03:25,1479.92,1084.1,297.28,2861.3,1151.76,0.0,ready,15:30:07,1100.9,10,"[""인천 F1"", ""운북동"", ""영종동"", ""영종대교"", ""지점 22"", ""시천동 아라로"", ""목상동"", ""선주지동"", ""하야동"", ""마곡 F2""]"
7b768b2566f7,2026-10-10,FPL001091,UAM0003,a4,4,4,1.0,VP011,천호,VP008,사당,15,G2,F1,G3,F2,15:33:41,15:47:15,15:59:29,16:04:12,16:14:12,813.28,734.4,283.2,1830.88,2119.76,0.0,ready,15:46:58,751.2,17,"[""천호 F1"", ""천호대교 중간지점"", ""지점 4"", ""잠실대교 중간지점"", ""자양2동"", ""지점 3"", ""잠실7동"", ""대치교"", ""지점 6"", ""지점 7"", ""지점 8"", ""지점 10"", ""양재동"", ""경부고속도로 양재천 다리"", ""지점 19"", ""방배동"", ""사당 F2""]"
7b768b2566f7,2026-10-10,FPL001092,UAM0042,a4,4,4,1.0,VP012,광화문,VP006,미아,15,G3,F1,G1,F2,15:06:44,15:16:19,15:35:05,15:40:03,15:50:03,575.04,1126.0,297.28,1998.32,275.04,219.6,ready,15:16:03,1142.8,19,"[""광화문 F1"", ""회현동2가"", ""후암동"", ""지점 39"", ""약수동"", ""신사동"", ""응봉동"", ""지점 12"", ""송정동"", ""중곡1동"", ""지점"", ""중랑천 제방길"", ""중랑철교"", ""중화동"", ""월릉교"", ""공릉1동 2"", ""월계3동"", ""월계동"", ""미아 F2""]"
7b768b2566f7,2026-10-10,FPL001093,UAM0040,a4,4,4,1.0,VP017,수서,VP006,미아,15,G6,F1,G4,F2,15:11:42,15:16:42,15:30:45,15:35:28,15:45:28,300.0,842.7,283.2,1425.9,297.62,0.0,ready,15:16:25,859.5,17,"[""수서 F1"", ""개포3동"", ""잠실7동"", ""지점 3"", ""청담대교 중간지점"", ""건대입구"", ""송정동"", ""중곡1동"", ""지점"", ""중랑천 제방길"", ""중랑철교"", ""중화동"", ""월릉교"", ""공릉1동 2"", ""월계3동"", ""월계동"", ""미아 F2""]"
7b768b2566f7,2026-10-10,FPL001094,UAM0047,a4,4,4,1.0,VP015,마곡,VP014,가산,15,G3,F1,G4,F2,15:07:13,15:27:00,15:45:47,15:50:50,16:00:50,1187.44,1126.98,302.4,2616.82,859.28,310.4,ready,15:26:43,1143.78,12,"[""마곡 F1"", ""하야동 2"", ""개화동"", ""덕은동"", ""상암동"", ""지점 18"", ""양평동"", ""목1동"", ""신도림동 2"", ""신정6동"", ""구로동"", ""가산 F2""]"
7b768b2566f7,2026-10-10,FPL001095,UAM0006,a4,4,4,1.0,VP006,미아,VP011,천호,15,G3,F1,G1,F2,15:08:32,15:13:32,16:04:56,16:16:22,16:26:22,300.0,3083.68,686.08,4069.76,0,2719.12,ready,15:13:16,3100.48,15,"[""미아 F1"", ""월계동"", ""월계3동"", ""공릉1동 2"", ""월릉교"", ""중화동"", ""중랑철교"", ""중랑천 제방길"", ""지점"", ""중곡1동"", ""능동"", ""구의동"", ""아차산 고가차도"", ""천호대교 중간지점"", ""천호 F2""]"
7b768b2566f7,2026-10-10,FPL001096,UAM0075,a4,4,4,1.0,VP007,봉천,VP015,마곡,15,G4,F1,G6,F2,15:08:36,15:13:36,15:28:09,15:33:06,15:43:06,300.0,872.9,297.28,1470.18,0,0.0,ready,15:13:19,889.7,12,"[""봉천 F1"", ""신림동"", ""신림동 2"", ""영등포"", ""지점 11"", ""선유도 17고지"", ""성산대교 중간지점"", ""상암동"", ""덕은동"", ""개화동"", ""하야동 2"", ""마곡 F2""]"
7b768b2566f7,2026-10-10,FPL001097,UAM0035,a4,4,4,1.0,VP002,잠실,VP011,천호,15,G5,F1,G4,F2,15:20:18,15:34:33,16:31:39,16:42:51,16:52:51,855.52,3425.78,672.0,4953.3,1242.32,3343.82,ready,15:34:17,3442.58,7,"[""잠실 F1"", ""지점 3"", ""자양2동"", ""잠실대교 중간지점"", ""지점 4"", ""천호대교 중간지점"", ""천호 F2""]"
7b768b2566f7,2026-10-10,FPL001098,UAM0009,a4,4,4,1.0,VP002,잠실,VP004,용산,15,G2,F1,G4,F2,15:09:39,15:39:54,15:51:18,15:56:01,16:06:01,1814.8,684.0,283.2,2782.0,1486.64,0.0,ready,15:39:37,700.8,15,"[""잠실 F1"", ""지점 3"", ""청담대교 중간지점"", ""지점 2"", ""성수대교 남단"", ""신사동"", ""약수동"", ""지점 39"", ""후암동"", ""회현동2가"", ""남영동"", ""청파동1가"", ""한강로1가"", ""한강로2가"", ""용산 F2""]"
7b768b2566f7,2026-10-10,FPL001099,UAM0055,a4,4,4,1.0,VP014,가산,VP016,망우,15,G6,F1,G3,F2,15:15:49,15:23:03,15:47:06,15:51:49,16:01:49,433.06,1443.34,283.2,2159.6,499.22,266.04,ready,15:22:46,1460.14,25,"[""가산 F1"", ""구로동"", ""신정6동"", ""신도림동 2"", ""문래동5가"", ""신도림동"", ""영등포"", ""지점 13"", ""지점 14"", ""이촌2동"", ""이촌동 2"", ""이촌동"", ""반포동"", ""잠원동 2"", ""신사동 2"", ""신사동"", ""응봉동"", ""지점 12"", ""송정동"", ""중곡1동"", ""지점"", ""중랑천 제방길"", ""중랑철교"", ""중화동"", ""망우 F2""]"
7b768b2566f7,2026-10-10,FPL001100,UAM0051,a4,4,4,1.0,VP010,연신내,VP012,광화문,15,G6,F1,G4,F2,15:09:45,15:14:45,15:28:08,15:32:52,15:42:52,300.0,803.1,283.2,1386.3,0,0.0,ready,15:14:29,819.9,17,"[""연신내 F1"", ""지점 23"", ""향동동"", ""지점 24"", ""수색교"", ""지점 25"", ""상암동"", ""성산대교 중간지점"", ""선유도 17고지"", ""합정동"", ""서교동"", ""동교동"", ""20통"", ""대현동"", ""아현동"", ""충정로3가"", ""광화문 F2""]"
7b768b2566f7,2026-10-10,FPL001101,UAM0099,a4,4,4,1.0,VP018,인천,VP010,연신내,15,G4,F1,G5,F2,15:12:54,15:35:44,15:58:19,16:03:02,16:13:02,1370.08,1354.4,283.2,3007.68,1211.76,0.0,ready,15:35:27,1371.2,18,"[""인천 F1"", ""운북동"", ""영종동"", ""영종대교"", ""지점 22"", ""시천동 아라로"", ""목상동"", ""선주지동"", ""하야동"", ""하야동 2"", ""개화동"", ""덕은동"", ""지점 25"", ""수색교"", ""지점 24"", ""향동동"", ""지점 23"", ""연신내 F2""]"
7b768b2566f7,2026-10-10,FPL001102,UAM0088,a4,4,4,1.0,VP011,천호,VP017,수서,15,G8,F1,G3,F2,15:38:20,15:52:35,16:01:30,16:06:27,16:16:27,855.52,534.4,297.28,1687.2,2204.24,0.0,ready,15:52:18,551.2,9,"[""천호 F1"", ""천호대교 중간지점"", ""지점 4"", ""잠실대교 중간지점"", ""자양2동"", ""지점 3"", ""잠실7동"", ""개포3동"", ""수서 F2""]"
7b768b2566f7,2026-10-10,FPL001103,UAM0049,a4,4,4,1.0,VP015,마곡,VP016,망우,15,G8,F1,G4,F2,15:12:19,15:32:21,15:55:43,16:00:27,16:10:27,1201.92,1402.5,283.2,2887.62,975.6,0.0,ready,15:32:04,1419.3,29,"[""마곡 F1"", ""하야동 2"", ""개화동"", ""덕은동"", ""상암동"", ""성산대교 중간지점"", ""선유도 17고지"", ""합정동"", ""서교동"", ""동교동"", ""20통"", ""대현동"", ""아현동"", ""충정로3가"", ""남영동"", ""회현동2가"", ""후암동"", ""지점 39"", ""약수동"", ""신사동"", ""응봉동"", ""지점 12"", ""송정동"", ""중곡1동"", ""지점"", ""중랑천 제방길"", ""중랑철교"", ""중화동"", ""망우 F2""]"
7b768b2566f7,2026-10-10,FPL001104,UAM0097,a4,4,4,1.0,VP017,수서,VP006,미아,15,G3,F1,G3,F2,15:11:56,15:22:03,15:39:26,15:44:09,15:54:09,606.56,1043.34,283.2,1933.1,329.46,200.64,ready,15:21:46,1060.14,17,"[""수서 F1"", ""개포3동"", ""잠실7동"", ""지점 3"", ""청담대교 중간지점"", ""건대입구"", ""송정동"", ""중곡1동"", ""지점"", ""중랑천 제방길"", ""중랑철교"", ""중화동"", ""월릉교"", ""공릉1동 2"", ""월계3동"", ""월계동"", ""미아 F2""]"
7b768b2566f7,2026-10-10,FPL001105,UAM0028,a4,4,4,1.0,VP003,상암,VP009,성수,15,G3,F1,G4,F2,15:13:26,15:18:26,15:29:41,15:34:25,15:44:25,300.0,675.0,283.2,1258.2,0,0.0,ready,15:18:10,691.8,15,"[""상암 F1"", ""서교동"", ""동교동"", ""20통"", ""대현동"", ""아현동"", ""충정로3가"", ""남영동"", ""회현동2가"", ""후암동"", ""지점 39"", ""약수동"", ""신사동"", ""성수대교 남단"", ""성수 F2""]"
7b768b2566f7,2026-10-10,FPL001106,UAM0069,a4,4,4,1.0,VP009,성수,VP017,수서,15,G3,F1,G6,F2,15:17:15,15:23:54,15:33:46,15:38:30,15:48:30,398.72,592.6,283.2,1274.52,306.16,136.0,ready,15:23:37,609.4,7,"[""성수 F1"", ""지점 2"", ""청담대교 중간지점"", ""지점 3"", ""잠실7동"", ""개포3동"", ""수서 F2""]"
7b768b2566f7,2026-10-10,FPL001107,UAM0068,a4,4,4,1.0,VP008,사당,VP006,미아,15,G3,F1,G2,F2,15:13:58,15:18:58,15:43:47,15:48:44,15:58:44,300.0,1489.12,297.28,2086.4,0,435.22,ready,15:18:41,1505.92,25,"[""사당 F1"", ""방배동"", ""지점 19"", ""경부고속도로 양재천 다리"", ""양재동"", ""지점 10"", ""지점 8"", ""지점 7"", ""지점 6"", ""대치교"", ""잠실7동"", ""지점 3"", ""청담대교 중간지점"", ""건대입구"", ""송정동"", ""중곡1동"", ""지점"", ""중랑천 제방길"", ""중랑철교"", ""중화동"", ""월릉교"", ""공릉1동 2"", ""월계3동"", ""월계동"", ""미아 F2""]"
7b768b2566f7,2026-10-10,FPL001108,UAM0092,a4,4,4,1.0,VP002,잠실,VP014,가산,15,G6,F1,G6,F2,15:25:13,15:45:15,16:01:14,16:11:58,16:21:58,1201.92,959.44,643.84,2805.2,1562.96,380.68,ready,15:44:58,976.24,23,"[""잠실 F1"", ""잠실7동"", ""대치교"", ""지점 6"", ""지점 7"", ""지점 8"", ""지점 10"", ""양재동"", ""경부고속도로 양재천 다리"", ""지점 19"", ""방배동"", ""방배2동"", ""남현동"", ""인헌동"", ""행운동"", ""봉천동"", ""은천동"", ""신림동"", ""신림동 2"", ""신사동 3"", ""지점 9"", ""가산동"", ""가산 F2""]"
7b768b2566f7,2026-10-10,FPL001109,UAM0096,a4,4,4,1.0,VP018,인천,VP006,미아,15,G1,F1,G3,F2,15:14:39,15:41:05,16:18:02,16:22:45,16:32:45,1585.84,2217.4,283.2,4086.44,1243.6,0.0,ready,15:40:48,2234.2,41,"[""인천 F1"", ""운북동"", ""영종동"", ""영종대교"", ""지점 22"", ""시천동 아라로"", ""목상동"", ""선주지동"", ""하야동"", ""하야동 2"", ""개화동"", ""덕은동"", ""상암동"", ""성산대교 중간지점"", ""선유도 17고지"", ""합정동"", ""서교동"", ""동교동"", ""20통"", ""대현동"", ""아현동"", ""충정로3가"", ""남영동"", ""회현동2가"", ""후암동"", ""지점 39"", ""약수동"", ""신사동"", ""응봉동"", ""지점 12"", ""송정동"", ""중곡1동"", ""지점"", ""중랑천 제방길"", ""중랑철교"", ""중화동"", ""월릉교"", ""공릉1동 2"", ""월계3동"", ""월계동"", ""미아 F2""]"
7b768b2566f7,2026-10-10,FPL001110,UAM0031,a4,4,4,1.0,VP015,마곡,VP003,상암,15,G4,F1,G3,F2,15:15:54,15:37:41,15:47:21,15:52:05,16:02:05,1307.44,579.9,283.2,2170.54,979.28,0.0,ready,15:37:25,596.7,6,"[""마곡 F1"", ""하야동 2"", ""개화동"", ""덕은동"", ""상암동"", ""상암 F2""]"
7b768b2566f7,2026-10-10,FPL001111,UAM0095,a4,4,4,1.0,VP011,천호,VP013,강남,15,G5,F1,G8,F2,15:38:34,15:57:56,16:11:07,16:15:50,16:25:50,1162.08,791.0,283.2,2236.28,2176.08,0.0,ready,15:57:39,807.8,17,"[""천호 F1"", ""천호대교 중간지점"", ""지점 4"", ""잠실대교 중간지점"", ""자양2동"", ""지점 3"", ""잠실7동"", ""대치교"", ""지점 6"", ""지점 7"", ""지점 8"", ""지점 10"", ""양재동"", ""경부고속도로 양재천 다리"", ""지점 21"", ""서초2동 2"", ""강남 F2""]"
7b768b2566f7,2026-10-10,FPL001112,UAM0086,a4,4,4,1.0,VP017,수서,VP004,용산,15,G5,F1,G3,F2,15:17:17,15:27:23,15:40:07,15:44:51,15:54:51,606.16,764.0,283.2,1653.36,306.16,0.0,ready,15:27:07,780.8,17,"[""수서 F1"", ""개포3동"", ""잠실7동"", ""지점 3"", ""청담대교 중간지점"", ""지점 2"", ""성수대교 남단"", ""신사동"", ""약수동"", ""지점 39"", ""후암동"", ""회현동2가"", ""남영동"", ""청파동1가"", ""한강로1가"", ""한강로2가"", ""용산 F2""]"
7b768b2566f7,2026-10-10,FPL001113,UAM0087,a4,4,4,1.0,VP003,상암,VP018,인천,15,G4,F1,G6,F2,15:17:47,15:23:47,15:46:46,15:51:44,16:01:44,360.0,1379.3,297.28,2036.58,60.0,158.1,ready,15:23:30,1396.1,14,"[""상암 F1"", ""지점 25"", ""덕은동"", ""개화동"", ""하야동 2"", ""하야동"", ""선주지동"", ""목상동"", ""시천동 아라로"", ""지점 22"", ""영종대교"", ""영종동"", ""운북동"", ""인천 F2""]"
7b768b2566f7,2026-10-10,FPL001114,UAM0077,a4,4,4,1.0,VP009,성수,VP007,봉천,15,G4,F1,G4,F2,15:18:08,15:29:14,15:41:28,15:46:11,15:56:11,666.16,733.28,283.2,1682.64,366.16,86.18,ready,15:28:58,750.08,18,"[""성수 F1"", ""성수대교 남단"", ""신사동"", ""신사동 2"", ""잠원동 2"", ""반포동"", ""이촌동"", ""동작동 2"", ""동작동"", ""방배4동"", ""사당1동 2"", ""사당1동"", ""방배2동"", ""남현동"", ""인헌동"", ""행운동"", ""봉천동"", ""봉천 F2""]"
7b768b2566f7,2026-10-10,FPL001115,UAM0058,a4,4,4,1.0,VP018,인천,VP002,잠실,15,G7,F1,G6,F2,15:27:38,15:46:26,16:15:55,16:20:38,16:30:38,1128.0,1769.3,283.2,3180.5,1388.08,0.0,ready,15:46:09,1786.1,34,"[""인천 F1"", ""운북동"", ""영종동"", ""지점 26"", ""지점 27"", ""지점 28"", ""간석3동"", ""지점 37"", ""지점 29"", ""지점 30"", ""지점 31"", ""지점 17"", ""가산동"", ""지점 9"", ""신사동 3"", ""신림동 2"", ""신림동"", ""은천동"", ""봉천동"", ""행운동"", ""인헌동"", ""남현동"", ""방배2동"", ""방배동"", ""지점 19"", ""경부고속도로 양재천 다리"", ""양재동"", ""지점 10"", ""지점 8"", ""지점 7"", ""지점 6"", ""대치교"", ""잠실7동"", ""잠실 F2""]"
7b768b2566f7,2026-10-10,FPL001116,UAM0083,a4,4,4,1.0,VP008,사당,VP011,천호,15,G4,F1,G6,F2,15:18:18,15:24:18,16:26:19,16:37:17,16:47:17,360.0,3720.4,657.92,4738.32,60.0,3336.84,ready,15:24:01,3737.2,17,"[""사당 F1"", ""방배동"", ""지점 19"", ""경부고속도로 양재천 다리"", ""양재동"", ""지점 10"", ""지점 8"", ""지점 7"", ""지점 6"", ""대치교"", ""잠실7동"", ""지점 3"", ""자양2동"", ""잠실대교 중간지점"", ""지점 4"", ""천호대교 중간지점"", ""천호 F2""]"
7b768b2566f7,2026-10-10,FPL001117,UAM0045,a4,4,4,1.0,VP014,가산,VP007,봉천,15,G5,F1,G1,F2,15:33:12,15:38:12,15:47:20,15:52:18,16:02:18,300.0,548.2,297.28,1145.48,707.44,0.0,ready,15:37:55,565.0,7,"[""가산 F1"", ""가산동"", ""지점 9"", ""신사동 3"", ""신림동 2"", ""신림동"", ""봉천 F2""]"
7b768b2566f7,2026-10-10,FPL001118,UAM0094,a4,4,4,1.0,VP013,강남,VP014,가산,15,G7,F1,G5,F2,15:29:16,15:34:16,15:50:08,16:01:17,16:11:17,300.0,952.26,668.96,1921.22,466.8,456.82,ready,15:33:59,969.06,18,"[""강남 F1"", ""서초2동 2"", ""지점 21"", ""경부고속도로 양재천 다리"", ""지점 19"", ""방배동"", ""방배2동"", ""남현동"", ""인헌동"", ""행운동"", ""봉천동"", ""은천동"", ""신림동"", ""신림동 2"", ""신사동 3"", ""지점 9"", ""가산동"", ""가산 F2""]"
7b768b2566f7,2026-10-10,FPL001119,UAM0059,a4,4,4,1.0,VP011,천호,VP007,봉천,15,G6,F1,G2,F2,15:49:15,16:03:16,16:25:13,16:30:10,16:40:10,841.44,1316.24,297.28,2454.96,2176.08,464.64,ready,16:03:00,1333.04,22,"[""천호 F1"", ""천호대교 중간지점"", ""지점 4"", ""잠실대교 중간지점"", ""자양2동"", ""지점 3"", ""잠실7동"", ""대치교"", ""지점 6"", ""지점 7"", ""지점 8"", ""지점 10"", ""양재동"", ""경부고속도로 양재천 다리"", ""지점 19"", ""방배동"", ""방배2동"", ""남현동"", ""인헌동"", ""행운동"", ""봉천동"", ""봉천 F2""]"
7b768b2566f7,2026-10-10,FPL001120,UAM0052,a4,4,4,1.0,VP013,강남,VP002,잠실,15,G8,F1,G5,F2,15:29:36,15:39:36,15:49:43,15:54:26,16:04:26,600.64,606.4,283.2,1490.24,767.44,0.0,ready,15:39:19,623.2,12,"[""강남 F1"", ""서초2동 2"", ""지점 21"", ""경부고속도로 양재천 다리"", ""양재동"", ""지점 10"", ""지점 8"", ""지점 7"", ""지점 6"", ""대치교"", ""잠실7동"", ""잠실 F2""]"
7b768b2566f7,2026-10-10,FPL001121,UAM0060,a4,4,4,1.0,VP017,수서,VP011,천호,15,G4,F1,G8,F2,15:21:52,15:32:44,16:15:37,16:26:21,16:36:21,652.08,2573.34,643.84,3869.26,338.0,2401.08,ready,15:32:27,2590.14,9,"[""수서 F1"", ""개포3동"", ""잠실7동"", ""지점 3"", ""자양2동"", ""잠실대교 중간지점"", ""지점 4"", ""천호대교 중간지점"", ""천호 F2""]"
7b768b2566f7,2026-10-10,FPL001122,UAM0070,a4,4,4,1.0,VP018,인천,VP008,사당,15,G8,F1,G3,F2,15:37:31,15:51:46,16:15:24,16:20:07,16:30:07,855.52,1417.9,283.2,2556.62,1448.08,0.0,ready,15:51:29,1434.7,22,"[""인천 F1"", ""운북동"", ""영종동"", ""지점 26"", ""지점 27"", ""지점 28"", ""간석3동"", ""지점 37"", ""지점 29"", ""지점 30"", ""지점 31"", ""지점 17"", ""가산동"", ""지점 9"", ""신사동 3"", ""신림동 2"", ""신림동"", ""은천동"", ""봉천동"", ""행운동"", ""인헌동"", ""사당 F2""]"
7b768b2566f7,2026-10-10,FPL001123,UAM0072,a4,4,4,1.0,VP009,성수,VP015,마곡,15,G1,F1,G6,F2,15:22:43,15:34:35,15:52:48,15:57:46,16:07:46,712.08,1093.26,297.28,2102.62,398.0,2.46,ready,15:34:18,1110.06,22,"[""성수 F1"", ""성수대교 남단"", ""신사동"", ""약수동"", ""지점 39"", ""후암동"", ""회현동2가"", ""남영동"", ""충정로3가"", ""아현동"", ""대현동"", ""20통"", ""동교동"", ""서교동"", ""합정동"", ""선유도 17고지"", ""성산대교 중간지점"", ""상암동"", ""덕은동"", ""개화동"", ""하야동 2"", ""마곡 F2""]"
7b768b2566f7,2026-10-10,FPL001124,UAM0090,a4,4,4,1.0,VP007,봉천,VP013,강남,15,G3,F1,G5,F2,15:25:31,15:30:31,15:40:28,15:52:14,16:02:14,300.0,596.7,705.62,1602.32,0,408.34,ready,15:30:15,613.5,12,"[""봉천 F1"", ""봉천동"", ""행운동"", ""인헌동"", ""남현동"", ""방배2동"", ""방배동"", ""지점 19"", ""경부고속도로 양재천 다리"", ""지점 21"", ""서초2동 2"", ""강남 F2""]"
7b768b2566f7,2026-10-10,FPL001125,UAM0012,a4,4,4,1.0,VP014,가산,VP003,상암,15,G3,F1,G4,F2,15:33:26,15:43:33,15:54:36,15:59:19,16:09:19,606.56,663.2,283.2,1552.96,739.28,0.0,ready,15:43:16,680.0,9,"[""가산 F1"", ""구로동"", ""신정6동"", ""신도림동 2"", ""목1동"", ""양평동"", ""지점 18"", ""상암동"", ""상암 F2""]"
7b768b2566f7,2026-10-10,FPL001126,UAM0022,a4,4,4,1.0,VP016,망우,VP014,가산,15,G3,F1,G1,F2,15:26:05,15:31:05,15:54:28,16:02:05,16:12:05,300.0,1403.0,456.48,2159.48,0,419.32,ready,15:30:49,1419.8,24,"[""망우 F1"", ""중랑철교"", ""중랑천 제방길"", ""지점"", ""중곡1동"", ""송정동"", ""지점 12"", ""응봉동"", ""신사동"", ""신사동 2"", ""잠원동 2"", ""반포동"", ""이촌동"", ""이촌동 2"", ""이촌2동"", ""지점 14"", ""지점 13"", ""영등포"", ""신도림동"", ""문래동5가"", ""신도림동 2"", ""신정6동"", ""구로동"", ""가산 F2""]"
7b768b2566f7,2026-10-10,FPL001127,UAM0017,a4,4,4,1.0,VP013,강남,VP017,수서,15,G5,F1,G6,F2,15:29:30,15:44:57,15:55:40,16:00:23,16:10:23,927.2,643.1,283.2,1853.5,759.28,0.0,ready,15:44:40,659.9,13,"[""강남 F1"", ""서초2동 2"", ""지점 21"", ""경부고속도로 양재천 다리"", ""양재동"", ""지점 10"", ""지점 8"", ""지점 7"", ""지점 6"", ""대치교"", ""잠실7동"", ""개포3동"", ""수서 F2""]"
7b768b2566f7,2026-10-10,FPL001128,UAM0005,a4,4,4,1.0,VP001,여의도,VP017,수서,15,G3,F1,G5,F2,15:30:31,15:35:31,15:49:24,15:54:08,16:04:08,300.0,833.7,283.2,1416.9,204.16,0.0,ready,15:35:14,850.5,17,"[""여의도 F1"", ""지점 32"", ""여의동 2"", ""이촌2동"", ""이촌동 2"", ""이촌동"", ""반포동"", ""잠원동 2"", ""신사동 2"", ""신사동"", ""성수대교 남단"", ""지점 2"", ""청담대교 중간지점"", ""지점 3"", ""잠실7동"", ""개포3동"", ""수서 F2""]"
7b768b2566f7,2026-10-10,FPL001129,UAM0004,a4,4,4,1.0,VP011,천호,VP009,성수,15,G4,F1,G3,F2,15:38:48,16:08:37,16:16:35,16:21:19,16:31:19,1789.28,478.2,283.2,2550.68,2147.92,0.0,ready,16:08:20,495.0,8,"[""천호 F1"", ""천호대교 중간지점"", ""지점 4"", ""잠실대교 중간지점"", ""자양2동"", ""청담대교 중간지점"", ""지점 2"", ""성수 F2""]"
7b768b2566f7,2026-10-10,FPL001130,UAM0010,a4,4,4,1.0,VP009,성수,VP011,천호,15,G2,F1,G1,F2,15:27:25,15:39:56,16:47:41,16:59:07,17:09:07,750.8,4065.48,686.08,5502.36,436.72,3935.82,ready,15:39:39,4082.28,8,"[""성수 F1"", ""지점 2"", ""청담대교 중간지점"", ""자양2동"", ""잠실대교 중간지점"", ""지점 4"", ""천호대교 중간지점"", ""천호 F2""]"
7b768b2566f7,2026-10-10,FPL001131,UAM0041,a4,4,4,1.0,VP012,광화문,VP009,성수,15,G3,F1,G4,F2,15:32:56,15:37:56,15:45:24,15:50:07,16:00:07,300.0,448.4,283.2,1031.6,299.66,0.0,ready,15:37:39,465.2,8,"[""광화문 F1"", ""회현동2가"", ""후암동"", ""지점 39"", ""약수동"", ""신사동"", ""성수대교 남단"", ""성수 F2""]"
7b768b2566f7,2026-10-10,FPL001132,UAM0036,a4,4,4,1.0,VP014,가산,VP009,성수,15,G6,F1,G1,F2,15:41:53,15:48:53,16:09:47,16:14:45,16:24:45,420.0,1254.16,297.28,1971.44,827.44,374.86,ready,15:48:37,1270.96,18,"[""가산 F1"", ""구로동"", ""신정6동"", ""신도림동 2"", ""문래동5가"", ""신도림동"", ""영등포"", ""지점 13"", ""지점 14"", ""이촌2동"", ""이촌동 2"", ""이촌동"", ""반포동"", ""잠원동 2"", ""신사동 2"", ""신사동"", ""성수대교 남단"", ""성수 F2""]"
7b768b2566f7,2026-10-10,FPL001133,UAM0050,a4,4,4,1.0,VP002,잠실,VP013,강남,15,G3,F1,G7,F2,15:30:28,15:50:35,16:00:29,16:05:12,16:15:12,1207.6,593.5,283.2,2084.3,893.52,0.0,ready,15:50:19,610.3,12,"[""잠실 F1"", ""잠실7동"", ""대치교"", ""지점 6"", ""지점 7"", ""지점 8"", ""지점 10"", ""양재동"", ""경부고속도로 양재천 다리"", ""지점 21"", ""서초2동 2"", ""강남 F2""]"
7b768b2566f7,2026-10-10,FPL001134,UAM0014,a4,4,4,1.0,VP013,강남,VP018,인천,15,G6,F1,G7,F2,15:33:42,15:50:17,16:18:34,16:25:32,16:35:32,995.36,1696.8,417.88,3110.04,859.28,134.68,ready,15:50:01,1713.6,29,"[""강남 F1"", ""서초2동 2"", ""지점 21"", ""경부고속도로 양재천 다리"", ""지점 19"", ""방배동"", ""방배2동"", ""남현동"", ""인헌동"", ""행운동"", ""봉천동"", ""은천동"", ""신림동"", ""신림동 2"", ""신사동 3"", ""지점 9"", ""가산동"", ""지점 17"", ""지점 31"", ""지점 30"", ""지점 29"", ""지점 37"", ""간석3동"", ""지점 28"", ""지점 27"", ""지점 26"", ""영종동"", ""운북동"", ""인천 F2""]"
7b768b2566f7,2026-10-10,FPL001135,UAM0082,a4,4,4,1.0,VP011,천호,VP013,강남,15,G3,F1,G8,F2,16:00:10,16:13:58,16:27:52,16:32:35,16:42:35,827.36,833.96,283.2,1944.52,2147.92,42.96,ready,16:13:41,850.76,17,"[""천호 F1"", ""천호대교 중간지점"", ""지점 4"", ""잠실대교 중간지점"", ""자양2동"", ""지점 3"", ""잠실7동"", ""대치교"", ""지점 6"", ""지점 7"", ""지점 8"", ""지점 10"", ""양재동"", ""경부고속도로 양재천 다리"", ""지점 21"", ""서초2동 2"", ""강남 F2""]"
7b768b2566f7,2026-10-10,FPL001136,UAM0038,a4,4,4,1.0,VP006,미아,VP018,인천,15,G3,F1,G8,F2,15:39:53,15:44:53,16:22:55,16:27:38,16:37:38,300.0,2282.04,283.2,2865.24,413.32,73.14,ready,15:44:36,2298.84,41,"[""미아 F1"", ""월계동"", ""월계3동"", ""공릉1동 2"", ""월릉교"", ""중화동"", ""중랑철교"", ""중랑천 제방길"", ""지점"", ""중곡1동"", ""송정동"", ""지점 12"", ""응봉동"", ""신사동"", ""약수동"", ""지점 39"", ""후암동"", ""회현동2가"", ""남영동"", ""충정로3가"", ""아현동"", ""대현동"", ""20통"", ""동교동"", ""서교동"", ""합정동"", ""선유도 17고지"", ""성산대교 중간지점"", ""상암동"", ""덕은동"", ""개화동"", ""하야동 2"", ""하야동"", ""선주지동"", ""목상동"", ""시천동 아라로"", ""지점 22"", ""영종대교"", ""영종동"", ""운북동"", ""인천 F2""]"
7b768b2566f7,2026-10-10,FPL001137,UAM0080,a4,4,4,1.0,VP015,마곡,VP009,성수,15,G7,F1,G3,F2,15:33:22,15:43:02,16:01:06,16:05:49,16:15:49,580.4,1084.1,283.2,1947.7,280.4,0.0,ready,15:42:45,1100.9,22,"[""마곡 F1"", ""하야동 2"", ""개화동"", ""덕은동"", ""상암동"", ""성산대교 중간지점"", ""선유도 17고지"", ""합정동"", ""서교동"", ""동교동"", ""20통"", ""대현동"", ""아현동"", ""충정로3가"", ""남영동"", ""회현동2가"", ""후암동"", ""지점 39"", ""약수동"", ""신사동"", ""성수대교 남단"", ""성수 F2""]"
7b768b2566f7,2026-10-10,FPL001138,UAM0061,a4,4,4,1.0,VP009,성수,VP012,광화문,15,G3,F1,G3,F2,15:38:50,15:45:16,15:52:41,15:57:24,16:07:24,386.84,444.6,283.2,1114.64,409.6,0.0,ready,15:45:00,461.4,8,"[""성수 F1"", ""성수대교 남단"", ""신사동"", ""약수동"", ""지점 39"", ""후암동"", ""회현동2가"", ""광화문 F2""]"
7b768b2566f7,2026-10-10,FPL001139,UAM0054,a4,4,4,1.0,VP015,마곡,VP001,여의도,15,G8,F1,G3,F2,15:33:45,15:48:23,15:59:55,16:04:38,16:14:38,877.7,691.8,283.2,1852.7,577.7,0.0,ready,15:48:06,708.6,9,"[""마곡 F1"", ""하야동 2"", ""개화동"", ""덕은동"", ""상암동"", ""성산대교 중간지점"", ""선유도 17고지"", ""지점 11"", ""여의도 F2""]"
7b768b2566f7,2026-10-10,FPL001140,UAM0071,a4,4,4,1.0,VP014,가산,VP005,목동,15,G4,F1,G7,F2,15:42:07,15:54:14,16:01:58,16:06:41,16:16:41,726.56,464.3,283.2,1474.06,859.28,0.0,ready,15:53:57,481.1,4,"[""가산 F1"", ""구로동"", ""신정6동"", ""목동 F2""]"
7b768b2566f7,2026-10-10,FPL001141,UAM0024,a4,4,4,1.0,VP001,여의도,VP016,망우,15,G4,F1,G2,F2,15:35:06,15:40:51,16:00:04,16:05:01,16:15:01,345.52,1152.66,297.28,1795.46,45.52,204.86,ready,15:40:35,1169.46,19,"[""여의도 F1"", ""지점 32"", ""여의동 2"", ""이촌2동"", ""이촌동 2"", ""이촌동"", ""반포동"", ""잠원동 2"", ""신사동 2"", ""신사동"", ""응봉동"", ""지점 12"", ""송정동"", ""중곡1동"", ""지점"", ""중랑천 제방길"", ""중랑철교"", ""중화동"", ""망우 F2""]"
7b768b2566f7,2026-10-10,FPL001142,UAM0048,a4,4,4,1.0,VP010,연신내,VP011,천호,15,G5,F1,G5,F2,15:35:06,15:40:06,16:20:58,16:31:56,16:41:56,300.0,2451.8,657.92,3409.72,0,1529.14,ready,15:39:49,2468.6,30,"[""연신내 F1"", ""지점 23"", ""향동동"", ""지점 24"", ""수색교"", ""지점 25"", ""상암동"", ""성산대교 중간지점"", ""선유도 17고지"", ""합정동"", ""서교동"", ""동교동"", ""20통"", ""대현동"", ""아현동"", ""충정로3가"", ""남영동"", ""회현동2가"", ""후암동"", ""지점 39"", ""약수동"", ""신사동"", ""성수대교 남단"", ""지점 2"", ""청담대교 중간지점"", ""자양2동"", ""잠실대교 중간지점"", ""지점 4"", ""천호대교 중간지점"", ""천호 F2""]"
7b768b2566f7,2026-10-10,FPL001143,UAM0021,a4,4,4,1.0,VP013,강남,VP014,가산,15,G3,F1,G3,F2,15:35:19,15:55:38,16:10:19,16:17:33,16:27:33,1219.28,881.2,433.46,2533.94,891.12,136.18,ready,15:55:21,898.0,18,"[""강남 F1"", ""서초2동 2"", ""지점 21"", ""경부고속도로 양재천 다리"", ""지점 19"", ""방배동"", ""방배2동"", ""남현동"", ""인헌동"", ""행운동"", ""봉천동"", ""은천동"", ""신림동"", ""신림동 2"", ""신사동 3"", ""지점 9"", ""가산동"", ""가산 F2""]"
7b768b2566f7,2026-10-10,FPL001144,UAM0093,a4,4,4,1.0,VP018,인천,VP002,잠실,15,G5,F1,G4,F2,15:36:59,15:57:07,16:30:46,16:35:43,16:45:43,1207.6,2019.34,297.28,3524.22,893.52,250.04,ready,15:56:50,2036.14,34,"[""인천 F1"", ""운북동"", ""영종동"", ""지점 26"", ""지점 27"", ""지점 28"", ""간석3동"", ""지점 37"", ""지점 29"", ""지점 30"", ""지점 31"", ""지점 17"", ""가산동"", ""지점 9"", ""신사동 3"", ""신림동 2"", ""신림동"", ""은천동"", ""봉천동"", ""행운동"", ""인헌동"", ""남현동"", ""방배2동"", ""방배동"", ""지점 19"", ""경부고속도로 양재천 다리"", ""양재동"", ""지점 10"", ""지점 8"", ""지점 7"", ""지점 6"", ""대치교"", ""잠실7동"", ""잠실 F2""]"
7b768b2566f7,2026-10-10,FPL001145,UAM0018,a4,4,4,1.0,VP011,천호,VP008,사당,15,G7,F1,G3,F2,16:05:03,16:19:18,16:34:57,16:39:40,16:49:40,855.52,938.4,283.2,2077.12,2204.24,204.0,ready,16:19:02,955.2,17,"[""천호 F1"", ""천호대교 중간지점"", ""지점 4"", ""잠실대교 중간지점"", ""자양2동"", ""지점 3"", ""잠실7동"", ""대치교"", ""지점 6"", ""지점 7"", ""지점 8"", ""지점 10"", ""양재동"", ""경부고속도로 양재천 다리"", ""지점 19"", ""방배동"", ""사당 F2""]"
7b768b2566f7,2026-10-10,FPL001146,UAM0007,a4,4,4,1.0,VP015,마곡,VP011,천호,15,G5,F1,G4,F2,15:38:56,15:53:43,17:14:24,17:25:36,17:35:36,886.96,4841.0,672.0,6399.96,572.88,3901.04,ready,15:53:27,4857.8,28,"[""마곡 F1"", ""하야동 2"", ""개화동"", ""덕은동"", ""상암동"", ""성산대교 중간지점"", ""선유도 17고지"", ""합정동"", ""서교동"", ""동교동"", ""20통"", ""대현동"", ""아현동"", ""충정로3가"", ""남영동"", ""회현동2가"", ""후암동"", ""지점 39"", ""약수동"", ""신사동"", ""성수대교 남단"", ""지점 2"", ""청담대교 중간지점"", ""자양2동"", ""잠실대교 중간지점"", ""지점 4"", ""천호대교 중간지점"", ""천호 F2""]"
7b768b2566f7,2026-10-10,FPL001147,UAM0032,a4,4,4,1.0,VP014,가산,VP010,연신내,15,G1,F1,G3,F2,15:39:15,15:59:35,16:12:47,16:17:44,16:27:44,1219.28,792.12,297.28,2308.68,891.12,2.92,ready,15:59:18,808.92,14,"[""가산 F1"", ""구로동"", ""신정6동"", ""신도림동 2"", ""목1동"", ""양평동"", ""지점 18"", ""상암동"", ""지점 25"", ""수색교"", ""지점 24"", ""향동동"", ""지점 23"", ""연신내 F2""]"
7b768b2566f7,2026-10-10,FPL001148,UAM0001,a4,4,4,1.0,VP013,강남,VP014,가산,15,G4,F1,G4,F2,15:39:39,16:00:59,16:19:01,16:28:34,16:38:34,1279.28,1081.84,573.46,2934.58,951.12,476.82,ready,16:00:42,1098.64,18,"[""강남 F1"", ""서초2동 2"", ""지점 21"", ""경부고속도로 양재천 다리"", ""지점 19"", ""방배동"", ""방배2동"", ""남현동"", ""인헌동"", ""행운동"", ""봉천동"", ""은천동"", ""신림동"", ""신림동 2"", ""신사동 3"", ""지점 9"", ""가산동"", ""가산 F2""]"
7b768b2566f7,2026-10-10,FPL001149,UAM0043,a4,4,4,1.0,VP010,연신내,VP015,마곡,15,G6,F1,G7,F2,15:40:14,15:45:27,15:57:09,16:01:52,16:11:52,313.16,702.14,283.2,1298.5,13.16,24.34,ready,15:45:10,718.94,10,"[""연신내 F1"", ""지점 23"", ""향동동"", ""지점 24"", ""수색교"", ""지점 25"", ""덕은동"", ""개화동"", ""하야동 2"", ""마곡 F2""]"
7b768b2566f7,2026-10-10,FPL001150,UAM0084,a4,4,4,1.0,VP001,여의도,VP012,광화문,15,G1,F1,G4,F2,15:40:41,15:46:12,15:57:02,16:01:45,16:11:45,331.44,649.64,283.2,1264.28,17.36,73.94,ready,15:45:55,666.44,10,"[""여의도 F1"", ""지점 32"", ""여의동 2"", ""이촌2동"", ""한강로3가"", ""한강로2가"", ""한강로1가"", ""청파동1가"", ""남영동"", ""광화문 F2""]"
7b768b2566f7,2026-10-10,FPL001151,UAM0064,a4,4,4,1.0,VP016,망우,VP009,성수,15,G3,F1,G4,F2,15:47:33,15:52:33,16:05:27,16:10:10,16:20:10,300.0,774.16,283.2,1357.36,371.56,171.16,ready,15:52:16,790.96,10,"[""망우 F1"", ""중랑철교"", ""중랑천 제방길"", ""지점"", ""중곡1동"", ""송정동"", ""건대입구"", ""청담대교 중간지점"", ""지점 2"", ""성수 F2""]"
7b768b2566f7,2026-10-10,FPL001152,UAM0051,a4,4,4,1.0,VP012,광화문,VP004,용산,15,G4,F1,G1,F2,15:42:52,15:47:52,15:55:39,16:00:36,16:10:36,300.0,467.12,297.28,1064.4,0,113.12,ready,15:47:35,483.92,6,"[""광화문 F1"", ""남영동"", ""청파동1가"", ""한강로1가"", ""한강로2가"", ""용산 F2""]"
7b768b2566f7,2026-10-10,FPL001153,UAM0075,a4,4,4,1.0,VP015,마곡,VP014,가산,15,G6,F1,G5,F2,15:43:17,15:59:04,16:14:40,16:28:00,16:38:00,946.7,935.92,800.02,2682.64,644.0,631.04,ready,15:58:47,952.72,12,"[""마곡 F1"", ""하야동 2"", ""개화동"", ""덕은동"", ""상암동"", ""지점 18"", ""양평동"", ""목1동"", ""신도림동 2"", ""신정6동"", ""구로동"", ""가산 F2""]"
7b768b2566f7,2026-10-10,FPL001154,UAM0065,a4,4,4,1.0,VP013,강남,VP007,봉천,15,G7,F1,G1,F2,15:52:04,16:06:19,16:20:52,16:25:49,16:35:49,855.52,872.68,297.28,2025.48,1067.44,276.78,ready,16:06:03,889.48,12,"[""강남 F1"", ""서초2동 2"", ""지점 21"", ""경부고속도로 양재천 다리"", ""지점 19"", ""방배동"", ""방배2동"", ""남현동"", ""인헌동"", ""행운동"", ""봉천동"", ""봉천 F2""]"
7b768b2566f7,2026-10-10,FPL001155,UAM0016,a4,4,4,1.0,VP014,가산,VP001,여의도,15,G2,F1,G4,F2,15:43:36,16:04:55,16:14:37,16:19:20,16:29:20,1279.28,581.9,283.2,2144.38,951.12,0.0,ready,16:04:38,598.7,8,"[""가산 F1"", ""구로동"", ""신정6동"", ""신도림동 2"", ""문래동5가"", ""신도림동"", ""영등포"", ""여의도 F2""]"
7b768b2566f7,2026-10-10,FPL001156,UAM0026,a4,4,4,1.0,VP011,천호,VP013,강남,15,G1,F1,G3,F2,15:43:37,16:24:39,16:41:24,16:46:35,16:56:35,2462.0,1004.6,311.36,3777.96,2119.76,213.6,ready,16:24:22,1021.4,17,"[""천호 F1"", ""천호대교 중간지점"", ""지점 4"", ""잠실대교 중간지점"", ""자양2동"", ""지점 3"", ""잠실7동"", ""대치교"", ""지점 6"", ""지점 7"", ""지점 8"", ""지점 10"", ""양재동"", ""경부고속도로 양재천 다리"", ""지점 21"", ""서초2동 2"", ""강남 F2""]"
7b768b2566f7,2026-10-10,FPL001157,UAM0019,a4,4,4,1.0,VP017,수서,VP003,상암,15,G5,F1,G3,F2,15:44:09,15:49:09,16:03:48,16:08:31,16:18:31,300.0,879.2,283.2,1462.4,0,0.0,ready,15:48:52,896.0,21,"[""수서 F1"", ""개포3동"", ""잠실7동"", ""지점 3"", ""청담대교 중간지점"", ""지점 2"", ""성수대교 남단"", ""신사동"", ""약수동"", ""지점 39"", ""후암동"", ""회현동2가"", ""남영동"", ""충정로3가"", ""아현동"", ""대현동"", ""20통"", ""동교동"", ""서교동"", ""합정동"", ""상암 F2""]"
7b768b2566f7,2026-10-10,FPL001158,UAM0028,a4,4,4,1.0,VP009,성수,VP010,연신내,15,G4,F1,G6,F2,15:44:25,15:50:37,16:08:26,16:13:09,16:23:09,372.36,1069.1,283.2,1724.66,72.36,0.0,ready,15:50:20,1085.9,24,"[""성수 F1"", ""성수대교 남단"", ""신사동"", ""약수동"", ""지점 39"", ""후암동"", ""회현동2가"", ""남영동"", ""충정로3가"", ""아현동"", ""대현동"", ""20통"", ""동교동"", ""서교동"", ""합정동"", ""선유도 17고지"", ""성산대교 중간지점"", ""상암동"", ""지점 25"", ""수색교"", ""지점 24"", ""향동동"", ""지점 23"", ""연신내 F2""]"
7b768b2566f7,2026-10-10,FPL001159,UAM0040,a4,4,4,1.0,VP006,미아,VP010,연신내,15,G4,F1,G5,F2,15:48:34,15:53:34,16:18:50,16:23:33,16:33:33,300.0,1515.4,283.2,2098.6,186.16,0.0,ready,15:53:17,1532.2,35,"[""미아 F1"", ""월계동"", ""월계3동"", ""공릉1동 2"", ""월릉교"", ""중화동"", ""중랑철교"", ""중랑천 제방길"", ""지점"", ""중곡1동"", ""송정동"", ""지점 12"", ""응봉동"", ""신사동"", ""약수동"", ""지점 39"", ""후암동"", ""회현동2가"", ""남영동"", ""충정로3가"", ""아현동"", ""대현동"", ""20통"", ""동교동"", ""서교동"", ""합정동"", ""선유도 17고지"", ""성산대교 중간지점"", ""상암동"", ""지점 25"", ""수색교"", ""지점 24"", ""향동동"", ""지점 23"", ""연신내 F2""]"
7b768b2566f7,2026-10-10,FPL001160,UAM0023,a4,4,4,1.0,VP002,잠실,VP018,인천,15,G5,F1,G6,F2,15:47:38,15:55:56,16:31:36,16:36:33,16:46:33,497.64,2140.14,297.28,2935.06,280.4,385.34,ready,15:55:39,2156.94,34,"[""잠실 F1"", ""잠실7동"", ""대치교"", ""지점 6"", ""지점 7"", ""지점 8"", ""지점 10"", ""양재동"", ""경부고속도로 양재천 다리"", ""지점 19"", ""방배동"", ""방배2동"", ""남현동"", ""인헌동"", ""행운동"", ""봉천동"", ""은천동"", ""신림동"", ""신림동 2"", ""신사동 3"", ""지점 9"", ""가산동"", ""지점 17"", ""지점 31"", ""지점 30"", ""지점 29"", ""지점 37"", ""간석3동"", ""지점 28"", ""지점 27"", ""지점 26"", ""영종동"", ""운북동"", ""인천 F2""]"
7b768b2566f7,2026-10-10,FPL001161,UAM0062,a4,4,4,1.0,VP002,잠실,VP007,봉천,15,G6,F1,G3,F2,15:47:58,16:01:17,16:12:11,16:16:54,16:26:54,798.28,654.1,283.2,1735.58,581.04,0.0,ready,16:01:00,670.9,17,"[""잠실 F1"", ""잠실7동"", ""대치교"", ""지점 6"", ""지점 7"", ""지점 8"", ""지점 10"", ""양재동"", ""경부고속도로 양재천 다리"", ""지점 19"", ""방배동"", ""방배2동"", ""남현동"", ""인헌동"", ""행운동"", ""봉천동"", ""봉천 F2""]"
7b768b2566f7,2026-10-10,FPL001162,UAM0030,a4,4,4,1.0,VP018,인천,VP002,잠실,15,G7,F1,G6,F2,15:51:34,16:02:27,16:39:27,16:44:11,16:54:11,653.62,2219.98,283.2,3156.8,601.04,450.68,ready,16:02:11,2236.78,34,"[""인천 F1"", ""운북동"", ""영종동"", ""지점 26"", ""지점 27"", ""지점 28"", ""간석3동"", ""지점 37"", ""지점 29"", ""지점 30"", ""지점 31"", ""지점 17"", ""가산동"", ""지점 9"", ""신사동 3"", ""신림동 2"", ""신림동"", ""은천동"", ""봉천동"", ""행운동"", ""인헌동"", ""남현동"", ""방배2동"", ""방배동"", ""지점 19"", ""경부고속도로 양재천 다리"", ""양재동"", ""지점 10"", ""지점 8"", ""지점 7"", ""지점 6"", ""대치교"", ""잠실7동"", ""잠실 F2""]"
7b768b2566f7,2026-10-10,FPL001163,UAM0037,a4,4,4,1.0,VP014,가산,VP018,인천,15,G5,F1,G3,F2,15:51:28,16:10:16,16:35:57,16:41:08,16:51:08,1128.0,1540.94,311.36,2980.3,1067.44,494.04,ready,16:09:59,1557.74,12,"[""가산 F1"", ""지점 31"", ""지점 30"", ""지점 29"", ""지점 37"", ""간석3동"", ""지점 28"", ""지점 27"", ""지점 26"", ""영종동"", ""운북동"", ""인천 F2""]"
7b768b2566f7,2026-10-10,FPL001164,UAM0020,a4,4,4,1.0,VP013,강남,VP002,잠실,15,G8,F1,G3,F2,15:52:24,16:11:40,16:21:46,16:26:44,16:36:44,1156.16,606.4,297.28,2059.84,1127.44,0.0,ready,16:11:23,623.2,12,"[""강남 F1"", ""서초2동 2"", ""지점 21"", ""경부고속도로 양재천 다리"", ""양재동"", ""지점 10"", ""지점 8"", ""지점 7"", ""지점 6"", ""대치교"", ""잠실7동"", ""잠실 F2""]"
7b768b2566f7,2026-10-10,FPL001165,UAM0069,a4,4,4,1.0,VP017,수서,VP002,잠실,15,G6,F1,G6,F2,15:48:30,15:54:30,15:59:52,16:04:35,16:14:35,360.0,322.3,283.2,965.5,60.0,0.0,ready,15:54:13,339.1,4,"[""수서 F1"", ""개포3동"", ""잠실7동"", ""잠실 F2""]"
7b768b2566f7,2026-10-10,FPL001166,UAM0073,a4,4,4,1.0,VP011,천호,VP009,성수,15,G2,F1,G3,F2,16:16:26,16:30:00,16:38:14,16:42:57,16:52:57,813.28,494.12,283.2,1590.6,2119.76,15.92,ready,16:29:43,510.92,8,"[""천호 F1"", ""천호대교 중간지점"", ""지점 4"", ""잠실대교 중간지점"", ""자양2동"", ""청담대교 중간지점"", ""지점 2"", ""성수 F2""]"
7b768b2566f7,2026-10-10,FPL001167,UAM0067,a4,4,4,1.0,VP009,성수,VP002,잠실,15,G1,F1,G3,F2,15:48:59,15:55:58,16:04:13,16:09:10,16:19:10,418.28,494.9,297.28,1210.46,104.2,119.6,ready,15:55:41,511.7,5,"[""성수 F1"", ""지점 2"", ""청담대교 중간지점"", ""지점 3"", ""잠실 F2""]"
7b768b2566f7,2026-10-10,FPL001168,UAM0042,a4,4,4,1.0,VP006,미아,VP016,망우,15,G1,F1,G3,F2,15:50:03,15:58:55,16:06:01,16:10:45,16:20:45,532.08,426.6,283.2,1241.88,218.0,0.0,ready,15:58:38,443.4,7,"[""미아 F1"", ""월계동"", ""월계3동"", ""공릉1동 2"", ""월릉교"", ""중화동"", ""망우 F2""]"
7b768b2566f7,2026-10-10,FPL001169,UAM0053,a4,4,4,1.0,VP007,봉천,VP012,광화문,15,G3,F1,G3,F2,15:52:08,15:57:08,16:07:55,16:12:38,16:22:38,300.0,646.9,283.2,1230.1,17.42,0.0,ready,15:56:51,663.7,13,"[""봉천 F1"", ""봉천동"", ""지점 38"", ""상도1동 2"", ""상도1동"", ""상도터널"", ""이촌동 2"", ""한강로3가"", ""한강로2가"", ""한강로1가"", ""청파동1가"", ""남영동"", ""광화문 F2""]"
7b768b2566f7,2026-10-10,FPL001170,UAM0044,a4,4,4,1.0,VP014,가산,VP015,마곡,15,G3,F1,G6,F2,16:01:55,16:15:37,16:31:03,16:36:00,16:46:00,821.44,926.62,297.28,2045.34,1099.28,96.52,ready,16:15:20,943.42,12,"[""가산 F1"", ""구로동"", ""신정6동"", ""신도림동 2"", ""목1동"", ""양평동"", ""지점 18"", ""상암동"", ""덕은동"", ""개화동"", ""하야동 2"", ""마곡 F2""]"
7b768b2566f7,2026-10-10,FPL001171,UAM0074,a4,4,4,1.0,VP018,인천,VP014,가산,15,G8,F1,G6,F2,15:55:54,16:07:48,16:27:57,16:33:21,16:43:21,713.62,1209.34,323.2,2246.16,601.04,201.04,ready,16:07:31,1226.14,12,"[""인천 F1"", ""운북동"", ""영종동"", ""지점 26"", ""지점 27"", ""지점 28"", ""간석3동"", ""지점 37"", ""지점 29"", ""지점 30"", ""지점 31"", ""가산 F2""]"
7b768b2566f7,2026-10-10,FPL001172,UAM0056,a4,4,4,1.0,VP009,성수,VP002,잠실,15,G3,F1,G5,F2,15:53:06,16:01:18,16:08:33,16:13:16,16:23:16,492.36,434.9,283.2,1210.46,192.36,59.6,ready,16:01:01,451.7,5,"[""성수 F1"", ""지점 2"", ""청담대교 중간지점"", ""지점 3"", ""잠실 F2""]"
7b768b2566f7,2026-10-10,FPL001173,UAM0081,a4,4,4,1.0,VP015,마곡,VP018,인천,15,G7,F1,G5,F2,15:57:36,16:04:25,16:27:16,16:32:13,16:42:13,408.9,1370.88,297.28,2077.06,377.5,291.58,ready,16:04:08,1387.68,10,"[""마곡 F1"", ""하야동"", ""선주지동"", ""목상동"", ""시천동 아라로"", ""지점 22"", ""영종대교"", ""영종동"", ""운북동"", ""인천 F2""]"
7b768b2566f7,2026-10-10,FPL001174,UAM0091,a4,4,4,1.0,VP016,망우,VP007,봉천,15,G4,F1,G4,F2,15:53:08,15:58:08,16:16:31,16:21:15,16:31:15,300.0,1103.62,283.2,1686.82,0,216.52,ready,15:57:51,1120.42,24,"[""망우 F1"", ""중랑철교"", ""중랑천 제방길"", ""지점"", ""중곡1동"", ""송정동"", ""지점 12"", ""응봉동"", ""신사동"", ""신사동 2"", ""잠원동 2"", ""반포동"", ""이촌동"", ""동작동 2"", ""동작동"", ""방배4동"", ""사당1동 2"", ""사당1동"", ""방배2동"", ""남현동"", ""인헌동"", ""행운동"", ""봉천동"", ""봉천 F2""]"
7b768b2566f7,2026-10-10,FPL001175,UAM0085,a4,4,4,1.0,VP002,잠실,VP015,마곡,15,G3,F1,G5,F2,15:53:28,16:06:37,16:26:43,16:31:40,16:41:40,789.72,1205.18,297.28,2292.18,475.64,12.78,ready,16:06:21,1221.98,25,"[""잠실 F1"", ""지점 3"", ""청담대교 중간지점"", ""지점 2"", ""성수대교 남단"", ""신사동"", ""약수동"", ""지점 39"", ""후암동"", ""회현동2가"", ""남영동"", ""충정로3가"", ""아현동"", ""대현동"", ""20통"", ""동교동"", ""서교동"", ""합정동"", ""선유도 17고지"", ""성산대교 중간지점"", ""상암동"", ""덕은동"", ""개화동"", ""하야동 2"", ""마곡 F2""]"
7b768b2566f7,2026-10-10,FPL001176,UAM0100,a4,4,4,1.0,VP011,천호,VP001,여의도,15,G8,F1,G1,F2,16:21:05,16:35:20,16:50:18,16:55:15,17:05:15,855.52,897.26,297.28,2050.06,2204.24,39.26,ready,16:35:04,914.06,18,"[""천호 F1"", ""천호대교 중간지점"", ""지점 4"", ""잠실대교 중간지점"", ""자양2동"", ""청담대교 중간지점"", ""지점 2"", ""성수대교 남단"", ""신사동"", ""신사동 2"", ""잠원동 2"", ""반포동"", ""이촌동"", ""이촌동 2"", ""이촌2동"", ""여의동 2"", ""지점 32"", ""여의도 F2""]"
7b768b2566f7,2026-10-10,FPL001177,UAM0097,a4,4,4,1.0,VP006,미아,VP013,강남,15,G3,F1,G7,F2,15:54:09,16:04:15,16:19:10,16:23:54,16:33:54,606.16,895.0,283.2,1784.36,306.16,0.0,ready,16:03:59,911.8,20,"[""미아 F1"", ""월계동"", ""월계3동"", ""공릉1동 2"", ""월릉교"", ""중화동"", ""중랑철교"", ""중랑천 제방길"", ""지점"", ""중곡1동"", ""송정동"", ""지점 12"", ""응봉동"", ""신사동"", ""신사동 2"", ""잠원동 2"", ""잠원동"", ""주흥교"", ""반포1동"", ""강남 F2""]"
7b768b2566f7,2026-10-10,FPL001178,UAM0086,a4,4,4,1.0,VP004,용산,VP009,성수,15,G3,F1,G2,F2,16:04:47,16:09:47,16:20:56,16:25:53,16:35:53,300.0,669.1,297.28,1266.38,596.28,92.7,ready,16:09:30,685.9,12,"[""용산 F1"", ""한강로2가"", ""한강로1가"", ""청파동1가"", ""남영동"", ""회현동2가"", ""후암동"", ""지점 39"", ""약수동"", ""신사동"", ""성수대교 남단"", ""성수 F2""]"
7b768b2566f7,2026-10-10,FPL001179,UAM0029,a4,4,4,1.0,VP014,가산,VP011,천호,15,G6,F1,G5,F2,16:02:29,16:20:57,17:03:43,17:14:41,17:24:41,1108.0,2565.94,657.92,4331.86,1187.44,1829.58,ready,16:20:40,2582.74,24,"[""가산 F1"", ""구로동"", ""신정6동"", ""신도림동 2"", ""문래동5가"", ""신도림동"", ""영등포"", ""지점 13"", ""지점 14"", ""이촌2동"", ""이촌동 2"", ""이촌동"", ""반포동"", ""잠원동 2"", ""신사동 2"", ""신사동"", ""성수대교 남단"", ""지점 2"", ""청담대교 중간지점"", ""자양2동"", ""잠실대교 중간지점"", ""지점 4"", ""천호대교 중간지점"", ""천호 F2""]"
7b768b2566f7,2026-10-10,FPL001180,UAM0077,a4,4,4,1.0,VP007,봉천,VP008,사당,15,G4,F1,G4,F2,15:56:11,16:02:28,16:07:41,16:12:24,16:22:24,377.42,312.5,283.2,973.12,77.42,0.0,ready,16:02:12,329.3,5,"[""봉천 F1"", ""봉천동"", ""행운동"", ""인헌동"", ""사당 F2""]"
7b768b2566f7,2026-10-10,FPL001181,UAM0011,a4,4,4,1.0,VP016,망우,VP013,강남,15,G1,F1,G5,F2,16:05:05,16:10:20,16:23:31,16:28:28,16:38:28,314.08,791.5,297.28,1402.86,442.96,81.4,ready,16:10:03,808.3,15,"[""망우 F1"", ""중랑철교"", ""중랑천 제방길"", ""지점"", ""중곡1동"", ""송정동"", ""지점 12"", ""응봉동"", ""신사동"", ""신사동 2"", ""잠원동 2"", ""잠원동"", ""주흥교"", ""반포1동"", ""강남 F2""]"
7b768b2566f7,2026-10-10,FPL001182,UAM0039,a4,4,4,1.0,VP002,잠실,VP012,광화문,15,G4,F1,G4,F2,15:57:48,16:11:58,16:21:04,16:25:47,16:35:47,849.72,546.1,283.2,1679.02,535.64,0.0,ready,16:11:41,562.9,11,"[""잠실 F1"", ""지점 3"", ""청담대교 중간지점"", ""지점 2"", ""성수대교 남단"", ""신사동"", ""약수동"", ""지점 39"", ""후암동"", ""회현동2가"", ""광화문 F2""]"
7b768b2566f7,2026-10-10,FPL001183,UAM0002,a4,4,4,1.0,VP015,마곡,VP002,잠실,15,G8,F1,G1,F2,16:01:56,16:09:45,16:35:07,16:40:18,16:50:18,468.9,1521.46,311.36,2301.72,415.06,335.86,ready,16:09:29,1538.26,25,"[""마곡 F1"", ""하야동 2"", ""개화동"", ""덕은동"", ""상암동"", ""성산대교 중간지점"", ""선유도 17고지"", ""합정동"", ""서교동"", ""동교동"", ""20통"", ""대현동"", ""아현동"", ""충정로3가"", ""남영동"", ""회현동2가"", ""후암동"", ""지점 39"", ""약수동"", ""신사동"", ""성수대교 남단"", ""지점 2"", ""청담대교 중간지점"", ""지점 3"", ""잠실 F2""]"
7b768b2566f7,2026-10-10,FPL001184,UAM0078,a4,4,4,1.0,VP018,인천,VP009,성수,15,G5,F1,G2,F2,16:04:50,16:13:09,16:42:34,16:47:32,16:57:32,498.9,1765.72,297.28,2561.9,572.88,6.52,ready,16:12:52,1782.52,30,"[""인천 F1"", ""운북동"", ""영종동"", ""영종대교"", ""지점 22"", ""시천동 아라로"", ""목상동"", ""선주지동"", ""하야동"", ""하야동 2"", ""개화동"", ""덕은동"", ""상암동"", ""성산대교 중간지점"", ""선유도 17고지"", ""합정동"", ""서교동"", ""동교동"", ""20통"", ""대현동"", ""아현동"", ""충정로3가"", ""남영동"", ""회현동2가"", ""후암동"", ""지점 39"", ""약수동"", ""신사동"", ""성수대교 남단"", ""성수 F2""]"
7b768b2566f7,2026-10-10,FPL001185,UAM0068,a4,4,4,1.0,VP006,미아,VP017,수서,15,G2,F1,G5,F2,15:58:44,16:09:36,16:23:40,16:28:23,16:38:23,652.08,844.1,283.2,1779.38,338.0,0.0,ready,16:09:19,860.9,17,"[""미아 F1"", ""월계동"", ""월계3동"", ""공릉1동 2"", ""월릉교"", ""중화동"", ""중랑철교"", ""중랑천 제방길"", ""지점"", ""중곡1동"", ""송정동"", ""건대입구"", ""청담대교 중간지점"", ""지점 3"", ""잠실7동"", ""개포3동"", ""수서 F2""]"
7b768b2566f7,2026-10-10,FPL001186,UAM0025,a4,4,4,1.0,VP011,천호,VP012,광화문,15,G5,F1,G3,F2,16:21:19,16:40:41,16:51:31,16:56:14,17:06:14,1162.08,649.6,283.2,2094.88,2176.08,0.0,ready,16:40:24,666.4,14,"[""천호 F1"", ""천호대교 중간지점"", ""지점 4"", ""잠실대교 중간지점"", ""자양2동"", ""청담대교 중간지점"", ""지점 2"", ""성수대교 남단"", ""신사동"", ""약수동"", ""지점 39"", ""후암동"", ""회현동2가"", ""광화문 F2""]"
7b768b2566f7,2026-10-10,FPL001187,UAM0041,a4,4,4,1.0,VP009,성수,VP004,용산,16,G4,F1,G3,F2,16:00:07,16:06:39,16:16:21,16:21:05,16:31:05,391.42,582.4,283.2,1257.02,91.42,0.0,ready,16:06:22,599.2,12,"[""성수 F1"", ""성수대교 남단"", ""신사동"", ""약수동"", ""지점 39"", ""후암동"", ""회현동2가"", ""남영동"", ""청파동1가"", ""한강로1가"", ""한강로2가"", ""용산 F2""]"
7b768b2566f7,2026-10-10,FPL001188,UAM0047,a4,4,4,1.0,VP014,가산,VP003,상암,16,G4,F1,G4,F2,16:02:15,16:26:18,16:37:21,16:42:04,16:52:04,1442.72,663.2,283.2,2389.12,1214.16,0.0,ready,16:26:01,680.0,9,"[""가산 F1"", ""구로동"", ""신정6동"", ""신도림동 2"", ""목1동"", ""양평동"", ""지점 18"", ""상암동"", ""상암 F2""]"
7b768b2566f7,2026-10-10,FPL001189,UAM0087,a4,4,4,1.0,VP018,인천,VP016,망우,16,G6,F1,G4,F2,16:05:10,16:18:29,16:53:07,16:57:50,17:07:50,799.54,2077.8,283.2,3160.54,691.62,0.0,ready,16:18:13,2094.6,37,"[""인천 F1"", ""운북동"", ""영종동"", ""영종대교"", ""지점 22"", ""시천동 아라로"", ""목상동"", ""선주지동"", ""하야동"", ""하야동 2"", ""개화동"", ""덕은동"", ""상암동"", ""성산대교 중간지점"", ""선유도 17고지"", ""합정동"", ""서교동"", ""동교동"", ""20통"", ""대현동"", ""아현동"", ""충정로3가"", ""남영동"", ""회현동2가"", ""후암동"", ""지점 39"", ""약수동"", ""신사동"", ""응봉동"", ""지점 12"", ""송정동"", ""중곡1동"", ""지점"", ""중랑천 제방길"", ""중랑철교"", ""중화동"", ""망우 F2""]"
7b768b2566f7,2026-10-10,FPL001190,UAM0055,a4,4,4,1.0,VP016,망우,VP015,마곡,16,G3,F1,G8,F2,16:05:40,16:15:40,16:39:44,16:44:28,16:54:28,600.64,1444.22,283.2,2328.06,531.12,91.92,ready,16:15:23,1461.02,28,"[""망우 F1"", ""중랑철교"", ""중랑천 제방길"", ""지점"", ""중곡1동"", ""송정동"", ""지점 12"", ""응봉동"", ""신사동"", ""약수동"", ""지점 39"", ""후암동"", ""회현동2가"", ""남영동"", ""충정로3가"", ""아현동"", ""대현동"", ""20통"", ""동교동"", ""서교동"", ""합정동"", ""선유도 17고지"", ""성산대교 중간지점"", ""상암동"", ""덕은동"", ""개화동"", ""하야동 2"", ""마곡 F2""]"
7b768b2566f7,2026-10-10,FPL001191,UAM0031,a4,4,4,1.0,VP003,상암,VP015,마곡,16,G3,F1,G7,F2,16:02:05,16:07:05,16:16:14,16:20:57,16:30:57,300.0,549.0,283.2,1132.2,0,0.0,ready,16:06:48,565.8,6,"[""상암 F1"", ""지점 25"", ""덕은동"", ""개화동"", ""하야동 2"", ""마곡 F2""]"
7b768b2566f7,2026-10-10,FPL001192,UAM0090,a4,4,4,1.0,VP013,강남,VP011,천호,16,G5,F1,G1,F2,16:02:14,16:17:01,17:30:26,17:41:52,17:51:52,886.96,4405.64,686.08,5978.68,572.88,3962.68,ready,16:16:44,4422.44,17,"[""강남 F1"", ""서초2동 2"", ""지점 21"", ""경부고속도로 양재천 다리"", ""양재동"", ""지점 10"", ""지점 8"", ""지점 7"", ""지점 6"", ""대치교"", ""잠실7동"", ""지점 3"", ""자양2동"", ""잠실대교 중간지점"", ""지점 4"", ""천호대교 중간지점"", ""천호 F2""]"
7b768b2566f7,2026-10-10,FPL001193,UAM0045,a4,4,4,1.0,VP007,봉천,VP015,마곡,16,G1,F1,G8,F2,16:02:18,16:07:49,16:22:22,16:27:05,16:37:05,331.44,872.9,283.2,1487.54,17.36,0.0,ready,16:07:32,889.7,12,"[""봉천 F1"", ""신림동"", ""신림동 2"", ""영등포"", ""지점 11"", ""선유도 17고지"", ""성산대교 중간지점"", ""상암동"", ""덕은동"", ""개화동"", ""하야동 2"", ""마곡 F2""]"
7b768b2566f7,2026-10-10,FPL001194,UAM0076,a4,4,4,1.0,VP015,마곡,VP013,강남,16,G5,F1,G6,F2,16:03:25,16:15:06,16:32:42,16:37:40,16:47:40,700.98,1056.4,297.28,2054.66,386.9,0.0,ready,16:14:49,1073.2,20,"[""마곡 F1"", ""하야동 2"", ""개화동"", ""덕은동"", ""상암동"", ""성산대교 중간지점"", ""선유도 17고지"", ""지점 5"", ""서강대교 중간지점"", ""지점 32"", ""여의동 2"", ""이촌2동"", ""이촌동 2"", ""이촌동"", ""반포동"", ""잠원동 2"", ""잠원동"", ""주흥교"", ""반포1동"", ""강남 F2""]"
7b768b2566f7,2026-10-10,FPL001195,UAM0005,a4,4,4,1.0,VP017,수서,VP015,마곡,16,G5,F1,G7,F2,16:06:17,16:11:17,16:35:24,16:40:07,16:50:07,300.0,1446.76,283.2,2029.96,129.46,174.26,ready,16:11:00,1463.56,27,"[""수서 F1"", ""개포3동"", ""잠실7동"", ""지점 3"", ""청담대교 중간지점"", ""지점 2"", ""성수대교 남단"", ""신사동"", ""약수동"", ""지점 39"", ""후암동"", ""회현동2가"", ""남영동"", ""충정로3가"", ""아현동"", ""대현동"", ""20통"", ""동교동"", ""서교동"", ""합정동"", ""선유도 17고지"", ""성산대교 중간지점"", ""상암동"", ""덕은동"", ""개화동"", ""하야동 2"", ""마곡 F2""]"
7b768b2566f7,2026-10-10,FPL001196,UAM0052,a4,4,4,1.0,VP002,잠실,VP008,사당,16,G5,F1,G4,F2,16:09:00,16:17:19,16:26:16,16:30:59,16:40:59,498.64,536.9,283.2,1318.74,472.82,0.0,ready,16:17:02,553.7,12,"[""잠실 F1"", ""잠실7동"", ""대치교"", ""지점 6"", ""지점 7"", ""지점 8"", ""지점 10"", ""양재동"", ""경부고속도로 양재천 다리"", ""지점 19"", ""방배동"", ""사당 F2""]"
7b768b2566f7,2026-10-10,FPL001197,UAM0066,a4,4,4,1.0,VP011,천호,VP010,연신내,16,G6,F1,G3,F2,16:32:00,16:46:02,17:12:55,17:17:53,17:27:53,841.44,1613.76,297.28,2752.48,2176.08,339.56,ready,16:45:45,1630.56,30,"[""천호 F1"", ""천호대교 중간지점"", ""지점 4"", ""잠실대교 중간지점"", ""자양2동"", ""청담대교 중간지점"", ""지점 2"", ""성수대교 남단"", ""신사동"", ""약수동"", ""지점 39"", ""후암동"", ""회현동2가"", ""남영동"", ""충정로3가"", ""아현동"", ""대현동"", ""20통"", ""동교동"", ""서교동"", ""합정동"", ""선유도 17고지"", ""성산대교 중간지점"", ""상암동"", ""지점 25"", ""수색교"", ""지점 24"", ""향동동"", ""지점 23"", ""연신내 F2""]"
7b768b2566f7,2026-10-10,FPL001198,UAM0008,a4,4,4,1.0,VP018,인천,VP017,수서,16,G7,F1,G5,F2,16:05:50,16:23:50,16:53:56,16:58:39,17:08:39,1079.78,1806.0,283.2,3168.98,779.78,0.0,ready,16:23:33,1822.8,35,"[""인천 F1"", ""운북동"", ""영종동"", ""지점 26"", ""지점 27"", ""지점 28"", ""간석3동"", ""지점 37"", ""지점 29"", ""지점 30"", ""지점 31"", ""지점 17"", ""가산동"", ""지점 9"", ""신사동 3"", ""신림동 2"", ""신림동"", ""은천동"", ""봉천동"", ""행운동"", ""인헌동"", ""남현동"", ""방배2동"", ""방배동"", ""지점 19"", ""경부고속도로 양재천 다리"", ""양재동"", ""지점 10"", ""지점 8"", ""지점 7"", ""지점 6"", ""대치교"", ""잠실7동"", ""개포3동"", ""수서 F2""]"
7b768b2566f7,2026-10-10,FPL001199,UAM0009,a4,4,4,1.0,VP004,용산,VP002,잠실,16,G4,F1,G5,F2,16:06:01,16:15:07,16:26:25,16:31:09,16:41:09,546.16,678.0,283.2,1507.36,246.16,0.0,ready,16:14:51,694.8,15,"[""용산 F1"", ""한강로2가"", ""한강로1가"", ""청파동1가"", ""남영동"", ""회현동2가"", ""후암동"", ""지점 39"", ""약수동"", ""신사동"", ""성수대교 남단"", ""지점 2"", ""청담대교 중간지점"", ""지점 3"", ""잠실 F2""]"
7b768b2566f7,2026-10-10,FPL001200,UAM0061,a4,4,4,1.0,VP012,광화문,VP001,여의도,16,G3,F1,G3,F2,16:07:24,16:12:24,16:22:04,16:26:47,16:36:47,300.0,579.9,283.2,1163.1,0,0.0,ready,16:12:07,596.7,10,"[""광화문 F1"", ""남영동"", ""청파동1가"", ""한강로1가"", ""한강로2가"", ""한강로3가"", ""이촌2동"", ""여의동 2"", ""지점 32"", ""여의도 F2""]"
7b768b2566f7,2026-10-10,FPL001201,UAM0072,a4,4,4,1.0,VP015,마곡,VP004,용산,16,G6,F1,G4,F2,16:07:46,16:20:27,16:38:24,16:43:07,16:53:07,760.98,1077.3,283.2,2121.48,446.9,182.3,ready,16:20:10,1094.1,14,"[""마곡 F1"", ""하야동 2"", ""개화동"", ""덕은동"", ""상암동"", ""성산대교 중간지점"", ""선유도 17고지"", ""지점 5"", ""서강대교 중간지점"", ""지점 32"", ""여의동 2"", ""이촌2동"", ""한강로3가"", ""용산 F2""]"
7b768b2566f7,2026-10-10,FPL001202,UAM0012,a4,4,4,1.0,VP003,상암,VP010,연신내,16,G4,F1,G4,F2,16:09:19,16:14:19,16:23:10,16:28:07,16:38:07,300.0,531.1,297.28,1128.38,0,124.4,ready,16:14:02,547.9,7,"[""상암 F1"", ""지점 25"", ""수색교"", ""지점 24"", ""향동동"", ""지점 23"", ""연신내 F2""]"
7b768b2566f7,2026-10-10,FPL001203,UAM0027,a4,4,4,1.0,VP011,천호,VP015,마곡,16,G4,F1,G3,F2,16:21:33,16:51:22,17:18:53,17:24:04,17:34:04,1789.28,1650.8,311.36,3751.44,2147.92,355.0,ready,16:51:05,1667.6,28,"[""천호 F1"", ""천호대교 중간지점"", ""지점 4"", ""잠실대교 중간지점"", ""자양2동"", ""청담대교 중간지점"", ""지점 2"", ""성수대교 남단"", ""신사동"", ""약수동"", ""지점 39"", ""후암동"", ""회현동2가"", ""남영동"", ""충정로3가"", ""아현동"", ""대현동"", ""20통"", ""동교동"", ""서교동"", ""합정동"", ""선유도 17고지"", ""성산대교 중간지점"", ""상암동"", ""덕은동"", ""개화동"", ""하야동 2"", ""마곡 F2""]"
7b768b2566f7,2026-10-10,FPL001204,UAM0098,a4,4,4,1.0,VP018,인천,VP005,목동,16,G8,F1,G8,F2,16:10:11,16:29:11,16:50:10,16:54:53,17:04:53,1139.78,1259.2,283.2,2682.18,839.78,0.0,ready,16:28:54,1276.0,15,"[""인천 F1"", ""운북동"", ""영종동"", ""지점 26"", ""지점 27"", ""지점 28"", ""간석3동"", ""지점 37"", ""지점 29"", ""지점 30"", ""지점 31"", ""지점 17"", ""구로동"", ""신정6동"", ""목동 F2""]"
7b768b2566f7,2026-10-10,FPL001205,UAM0017,a4,4,4,1.0,VP017,수서,VP006,미아,16,G6,F1,G4,F2,16:10:23,16:16:38,16:30:40,16:35:24,16:45:24,374.54,842.7,283.2,1500.44,74.54,0.0,ready,16:16:21,859.5,17,"[""수서 F1"", ""개포3동"", ""잠실7동"", ""지점 3"", ""청담대교 중간지점"", ""건대입구"", ""송정동"", ""중곡1동"", ""지점"", ""중랑천 제방길"", ""중랑철교"", ""중화동"", ""월릉교"", ""공릉1동 2"", ""월계3동"", ""월계동"", ""미아 F2""]"
7b768b2566f7,2026-10-10,FPL001206,UAM0049,a4,4,4,1.0,VP016,망우,VP007,봉천,16,G4,F1,G4,F2,16:10:49,16:21:01,16:37:02,16:41:45,16:51:45,612.02,960.72,283.2,1855.94,334.32,73.62,ready,16:20:44,977.52,24,"[""망우 F1"", ""중랑철교"", ""중랑천 제방길"", ""지점"", ""중곡1동"", ""송정동"", ""지점 12"", ""응봉동"", ""신사동"", ""신사동 2"", ""잠원동 2"", ""반포동"", ""이촌동"", ""동작동 2"", ""동작동"", ""방배4동"", ""사당1동 2"", ""사당1동"", ""방배2동"", ""남현동"", ""인헌동"", ""행운동"", ""봉천동"", ""봉천 F2""]"
7b768b2566f7,2026-10-10,FPL001207,UAM0051,a4,4,4,1.0,VP004,용산,VP009,성수,16,G1,F1,G1,F2,16:10:36,16:20:28,16:33:53,16:38:50,16:48:50,592.08,805.02,297.28,1694.38,278.0,228.62,ready,16:20:11,821.82,12,"[""용산 F1"", ""한강로2가"", ""한강로1가"", ""청파동1가"", ""남영동"", ""회현동2가"", ""후암동"", ""지점 39"", ""약수동"", ""신사동"", ""성수대교 남단"", ""성수 F2""]"
7b768b2566f7,2026-10-10,FPL001208,UAM0094,a4,4,4,1.0,VP014,가산,VP005,목동,16,G5,F1,G7,F2,16:17:23,16:31:38,16:39:23,16:44:06,16:54:06,855.52,464.3,283.2,1603.02,921.68,0.0,ready,16:31:22,481.1,4,"[""가산 F1"", ""구로동"", ""신정6동"", ""목동 F2""]"
7b768b2566f7,2026-10-10,FPL001209,UAM0084,a4,4,4,1.0,VP012,광화문,VP008,사당,16,G4,F1,G1,F2,16:12:42,16:17:45,16:30:36,16:35:33,16:45:33,302.76,771.36,297.28,1371.4,60.0,71.46,ready,16:17:28,788.16,15,"[""광화문 F1"", ""남영동"", ""청파동1가"", ""한강로1가"", ""한강로2가"", ""한강로3가"", ""이촌동 2"", ""상도터널"", ""상도1동"", ""상도1동 2"", ""지점 38"", ""봉천동"", ""행운동"", ""인헌동"", ""사당 F2""]"
7b768b2566f7,2026-10-10,FPL001210,UAM0043,a4,4,4,1.0,VP015,마곡,VP009,성수,16,G7,F1,G1,F2,16:11:52,16:25:47,16:57:56,17:02:54,17:12:54,835.06,1929.12,297.28,3061.46,535.06,845.02,ready,16:25:30,1945.92,22,"[""마곡 F1"", ""하야동 2"", ""개화동"", ""덕은동"", ""상암동"", ""성산대교 중간지점"", ""선유도 17고지"", ""합정동"", ""서교동"", ""동교동"", ""20통"", ""대현동"", ""아현동"", ""충정로3가"", ""남영동"", ""회현동2가"", ""후암동"", ""지점 39"", ""약수동"", ""신사동"", ""성수대교 남단"", ""성수 F2""]"
7b768b2566f7,2026-10-10,FPL001211,UAM0022,a4,4,4,1.0,VP014,가산,VP004,용산,16,G1,F1,G1,F2,16:12:05,16:36:59,16:48:35,16:53:32,17:03:32,1494.16,695.5,297.28,2486.94,1166.0,0.0,ready,16:36:42,712.3,12,"[""가산 F1"", ""구로동"", ""신정6동"", ""신도림동 2"", ""문래동5가"", ""신도림동"", ""영등포"", ""지점 13"", ""지점 14"", ""이촌2동"", ""한강로3가"", ""용산 F2""]"
7b768b2566f7,2026-10-10,FPL001212,UAM0099,a4,4,4,1.0,VP010,연신내,VP007,봉천,16,G5,F1,G1,F2,16:17:34,16:22:34,16:41:22,16:46:19,16:56:19,300.0,1128.04,297.28,1725.32,272.34,265.84,ready,16:22:17,1144.84,14,"[""연신내 F1"", ""지점 23"", ""향동동"", ""지점 24"", ""수색교"", ""지점 25"", ""상암동"", ""성산대교 중간지점"", ""선유도 17고지"", ""지점 11"", ""영등포"", ""신림동 2"", ""신림동"", ""봉천 F2""]"
7b768b2566f7,2026-10-10,FPL001213,UAM0003,a4,4,4,1.0,VP008,사당,VP003,상암,16,G3,F1,G3,F2,16:14:12,16:19:12,16:30:41,16:35:24,16:45:24,300.0,688.8,283.2,1272.0,0,0.0,ready,16:18:55,705.6,12,"[""사당 F1"", ""인헌동"", ""행운동"", ""봉천동"", ""은천동"", ""신림동"", ""신림동 2"", ""영등포"", ""지점 11"", ""선유도 17고지"", ""합정동"", ""상암 F2""]"
7b768b2566f7,2026-10-10,FPL001214,UAM0069,a4,4,4,1.0,VP002,잠실,VP004,용산,16,G6,F1,G3,F2,16:14:35,16:22:39,16:34:03,16:38:46,16:48:46,484.16,684.0,283.2,1451.36,184.16,0.0,ready,16:22:22,700.8,15,"[""잠실 F1"", ""지점 3"", ""청담대교 중간지점"", ""지점 2"", ""성수대교 남단"", ""신사동"", ""약수동"", ""지점 39"", ""후암동"", ""회현동2가"", ""남영동"", ""청파동1가"", ""한강로1가"", ""한강로2가"", ""용산 F2""]"
7b768b2566f7,2026-10-10,FPL001215,UAM0054,a4,4,4,1.0,VP001,여의도,VP013,강남,16,G3,F1,G7,F2,16:19:25,16:24:25,16:37:03,16:41:46,16:51:46,300.0,758.4,283.2,1341.6,286.84,127.6,ready,16:24:08,775.2,12,"[""여의도 F1"", ""지점 32"", ""여의동 2"", ""이촌2동"", ""이촌동 2"", ""이촌동"", ""반포동"", ""잠원동 2"", ""잠원동"", ""주흥교"", ""반포1동"", ""강남 F2""]"
7b768b2566f7,2026-10-10,FPL001216,UAM0057,a4,4,4,1.0,VP004,용산,VP006,미아,16,G2,F1,G3,F2,16:14:57,16:25:49,16:43:03,16:47:46,16:57:46,652.08,1034.4,283.2,1969.68,338.0,0.0,ready,16:25:32,1051.2,23,"[""용산 F1"", ""한강로2가"", ""한강로1가"", ""청파동1가"", ""남영동"", ""회현동2가"", ""후암동"", ""지점 39"", ""약수동"", ""신사동"", ""응봉동"", ""지점 12"", ""송정동"", ""중곡1동"", ""지점"", ""중랑천 제방길"", ""중랑철교"", ""중화동"", ""월릉교"", ""공릉1동 2"", ""월계3동"", ""월계동"", ""미아 F2""]"
7b768b2566f7,2026-10-10,FPL001217,UAM0034,a4,4,4,1.0,VP018,인천,VP013,강남,16,G3,F1,G7,F2,16:15:00,16:34:31,17:02:53,17:07:36,17:17:36,1171.62,1702.0,283.2,3156.82,843.46,0.0,ready,16:34:14,1718.8,29,"[""인천 F1"", ""운북동"", ""영종동"", ""지점 26"", ""지점 27"", ""지점 28"", ""간석3동"", ""지점 37"", ""지점 29"", ""지점 30"", ""지점 31"", ""지점 17"", ""가산동"", ""지점 9"", ""신사동 3"", ""신림동 2"", ""신림동"", ""은천동"", ""봉천동"", ""행운동"", ""인헌동"", ""남현동"", ""방배2동"", ""방배동"", ""지점 19"", ""경부고속도로 양재천 다리"", ""지점 21"", ""서초2동 2"", ""강남 F2""]"
7b768b2566f7,2026-10-10,FPL001218,UAM0024,a4,4,4,1.0,VP016,망우,VP011,천호,16,G2,F1,G6,F2,16:15:01,16:26:21,17:09:04,17:20:02,17:30:02,680.24,2562.26,657.92,3900.42,366.16,2382.6,ready,16:26:05,2579.06,10,"[""망우 F1"", ""중랑철교"", ""중랑천 제방길"", ""지점"", ""중곡1동"", ""능동"", ""구의동"", ""아차산 고가차도"", ""천호대교 중간지점"", ""천호 F2""]"
7b768b2566f7,2026-10-10,FPL001219,UAM0050,a4,4,4,1.0,VP013,강남,VP015,마곡,16,G7,F1,G3,F2,16:15:54,16:22:21,16:44:05,16:49:16,16:59:16,387.04,1303.76,311.36,2002.16,129.2,242.56,ready,16:22:05,1320.56,20,"[""강남 F1"", ""반포1동"", ""주흥교"", ""잠원동"", ""잠원동 2"", ""반포동"", ""이촌동"", ""이촌동 2"", ""이촌2동"", ""여의동 2"", ""지점 32"", ""서강대교 중간지점"", ""지점 5"", ""선유도 17고지"", ""성산대교 중간지점"", ""상암동"", ""덕은동"", ""개화동"", ""하야동 2"", ""마곡 F2""]"
7b768b2566f7,2026-10-10,FPL001220,UAM0079,a4,4,4,1.0,VP011,천호,VP013,강남,16,G3,F1,G5,F2,16:42:56,16:56:43,17:11:35,17:16:32,17:26:32,827.36,891.68,297.28,2016.32,2147.92,100.68,ready,16:56:26,908.48,17,"[""천호 F1"", ""천호대교 중간지점"", ""지점 4"", ""잠실대교 중간지점"", ""자양2동"", ""지점 3"", ""잠실7동"", ""대치교"", ""지점 6"", ""지점 7"", ""지점 8"", ""지점 10"", ""양재동"", ""경부고속도로 양재천 다리"", ""지점 21"", ""서초2동 2"", ""강남 F2""]"
7b768b2566f7,2026-10-10,FPL001221,UAM0080,a4,4,4,1.0,VP009,성수,VP012,광화문,16,G3,F1,G3,F2,16:15:49,16:20:49,16:28:14,16:32:57,16:42:57,300.0,444.6,283.2,1027.8,0,0.0,ready,16:20:33,461.4,8,"[""성수 F1"", ""성수대교 남단"", ""신사동"", ""약수동"", ""지점 39"", ""후암동"", ""회현동2가"", ""광화문 F2""]"
7b768b2566f7,2026-10-10,FPL001222,UAM0033,a4,4,4,1.0,VP015,마곡,VP016,망우,16,G8,F1,G1,F2,16:21:01,16:31:08,16:57:28,17:02:25,17:12:25,606.86,1579.92,297.28,2484.06,595.06,177.42,ready,16:30:51,1596.72,29,"[""마곡 F1"", ""하야동 2"", ""개화동"", ""덕은동"", ""상암동"", ""성산대교 중간지점"", ""선유도 17고지"", ""합정동"", ""서교동"", ""동교동"", ""20통"", ""대현동"", ""아현동"", ""충정로3가"", ""남영동"", ""회현동2가"", ""후암동"", ""지점 39"", ""약수동"", ""신사동"", ""응봉동"", ""지점 12"", ""송정동"", ""중곡1동"", ""지점"", ""중랑천 제방길"", ""중랑철교"", ""중화동"", ""망우 F2""]"
7b768b2566f7,2026-10-10,FPL001223,UAM0088,a4,4,4,1.0,VP017,수서,VP009,성수,16,G3,F1,G4,F2,16:16:27,16:21:58,16:29:33,16:34:16,16:44:16,331.44,454.2,283.2,1068.84,17.36,0.0,ready,16:21:42,471.0,7,"[""수서 F1"", ""개포3동"", ""잠실7동"", ""지점 3"", ""청담대교 중간지점"", ""지점 2"", ""성수 F2""]"
7b768b2566f7,2026-10-10,FPL001224,UAM0019,a4,4,4,1.0,VP003,상암,VP011,천호,16,G3,F1,G8,F2,16:18:31,16:23:31,16:58:22,17:09:06,17:19:06,300.0,2091.12,643.84,3034.96,0,1560.26,ready,16:23:15,2107.92,21,"[""상암 F1"", ""서교동"", ""동교동"", ""20통"", ""대현동"", ""아현동"", ""충정로3가"", ""남영동"", ""회현동2가"", ""후암동"", ""지점 39"", ""약수동"", ""신사동"", ""성수대교 남단"", ""지점 2"", ""청담대교 중간지점"", ""자양2동"", ""잠실대교 중간지점"", ""지점 4"", ""천호대교 중간지점"", ""천호 F2""]"
7b768b2566f7,2026-10-10,FPL001225,UAM0067,a4,4,4,1.0,VP002,잠실,VP003,상암,16,G3,F1,G2,F2,16:19:10,16:28:00,16:46:02,16:51:00,17:01:00,530.08,1082.4,297.28,1909.76,216.0,283.3,ready,16:27:43,1099.2,19,"[""잠실 F1"", ""지점 3"", ""청담대교 중간지점"", ""지점 2"", ""성수대교 남단"", ""신사동"", ""약수동"", ""지점 39"", ""후암동"", ""회현동2가"", ""남영동"", ""충정로3가"", ""아현동"", ""대현동"", ""20통"", ""동교동"", ""서교동"", ""합정동"", ""상암 F2""]"
7b768b2566f7,2026-10-10,FPL001226,UAM0064,a4,4,4,1.0,VP009,성수,VP001,여의도,16,G4,F1,G3,F2,16:25:43,16:30:43,16:41:36,16:46:19,16:56:19,300.0,652.9,283.2,1236.1,333.34,0.0,ready,16:30:27,669.7,12,"[""성수 F1"", ""성수대교 남단"", ""신사동"", ""신사동 2"", ""잠원동 2"", ""반포동"", ""이촌동"", ""이촌동 2"", ""이촌2동"", ""여의동 2"", ""지점 32"", ""여의도 F2""]"
7b768b2566f7,2026-10-10,FPL001227,UAM0089,a4,4,4,1.0,VP011,천호,VP013,강남,16,G7,F1,G4,F2,16:47:48,17:02:04,17:24:36,17:29:48,17:39:48,855.52,1352.96,311.36,2519.84,2204.24,561.96,ready,17:01:47,1369.76,17,"[""천호 F1"", ""천호대교 중간지점"", ""지점 4"", ""잠실대교 중간지점"", ""자양2동"", ""지점 3"", ""잠실7동"", ""대치교"", ""지점 6"", ""지점 7"", ""지점 8"", ""지점 10"", ""양재동"", ""경부고속도로 양재천 다리"", ""지점 21"", ""서초2동 2"", ""강남 F2""]"
7b768b2566f7,2026-10-10,FPL001228,UAM0042,a4,4,4,1.0,VP016,망우,VP008,사당,16,G3,F1,G4,F2,16:20:45,16:31:42,16:46:01,16:50:44,17:00:44,657.54,859.0,283.2,1799.74,357.54,0.0,ready,16:31:25,875.8,20,"[""망우 F1"", ""중랑철교"", ""중랑천 제방길"", ""지점"", ""중곡1동"", ""송정동"", ""건대입구"", ""청담대교 중간지점"", ""지점 3"", ""잠실7동"", ""대치교"", ""지점 6"", ""지점 7"", ""지점 8"", ""지점 10"", ""양재동"", ""경부고속도로 양재천 다리"", ""지점 19"", ""방배동"", ""사당 F2""]"
7b768b2566f7,2026-10-10,FPL001229,UAM0071,a4,4,4,1.0,VP005,목동,VP018,인천,16,G7,F1,G7,F2,16:21:41,16:26:41,16:47:36,16:52:47,17:02:47,300.0,1254.2,311.4,1865.6,0,28.2,ready,16:26:25,1271.0,15,"[""목동 F1"", ""신정6동"", ""구로동"", ""지점 17"", ""지점 31"", ""지점 30"", ""지점 29"", ""지점 37"", ""간석3동"", ""지점 28"", ""지점 27"", ""지점 26"", ""영종동"", ""운북동"", ""인천 F2""]"
7b768b2566f7,2026-10-10,FPL001230,UAM0092,a4,4,4,1.0,VP014,가산,VP009,성수,16,G6,F1,G4,F2,16:28:24,16:42:20,17:02:17,17:07:00,17:17:00,835.52,1197.26,283.2,2315.98,921.68,317.96,ready,16:42:03,1214.06,18,"[""가산 F1"", ""구로동"", ""신정6동"", ""신도림동 2"", ""문래동5가"", ""신도림동"", ""영등포"", ""지점 13"", ""지점 14"", ""이촌2동"", ""이촌동 2"", ""이촌동"", ""반포동"", ""잠원동 2"", ""신사동 2"", ""신사동"", ""성수대교 남단"", ""성수 F2""]"
7b768b2566f7,2026-10-10,FPL001231,UAM0077,a4,4,4,1.0,VP008,사당,VP007,봉천,16,G4,F1,G3,F2,16:22:24,16:27:24,16:32:41,16:37:24,16:47:24,300.0,316.9,283.2,900.1,0,0.0,ready,16:27:07,333.7,5,"[""사당 F1"", ""인헌동"", ""행운동"", ""봉천동"", ""봉천 F2""]"
7b768b2566f7,2026-10-10,FPL001232,UAM0053,a4,4,4,1.0,VP012,광화문,VP003,상암,16,G3,F1,G1,F2,16:25:52,16:30:52,16:41:42,16:46:39,16:56:39,300.0,650.14,297.28,1247.42,193.72,217.84,ready,16:30:35,666.94,9,"[""광화문 F1"", ""충정로3가"", ""아현동"", ""대현동"", ""20통"", ""동교동"", ""서교동"", ""합정동"", ""상암 F2""]"
7b768b2566f7,2026-10-10,FPL001233,UAM0028,a4,4,4,1.0,VP010,연신내,VP013,강남,16,G6,F1,G5,F2,16:27:58,16:32:58,16:54:09,16:59:06,17:09:06,300.0,1270.88,297.28,1868.16,288.34,231.68,ready,16:32:41,1287.68,22,"[""연신내 F1"", ""지점 23"", ""향동동"", ""지점 24"", ""수색교"", ""지점 25"", ""상암동"", ""성산대교 중간지점"", ""선유도 17고지"", ""지점 5"", ""서강대교 중간지점"", ""지점 32"", ""여의동 2"", ""이촌2동"", ""이촌동 2"", ""이촌동"", ""반포동"", ""잠원동 2"", ""잠원동"", ""주흥교"", ""반포1동"", ""강남 F2""]"
7b768b2566f7,2026-10-10,FPL001234,UAM0056,a4,4,4,1.0,VP002,잠실,VP016,망우,16,G5,F1,G3,F2,16:26:34,16:33:21,16:43:43,16:48:26,16:58:26,406.66,622.5,283.2,1312.36,304.16,0.0,ready,16:33:04,639.3,11,"[""잠실 F1"", ""지점 3"", ""청담대교 중간지점"", ""건대입구"", ""송정동"", ""중곡1동"", ""지점"", ""중랑천 제방길"", ""중랑철교"", ""중화동"", ""망우 F2""]"
7b768b2566f7,2026-10-10,FPL001235,UAM0036,a4,4,4,1.0,VP009,성수,VP006,미아,16,G1,F1,G4,F2,16:25:57,16:36:04,16:49:26,16:54:09,17:04:09,606.56,801.6,283.2,1691.36,365.18,0.0,ready,16:35:47,818.4,15,"[""성수 F1"", ""지점 2"", ""청담대교 중간지점"", ""건대입구"", ""송정동"", ""중곡1동"", ""지점"", ""중랑천 제방길"", ""중랑철교"", ""중화동"", ""월릉교"", ""공릉1동 2"", ""월계3동"", ""월계동"", ""미아 F2""]"
7b768b2566f7,2026-10-10,FPL001236,UAM0095,a4,4,4,1.0,VP013,강남,VP015,마곡,16,G8,F1,G7,F2,16:28:19,16:33:19,16:51:00,16:56:03,17:06:03,300.0,1061.2,303.12,1664.32,148.48,19.92,ready,16:33:02,1078.0,20,"[""강남 F1"", ""반포1동"", ""주흥교"", ""잠원동"", ""잠원동 2"", ""반포동"", ""이촌동"", ""이촌동 2"", ""이촌2동"", ""여의동 2"", ""지점 32"", ""서강대교 중간지점"", ""지점 5"", ""선유도 17고지"", ""성산대교 중간지점"", ""상암동"", ""덕은동"", ""개화동"", ""하야동 2"", ""마곡 F2""]"
7b768b2566f7,2026-10-10,FPL001237,UAM0006,a4,4,4,1.0,VP011,천호,VP002,잠실,16,G1,F1,G3,F2,16:26:22,17:07:24,17:17:16,17:22:13,17:32:13,2462.0,591.42,297.28,3350.7,2119.76,156.72,ready,17:07:07,608.22,7,"[""천호 F1"", ""천호대교 중간지점"", ""지점 4"", ""잠실대교 중간지점"", ""자양2동"", ""지점 3"", ""잠실 F2""]"
7b768b2566f7,2026-10-10,FPL001238,UAM0062,a4,4,4,1.0,VP007,봉천,VP001,여의도,16,G3,F1,G4,F2,16:30:00,16:35:00,16:45:57,16:50:40,17:00:40,300.0,656.78,283.2,1239.98,186.16,133.48,ready,16:34:43,673.58,5,"[""봉천 F1"", ""신림동"", ""신림동 2"", ""영등포"", ""여의도 F2""]"
7b768b2566f7,2026-10-10,FPL001239,UAM0021,a4,4,4,1.0,VP014,가산,VP015,마곡,16,G3,F1,G8,F2,16:28:38,16:47:40,17:01:30,17:06:44,17:16:44,1142.08,830.1,313.64,2285.82,893.52,30.44,ready,16:47:24,846.9,12,"[""가산 F1"", ""구로동"", ""신정6동"", ""신도림동 2"", ""목1동"", ""양평동"", ""지점 18"", ""상암동"", ""덕은동"", ""개화동"", ""하야동 2"", ""마곡 F2""]"
7b768b2566f7,2026-10-10,FPL001240,UAM0032,a4,4,4,1.0,VP010,연신내,VP011,천호,16,G3,F1,G3,F2,16:28:12,16:38:18,17:19:45,17:30:57,17:40:57,606.56,2486.76,672.0,3765.32,320.18,1564.1,ready,16:38:01,2503.56,30,"[""연신내 F1"", ""지점 23"", ""향동동"", ""지점 24"", ""수색교"", ""지점 25"", ""상암동"", ""성산대교 중간지점"", ""선유도 17고지"", ""합정동"", ""서교동"", ""동교동"", ""20통"", ""대현동"", ""아현동"", ""충정로3가"", ""남영동"", ""회현동2가"", ""후암동"", ""지점 39"", ""약수동"", ""신사동"", ""성수대교 남단"", ""지점 2"", ""청담대교 중간지점"", ""자양2동"", ""잠실대교 중간지점"", ""지점 4"", ""천호대교 중간지점"", ""천호 F2""]"
7b768b2566f7,2026-10-10,FPL001241,UAM0016,a4,4,4,1.0,VP001,여의도,VP010,연신내,16,G4,F1,G5,F2,16:29:20,16:34:20,16:45:38,16:50:21,17:00:21,300.0,677.7,283.2,1260.9,0,0.0,ready,16:34:04,694.5,11,"[""여의도 F1"", ""지점 11"", ""선유도 17고지"", ""성산대교 중간지점"", ""상암동"", ""지점 25"", ""수색교"", ""지점 24"", ""향동동"", ""지점 23"", ""연신내 F2""]"
7b768b2566f7,2026-10-10,FPL001242,UAM0070,a4,4,4,1.0,VP008,사당,VP006,미아,16,G3,F1,G1,F2,16:35:24,16:40:24,16:57:57,17:02:55,17:12:55,300.0,1053.9,297.28,1651.18,316.34,0.0,ready,16:40:07,1070.7,25,"[""사당 F1"", ""방배동"", ""지점 19"", ""경부고속도로 양재천 다리"", ""양재동"", ""지점 10"", ""지점 8"", ""지점 7"", ""지점 6"", ""대치교"", ""잠실7동"", ""지점 3"", ""청담대교 중간지점"", ""건대입구"", ""송정동"", ""중곡1동"", ""지점"", ""중랑천 제방길"", ""중랑철교"", ""중화동"", ""월릉교"", ""공릉1동 2"", ""월계3동"", ""월계동"", ""미아 F2""]"
7b768b2566f7,2026-10-10,FPL001243,UAM0058,a4,4,4,1.0,VP002,잠실,VP018,인천,16,G6,F1,G8,F2,16:39:54,16:44:54,17:14:09,17:18:52,17:28:52,300.0,1754.8,283.2,2338.0,556.2,0.0,ready,16:44:37,1771.6,34,"[""잠실 F1"", ""잠실7동"", ""대치교"", ""지점 6"", ""지점 7"", ""지점 8"", ""지점 10"", ""양재동"", ""경부고속도로 양재천 다리"", ""지점 19"", ""방배동"", ""방배2동"", ""남현동"", ""인헌동"", ""행운동"", ""봉천동"", ""은천동"", ""신림동"", ""신림동 2"", ""신사동 3"", ""지점 9"", ""가산동"", ""지점 17"", ""지점 31"", ""지점 30"", ""지점 29"", ""지점 37"", ""간석3동"", ""지점 28"", ""지점 27"", ""지점 26"", ""영종동"", ""운북동"", ""인천 F2""]"
7b768b2566f7,2026-10-10,FPL001244,UAM0031,a4,4,4,1.0,VP015,마곡,VP004,용산,16,G7,F1,G3,F2,16:35:51,16:40:51,16:55:46,17:00:29,17:10:29,300.0,895.0,283.2,1478.2,293.82,0.0,ready,16:40:34,911.8,14,"[""마곡 F1"", ""하야동 2"", ""개화동"", ""덕은동"", ""상암동"", ""성산대교 중간지점"", ""선유도 17고지"", ""지점 5"", ""서강대교 중간지점"", ""지점 32"", ""여의동 2"", ""이촌2동"", ""한강로3가"", ""용산 F2""]"
7b768b2566f7,2026-10-10,FPL001245,UAM0041,a4,4,4,1.0,VP004,용산,VP009,성수,16,G3,F1,G4,F2,16:31:05,16:36:05,16:46:55,16:51:38,17:01:38,300.0,650.56,283.2,1233.76,0,74.16,ready,16:35:48,667.36,12,"[""용산 F1"", ""한강로2가"", ""한강로1가"", ""청파동1가"", ""남영동"", ""회현동2가"", ""후암동"", ""지점 39"", ""약수동"", ""신사동"", ""성수대교 남단"", ""성수 F2""]"
7b768b2566f7,2026-10-10,FPL001246,UAM0091,a4,4,4,1.0,VP007,봉천,VP014,가산,16,G4,F1,G5,F2,16:31:15,16:40:21,16:49:22,16:54:43,17:04:43,546.16,541.3,321.08,1408.54,246.16,37.88,ready,16:40:04,558.1,7,"[""봉천 F1"", ""신림동"", ""신림동 2"", ""신사동 3"", ""지점 9"", ""가산동"", ""가산 F2""]"
7b768b2566f7,2026-10-10,FPL001247,UAM0004,a4,4,4,1.0,VP009,성수,VP016,망우,16,G3,F1,G2,F2,16:38:41,16:43:41,17:01:48,17:06:46,17:16:46,300.0,1087.84,297.28,1685.12,442.08,425.84,ready,16:43:24,1104.64,11,"[""성수 F1"", ""지점 2"", ""청담대교 중간지점"", ""건대입구"", ""송정동"", ""중곡1동"", ""지점"", ""중랑천 제방길"", ""중랑철교"", ""중화동"", ""망우 F2""]"
7b768b2566f7,2026-10-10,FPL001248,UAM0013,a4,4,4,1.0,VP011,천호,VP009,성수,16,G2,F1,G4,F2,16:59:12,17:12:45,17:20:43,17:25:26,17:35:26,813.28,478.2,283.2,1574.68,2119.76,0.0,ready,17:12:28,495.0,8,"[""천호 F1"", ""천호대교 중간지점"", ""지점 4"", ""잠실대교 중간지점"", ""자양2동"", ""청담대교 중간지점"", ""지점 2"", ""성수 F2""]"
7b768b2566f7,2026-10-10,FPL001249,UAM0096,a4,4,4,1.0,VP006,미아,VP009,성수,16,G3,F1,G3,F2,16:35:28,16:40:28,16:53:36,16:58:19,17:08:19,300.0,787.9,283.2,1371.1,162.34,0.0,ready,16:40:11,804.7,15,"[""미아 F1"", ""월계동"", ""월계3동"", ""공릉1동 2"", ""월릉교"", ""중화동"", ""중랑철교"", ""중랑천 제방길"", ""지점"", ""중곡1동"", ""송정동"", ""건대입구"", ""청담대교 중간지점"", ""지점 2"", ""성수 F2""]"
7b768b2566f7,2026-10-10,FPL001250,UAM0040,a4,4,4,1.0,VP010,연신내,VP017,수서,16,G5,F1,G6,F2,16:33:33,16:43:39,17:04:29,17:09:12,17:19:12,606.16,1249.6,283.2,2138.96,306.16,0.0,ready,16:43:22,1266.4,29,"[""연신내 F1"", ""지점 23"", ""향동동"", ""지점 24"", ""수색교"", ""지점 25"", ""상암동"", ""성산대교 중간지점"", ""선유도 17고지"", ""합정동"", ""서교동"", ""동교동"", ""20통"", ""대현동"", ""아현동"", ""충정로3가"", ""남영동"", ""회현동2가"", ""후암동"", ""지점 39"", ""약수동"", ""신사동"", ""성수대교 남단"", ""지점 2"", ""청담대교 중간지점"", ""지점 3"", ""잠실7동"", ""개포3동"", ""수서 F2""]"
7b768b2566f7,2026-10-10,FPL001251,UAM0097,a4,4,4,1.0,VP013,강남,VP007,봉천,16,G7,F1,G3,F2,16:37:30,16:42:30,16:52:26,16:57:09,17:07:09,300.0,595.9,283.2,1179.1,216.16,0.0,ready,16:42:13,612.7,12,"[""강남 F1"", ""서초2동 2"", ""지점 21"", ""경부고속도로 양재천 다리"", ""지점 19"", ""방배동"", ""방배2동"", ""남현동"", ""인헌동"", ""행운동"", ""봉천동"", ""봉천 F2""]"
7b768b2566f7,2026-10-10,FPL001252,UAM0014,a4,4,4,1.0,VP018,인천,VP011,천호,16,G7,F1,G7,F2,16:40:44,16:45:44,18:07:51,18:18:35,18:28:35,300.0,4926.52,643.84,5870.36,312.12,3311.26,ready,16:45:27,4943.32,36,"[""인천 F1"", ""운북동"", ""영종동"", ""영종대교"", ""지점 22"", ""시천동 아라로"", ""목상동"", ""선주지동"", ""하야동"", ""하야동 2"", ""개화동"", ""덕은동"", ""상암동"", ""성산대교 중간지점"", ""선유도 17고지"", ""합정동"", ""서교동"", ""동교동"", ""20통"", ""대현동"", ""아현동"", ""충정로3가"", ""남영동"", ""회현동2가"", ""후암동"", ""지점 39"", ""약수동"", ""신사동"", ""성수대교 남단"", ""지점 2"", ""청담대교 중간지점"", ""자양2동"", ""잠실대교 중간지점"", ""지점 4"", ""천호대교 중간지점"", ""천호 F2""]"
7b768b2566f7,2026-10-10,FPL001253,UAM0039,a4,4,4,1.0,VP012,광화문,VP013,강남,16,G4,F1,G8,F2,16:35:47,16:40:47,16:49:48,16:54:31,17:04:31,300.0,540.6,283.2,1123.8,0,0.0,ready,16:40:30,557.4,12,"[""광화문 F1"", ""회현동2가"", ""후암동"", ""지점 39"", ""약수동"", ""신사동"", ""신사동 2"", ""잠원동 2"", ""잠원동"", ""주흥교"", ""반포1동"", ""강남 F2""]"
7b768b2566f7,2026-10-10,FPL001254,UAM0065,a4,4,4,1.0,VP007,봉천,VP001,여의도,16,G1,F1,G2,F2,16:35:49,16:46:49,16:55:32,17:00:30,17:10:30,659.66,523.3,297.28,1480.24,345.58,0.0,ready,16:46:32,540.1,5,"[""봉천 F1"", ""신림동"", ""신림동 2"", ""영등포"", ""여의도 F2""]"
7b768b2566f7,2026-10-10,FPL001255,UAM0086,a4,4,4,1.0,VP009,성수,VP010,연신내,16,G2,F1,G6,F2,16:38:55,16:49:01,17:08:35,17:13:18,17:23:18,606.56,1173.48,283.2,2063.24,473.92,104.38,ready,16:48:44,1190.28,24,"[""성수 F1"", ""성수대교 남단"", ""신사동"", ""약수동"", ""지점 39"", ""후암동"", ""회현동2가"", ""남영동"", ""충정로3가"", ""아현동"", ""대현동"", ""20통"", ""동교동"", ""서교동"", ""합정동"", ""선유도 17고지"", ""성산대교 중간지점"", ""상암동"", ""지점 25"", ""수색교"", ""지점 24"", ""향동동"", ""지점 23"", ""연신내 F2""]"
7b768b2566f7,2026-10-10,FPL001256,UAM0060,a4,4,4,1.0,VP011,천호,VP013,강남,16,G8,F1,G8,F2,17:03:50,17:18:05,17:41:59,17:49:08,17:59:08,855.52,1433.6,428.96,2718.08,2204.24,788.36,ready,17:17:49,1450.4,17,"[""천호 F1"", ""천호대교 중간지점"", ""지점 4"", ""잠실대교 중간지점"", ""자양2동"", ""지점 3"", ""잠실7동"", ""대치교"", ""지점 6"", ""지점 7"", ""지점 8"", ""지점 10"", ""양재동"", ""경부고속도로 양재천 다리"", ""지점 21"", ""서초2동 2"", ""강남 F2""]"
7b768b2566f7,2026-10-10,FPL001257,UAM0020,a4,4,4,1.0,VP002,잠실,VP008,사당,16,G3,F1,G3,F2,16:40:08,16:50:15,16:59:12,17:03:55,17:13:55,606.56,536.9,283.2,1426.66,497.06,0.0,ready,16:49:58,553.7,12,"[""잠실 F1"", ""잠실7동"", ""대치교"", ""지점 6"", ""지점 7"", ""지점 8"", ""지점 10"", ""양재동"", ""경부고속도로 양재천 다리"", ""지점 19"", ""방배동"", ""사당 F2""]"
7b768b2566f7,2026-10-10,FPL001258,UAM0061,a4,4,4,1.0,VP001,여의도,VP014,가산,16,G3,F1,G6,F2,16:36:47,16:41:47,16:53:43,16:58:26,17:08:26,300.0,715.48,283.2,1298.68,0,135.68,ready,16:41:30,732.28,8,"[""여의도 F1"", ""영등포"", ""신도림동"", ""문래동5가"", ""신도림동 2"", ""신정6동"", ""구로동"", ""가산 F2""]"
7b768b2566f7,2026-10-10,FPL001259,UAM0045,a4,4,4,1.0,VP015,마곡,VP016,망우,16,G8,F1,G3,F2,16:40:11,16:46:11,17:09:34,17:14:17,17:24:17,360.0,1402.5,283.2,2045.7,246.16,0.0,ready,16:45:54,1419.3,29,"[""마곡 F1"", ""하야동 2"", ""개화동"", ""덕은동"", ""상암동"", ""성산대교 중간지점"", ""선유도 17고지"", ""합정동"", ""서교동"", ""동교동"", ""20통"", ""대현동"", ""아현동"", ""충정로3가"", ""남영동"", ""회현동2가"", ""후암동"", ""지점 39"", ""약수동"", ""신사동"", ""응봉동"", ""지점 12"", ""송정동"", ""중곡1동"", ""지점"", ""중랑천 제방길"", ""중랑철교"", ""중화동"", ""망우 F2""]"
7b768b2566f7,2026-10-10,FPL001260,UAM0038,a4,4,4,1.0,VP018,인천,VP011,천호,16,G8,F1,G4,F2,16:41:04,16:51:05,18:39:55,18:51:07,19:01:07,600.64,6529.72,672.0,7802.36,506.8,4914.46,ready,16:50:48,6546.52,36,"[""인천 F1"", ""운북동"", ""영종동"", ""영종대교"", ""지점 22"", ""시천동 아라로"", ""목상동"", ""선주지동"", ""하야동"", ""하야동 2"", ""개화동"", ""덕은동"", ""상암동"", ""성산대교 중간지점"", ""선유도 17고지"", ""합정동"", ""서교동"", ""동교동"", ""20통"", ""대현동"", ""아현동"", ""충정로3가"", ""남영동"", ""회현동2가"", ""후암동"", ""지점 39"", ""약수동"", ""신사동"", ""성수대교 남단"", ""지점 2"", ""청담대교 중간지점"", ""자양2동"", ""잠실대교 중간지점"", ""지점 4"", ""천호대교 중간지점"", ""천호 F2""]"
7b768b2566f7,2026-10-10,FPL001261,UAM0075,a4,4,4,1.0,VP014,가산,VP015,마곡,16,G5,F1,G7,F2,16:38:00,16:53:01,17:10:12,17:14:55,17:24:55,901.04,1030.74,283.2,2214.98,601.04,200.64,ready,16:52:44,1047.54,12,"[""가산 F1"", ""구로동"", ""신정6동"", ""신도림동 2"", ""목1동"", ""양평동"", ""지점 18"", ""상암동"", ""덕은동"", ""개화동"", ""하야동 2"", ""마곡 F2""]"
7b768b2566f7,2026-10-10,FPL001262,UAM0012,a4,4,4,1.0,VP010,연신내,VP009,성수,16,G4,F1,G2,F2,16:38:07,16:49:00,17:06:46,17:11:44,17:21:44,652.08,1066.8,297.28,2016.16,338.0,0.0,ready,16:48:43,1083.6,24,"[""연신내 F1"", ""지점 23"", ""향동동"", ""지점 24"", ""수색교"", ""지점 25"", ""상암동"", ""성산대교 중간지점"", ""선유도 17고지"", ""합정동"", ""서교동"", ""동교동"", ""20통"", ""대현동"", ""아현동"", ""충정로3가"", ""남영동"", ""회현동2가"", ""후암동"", ""지점 39"", ""약수동"", ""신사동"", ""성수대교 남단"", ""성수 F2""]"
7b768b2566f7,2026-10-10,FPL001263,UAM0068,a4,4,4,1.0,VP017,수서,VP010,연신내,16,G5,F1,G5,F2,16:38:23,16:43:23,17:04:14,17:08:57,17:18:57,300.0,1250.7,283.2,1833.9,0,0.0,ready,16:43:07,1267.5,29,"[""수서 F1"", ""개포3동"", ""잠실7동"", ""지점 3"", ""청담대교 중간지점"", ""지점 2"", ""성수대교 남단"", ""신사동"", ""약수동"", ""지점 39"", ""후암동"", ""회현동2가"", ""남영동"", ""충정로3가"", ""아현동"", ""대현동"", ""20통"", ""동교동"", ""서교동"", ""합정동"", ""선유도 17고지"", ""성산대교 중간지점"", ""상암동"", ""지점 25"", ""수색교"", ""지점 24"", ""향동동"", ""지점 23"", ""연신내 F2""]"
7b768b2566f7,2026-10-10,FPL001264,UAM0011,a4,4,4,1.0,VP013,강남,VP010,연신내,16,G5,F1,G4,F2,16:46:25,16:51:39,17:17:16,17:22:13,17:32:13,314.08,1536.76,297.28,2148.12,476.8,497.36,ready,16:51:22,1553.56,22,"[""강남 F1"", ""반포1동"", ""주흥교"", ""잠원동"", ""잠원동 2"", ""반포동"", ""이촌동"", ""이촌동 2"", ""이촌2동"", ""여의동 2"", ""지점 32"", ""서강대교 중간지점"", ""지점 5"", ""선유도 17고지"", ""성산대교 중간지점"", ""상암동"", ""지점 25"", ""수색교"", ""지점 24"", ""향동동"", ""지점 23"", ""연신내 F2""]"
7b768b2566f7,2026-10-10,FPL001265,UAM0001,a4,4,4,1.0,VP014,가산,VP012,광화문,16,G4,F1,G1,F2,16:38:34,16:58:22,17:15:48,17:20:46,17:30:46,1187.6,1046.74,297.28,2531.62,873.52,242.64,ready,16:58:05,1063.54,16,"[""가산 F1"", ""구로동"", ""신정6동"", ""신도림동 2"", ""문래동5가"", ""신도림동"", ""영등포"", ""지점 13"", ""지점 14"", ""이촌2동"", ""한강로3가"", ""한강로2가"", ""한강로1가"", ""청파동1가"", ""남영동"", ""광화문 F2""]"
7b768b2566f7,2026-10-10,FPL001266,UAM0059,a4,4,4,1.0,VP007,봉천,VP011,천호,16,G2,F1,G2,F2,16:46:24,16:52:10,17:35:47,17:47:13,17:57:13,345.92,2617.3,686.08,3649.3,405.58,2116.74,ready,16:51:53,2634.1,22,"[""봉천 F1"", ""봉천동"", ""행운동"", ""인헌동"", ""남현동"", ""방배2동"", ""방배동"", ""지점 19"", ""경부고속도로 양재천 다리"", ""양재동"", ""지점 10"", ""지점 8"", ""지점 7"", ""지점 6"", ""대치교"", ""잠실7동"", ""지점 3"", ""자양2동"", ""잠실대교 중간지점"", ""지점 4"", ""천호대교 중간지점"", ""천호 F2""]"
7b768b2566f7,2026-10-10,FPL001267,UAM0052,a4,4,4,1.0,VP008,사당,VP018,인천,16,G4,F1,G7,F2,16:40:59,16:45:59,17:09:37,17:14:20,17:24:20,300.0,1417.9,283.2,2001.1,0,0.0,ready,16:45:42,1434.7,22,"[""사당 F1"", ""인헌동"", ""행운동"", ""봉천동"", ""은천동"", ""신림동"", ""신림동 2"", ""신사동 3"", ""지점 9"", ""가산동"", ""지점 17"", ""지점 31"", ""지점 30"", ""지점 29"", ""지점 37"", ""간석3동"", ""지점 28"", ""지점 27"", ""지점 26"", ""영종동"", ""운북동"", ""인천 F2""]"
7b768b2566f7,2026-10-10,FPL001268,UAM0009,a4,4,4,1.0,VP002,잠실,VP013,강남,16,G5,F1,G8,F2,16:44:35,16:55:35,17:07:14,17:11:57,17:21:57,660.64,698.42,283.2,1642.26,566.8,104.92,ready,16:55:19,715.22,12,"[""잠실 F1"", ""잠실7동"", ""대치교"", ""지점 6"", ""지점 7"", ""지점 8"", ""지점 10"", ""양재동"", ""경부고속도로 양재천 다리"", ""지점 21"", ""서초2동 2"", ""강남 F2""]"
7b768b2566f7,2026-10-10,FPL001269,UAM0085,a4,4,4,1.0,VP015,마곡,VP001,여의도,16,G5,F1,G3,F2,16:49:07,16:54:21,17:05:52,17:10:36,17:20:36,314.08,691.8,283.2,1289.08,446.8,0.0,ready,16:54:04,708.6,9,"[""마곡 F1"", ""하야동 2"", ""개화동"", ""덕은동"", ""상암동"", ""성산대교 중간지점"", ""선유도 17고지"", ""지점 11"", ""여의도 F2""]"
7b768b2566f7,2026-10-10,FPL001270,UAM0048,a4,4,4,1.0,VP011,천호,VP012,광화문,16,G5,F1,G3,F2,17:04:04,17:23:26,17:44:16,17:48:59,17:58:59,1162.08,1249.6,283.2,2694.88,2176.08,600.0,ready,17:23:09,1266.4,14,"[""천호 F1"", ""천호대교 중간지점"", ""지점 4"", ""잠실대교 중간지점"", ""자양2동"", ""청담대교 중간지점"", ""지점 2"", ""성수대교 남단"", ""신사동"", ""약수동"", ""지점 39"", ""후암동"", ""회현동2가"", ""광화문 F2""]"
7b768b2566f7,2026-10-10,FPL001271,UAM0081,a4,4,4,1.0,VP018,인천,VP010,연신내,16,G5,F1,G5,F2,16:42:13,16:56:26,17:30:18,17:35:01,17:45:01,852.72,2032.36,283.2,3168.28,538.64,677.96,ready,16:56:09,2049.16,18,"[""인천 F1"", ""운북동"", ""영종동"", ""영종대교"", ""지점 22"", ""시천동 아라로"", ""목상동"", ""선주지동"", ""하야동"", ""하야동 2"", ""개화동"", ""덕은동"", ""지점 25"", ""수색교"", ""지점 24"", ""향동동"", ""지점 23"", ""연신내 F2""]"
7b768b2566f7,2026-10-10,FPL001272,UAM0082,a4,4,4,1.0,VP013,강남,VP018,인천,16,G8,F1,G7,F2,16:46:59,16:57:00,17:25:17,17:30:00,17:40:00,600.64,1696.8,283.2,2580.64,564.96,0.0,ready,16:56:43,1713.6,29,"[""강남 F1"", ""서초2동 2"", ""지점 21"", ""경부고속도로 양재천 다리"", ""지점 19"", ""방배동"", ""방배2동"", ""남현동"", ""인헌동"", ""행운동"", ""봉천동"", ""은천동"", ""신림동"", ""신림동 2"", ""신사동 3"", ""지점 9"", ""가산동"", ""지점 17"", ""지점 31"", ""지점 30"", ""지점 29"", ""지점 37"", ""간석3동"", ""지점 28"", ""지점 27"", ""지점 26"", ""영종동"", ""운북동"", ""인천 F2""]"
7b768b2566f7,2026-10-10,FPL001273,UAM0080,a4,4,4,1.0,VP012,광화문,VP015,마곡,16,G3,F1,G5,F2,16:42:57,16:47:57,17:05:51,17:10:48,17:20:48,300.0,1073.9,297.28,1671.18,0,248.4,ready,16:47:40,1090.7,15,"[""광화문 F1"", ""충정로3가"", ""아현동"", ""대현동"", ""20통"", ""동교동"", ""서교동"", ""합정동"", ""선유도 17고지"", ""성산대교 중간지점"", ""상암동"", ""덕은동"", ""개화동"", ""하야동 2"", ""마곡 F2""]"
7b768b2566f7,2026-10-10,FPL001274,UAM0074,a4,4,4,1.0,VP014,가산,VP017,수서,16,G6,F1,G5,F2,16:43:40,17:03:42,17:20:11,17:24:54,17:34:54,1201.92,988.7,283.2,2473.82,921.68,0.0,ready,17:03:25,1005.5,24,"[""가산 F1"", ""가산동"", ""지점 9"", ""신사동 3"", ""신림동 2"", ""신림동"", ""은천동"", ""봉천동"", ""행운동"", ""인헌동"", ""남현동"", ""방배2동"", ""방배동"", ""지점 19"", ""경부고속도로 양재천 다리"", ""양재동"", ""지점 10"", ""지점 8"", ""지점 7"", ""지점 6"", ""대치교"", ""잠실7동"", ""개포3동"", ""수서 F2""]"
7b768b2566f7,2026-10-10,FPL001275,UAM0088,a4,4,4,1.0,VP009,성수,VP011,천호,16,G4,F1,G6,F2,16:47:22,16:54:22,17:51:49,18:02:47,18:12:47,420.0,3447.0,657.92,4524.92,306.16,3317.34,ready,16:54:05,3463.8,8,"[""성수 F1"", ""지점 2"", ""청담대교 중간지점"", ""자양2동"", ""잠실대교 중간지점"", ""지점 4"", ""천호대교 중간지점"", ""천호 F2""]"
7b768b2566f7,2026-10-10,FPL001276,UAM0017,a4,4,4,1.0,VP006,미아,VP014,가산,16,G4,F1,G6,F2,16:47:51,16:52:51,17:14:44,17:19:28,17:29:28,300.0,1313.7,283.2,1896.9,147.04,0.0,ready,16:52:34,1330.5,29,"[""미아 F1"", ""월계동"", ""월계3동"", ""공릉1동 2"", ""월릉교"", ""중화동"", ""중랑철교"", ""중랑천 제방길"", ""지점"", ""중곡1동"", ""송정동"", ""지점 12"", ""응봉동"", ""신사동"", ""신사동 2"", ""잠원동 2"", ""반포동"", ""이촌동"", ""이촌동 2"", ""이촌2동"", ""지점 14"", ""지점 13"", ""영등포"", ""신도림동"", ""문래동5가"", ""신도림동 2"", ""신정6동"", ""구로동"", ""가산 F2""]"
7b768b2566f7,2026-10-10,FPL001277,UAM0003,a4,4,4,1.0,VP003,상암,VP002,잠실,16,G3,F1,G6,F2,16:50:50,16:55:50,17:12:55,17:17:38,17:27:38,300.0,1025.2,283.2,1608.4,325.58,248.6,ready,16:55:33,1042.0,18,"[""상암 F1"", ""서교동"", ""동교동"", ""20통"", ""대현동"", ""아현동"", ""충정로3가"", ""남영동"", ""회현동2가"", ""후암동"", ""지점 39"", ""약수동"", ""신사동"", ""성수대교 남단"", ""지점 2"", ""청담대교 중간지점"", ""지점 3"", ""잠실 F2""]"
7b768b2566f7,2026-10-10,FPL001278,UAM0084,a4,4,4,1.0,VP008,사당,VP011,천호,16,G1,F1,G7,F2,16:45:33,16:51:19,17:25:06,17:35:50,17:45:50,345.92,2026.32,643.84,3016.08,31.84,1642.76,ready,16:51:03,2043.12,17,"[""사당 F1"", ""방배동"", ""지점 19"", ""경부고속도로 양재천 다리"", ""양재동"", ""지점 10"", ""지점 8"", ""지점 7"", ""지점 6"", ""대치교"", ""잠실7동"", ""지점 3"", ""자양2동"", ""잠실대교 중간지점"", ""지점 4"", ""천호대교 중간지점"", ""천호 F2""]"
7b768b2566f7,2026-10-10,FPL001279,UAM0093,a4,4,4,1.0,VP002,잠실,VP017,수서,16,G4,F1,G3,F2,16:45:43,17:00:56,17:08:49,17:13:46,17:23:46,912.72,473.02,297.28,1683.02,598.64,148.02,ready,17:00:39,489.82,4,"[""잠실 F1"", ""잠실7동"", ""개포3동"", ""수서 F2""]"
7b768b2566f7,2026-10-10,FPL001280,UAM0044,a4,4,4,1.0,VP015,마곡,VP010,연신내,16,G6,F1,G1,F2,16:49:27,16:59:41,17:21:37,17:26:48,17:36:48,614.72,1315.32,311.36,2241.4,506.8,635.72,ready,16:59:25,1332.12,10,"[""마곡 F1"", ""하야동 2"", ""개화동"", ""덕은동"", ""지점 25"", ""수색교"", ""지점 24"", ""향동동"", ""지점 23"", ""연신내 F2""]"
7b768b2566f7,2026-10-10,FPL001281,UAM0023,a4,4,4,1.0,VP018,인천,VP004,용산,16,G6,F1,G3,F2,16:46:33,17:01:46,17:26:36,17:31:19,17:41:19,912.72,1489.9,283.2,2685.82,598.64,0.0,ready,17:01:29,1506.7,23,"[""인천 F1"", ""운북동"", ""영종동"", ""지점 26"", ""지점 27"", ""지점 28"", ""간석3동"", ""지점 37"", ""지점 29"", ""지점 30"", ""지점 31"", ""지점 17"", ""구로동"", ""신정6동"", ""신도림동 2"", ""문래동5가"", ""신도림동"", ""영등포"", ""지점 13"", ""지점 14"", ""이촌2동"", ""한강로3가"", ""용산 F2""]"
7b768b2566f7,2026-10-10,FPL001282,UAM0083,a4,4,4,1.0,VP011,천호,VP009,성수,16,G6,F1,G3,F2,17:14:45,17:28:47,17:36:45,17:41:28,17:51:28,841.44,478.2,283.2,1602.84,2176.08,0.0,ready,17:28:30,495.0,8,"[""천호 F1"", ""천호대교 중간지점"", ""지점 4"", ""잠실대교 중간지점"", ""자양2동"", ""청담대교 중간지점"", ""지점 2"", ""성수 F2""]"
7b768b2566f7,2026-10-10,FPL001283,UAM0077,a4,4,4,1.0,VP007,봉천,VP002,잠실,16,G3,F1,G5,F2,16:47:24,16:57:30,17:08:34,17:13:17,17:23:17,606.16,664.0,283.2,1553.36,306.16,0.0,ready,16:57:13,680.8,17,"[""봉천 F1"", ""봉천동"", ""행운동"", ""인헌동"", ""남현동"", ""방배2동"", ""방배동"", ""지점 19"", ""경부고속도로 양재천 다리"", ""양재동"", ""지점 10"", ""지점 8"", ""지점 7"", ""지점 6"", ""대치교"", ""잠실7동"", ""잠실 F2""]"
7b768b2566f7,2026-10-10,FPL001284,UAM0076,a4,4,4,1.0,VP013,강남,VP009,성수,16,G6,F1,G3,F2,16:47:40,17:02:21,17:11:07,17:15:50,17:25:50,880.88,526.48,283.2,1690.56,566.8,68.38,ready,17:02:04,543.28,9,"[""강남 F1"", ""반포1동"", ""주흥교"", ""잠원동"", ""잠원동 2"", ""신사동 2"", ""신사동"", ""성수대교 남단"", ""성수 F2""]"
7b768b2566f7,2026-10-10,FPL001285,UAM0069,a4,4,4,1.0,VP004,용산,VP007,봉천,16,G3,F1,G4,F2,16:53:22,16:58:22,17:07:24,17:12:07,17:22:07,300.0,541.5,283.2,1124.7,275.58,0.0,ready,16:58:05,558.3,9,"[""용산 F1"", ""한강로3가"", ""이촌동 2"", ""상도터널"", ""상도1동"", ""상도1동 2"", ""지점 38"", ""봉천동"", ""봉천 F2""]"
7b768b2566f7,2026-10-10,FPL001286,UAM0051,a4,4,4,1.0,VP009,성수,VP012,광화문,16,G1,F1,G3,F2,16:48:50,16:59:43,17:07:07,17:11:50,17:21:50,652.08,444.6,283.2,1379.88,338.0,0.0,ready,16:59:26,461.4,8,"[""성수 F1"", ""성수대교 남단"", ""신사동"", ""약수동"", ""지점 39"", ""후암동"", ""회현동2가"", ""광화문 F2""]"
7b768b2566f7,2026-10-10,FPL001287,UAM0018,a4,4,4,1.0,VP008,사당,VP012,광화문,16,G3,F1,G4,F2,16:50:49,16:56:40,17:11:28,17:16:11,17:26:11,351.42,887.76,283.2,1522.38,120.0,185.16,ready,16:56:23,904.56,15,"[""사당 F1"", ""인헌동"", ""행운동"", ""봉천동"", ""지점 38"", ""상도1동 2"", ""상도1동"", ""상도터널"", ""이촌동 2"", ""한강로3가"", ""한강로2가"", ""한강로1가"", ""청파동1가"", ""남영동"", ""광화문 F2""]"
7b768b2566f7,2026-10-10,FPL001288,UAM0005,a4,4,4,1.0,VP015,마곡,VP010,연신내,16,G7,F1,G2,F2,16:50:07,17:05:02,17:25:57,17:31:09,17:41:09,894.96,1255.32,311.36,2461.64,594.96,575.72,ready,17:04:45,1272.12,10,"[""마곡 F1"", ""하야동 2"", ""개화동"", ""덕은동"", ""지점 25"", ""수색교"", ""지점 24"", ""향동동"", ""지점 23"", ""연신내 F2""]"
7b768b2566f7,2026-10-10,FPL001289,UAM0002,a4,4,4,1.0,VP002,잠실,VP011,천호,16,G1,F1,G3,F2,16:50:18,17:06:17,18:02:30,18:13:42,18:23:42,958.64,3373.38,672.0,5004.02,630.48,3291.42,ready,17:06:00,3390.18,7,"[""잠실 F1"", ""지점 3"", ""자양2동"", ""잠실대교 중간지점"", ""지점 4"", ""천호대교 중간지점"", ""천호 F2""]"
7b768b2566f7,2026-10-10,FPL001290,UAM0037,a4,4,4,1.0,VP018,인천,VP017,수서,16,G3,F1,G5,F2,16:51:08,17:07:07,17:37:34,17:42:17,17:52:17,958.64,1826.72,283.2,3068.56,630.48,20.72,ready,17:06:50,1843.52,35,"[""인천 F1"", ""운북동"", ""영종동"", ""지점 26"", ""지점 27"", ""지점 28"", ""간석3동"", ""지점 37"", ""지점 29"", ""지점 30"", ""지점 31"", ""지점 17"", ""가산동"", ""지점 9"", ""신사동 3"", ""신림동 2"", ""신림동"", ""은천동"", ""봉천동"", ""행운동"", ""인헌동"", ""남현동"", ""방배2동"", ""방배동"", ""지점 19"", ""경부고속도로 양재천 다리"", ""양재동"", ""지점 10"", ""지점 8"", ""지점 7"", ""지점 6"", ""대치교"", ""잠실7동"", ""개포3동"", ""수서 F2""]"
7b768b2566f7,2026-10-10,FPL001291,UAM0049,a4,4,4,1.0,VP007,봉천,VP015,마곡,16,G4,F1,G8,F2,16:51:45,17:02:51,17:23:14,17:27:57,17:37:57,666.16,1222.74,283.2,2172.1,366.16,349.84,ready,17:02:34,1239.54,12,"[""봉천 F1"", ""신림동"", ""신림동 2"", ""영등포"", ""지점 11"", ""선유도 17고지"", ""성산대교 중간지점"", ""상암동"", ""덕은동"", ""개화동"", ""하야동 2"", ""마곡 F2""]"
7b768b2566f7,2026-10-10,FPL001292,UAM0054,a4,4,4,1.0,VP013,강남,VP001,여의도,16,G7,F1,G4,F2,16:58:56,17:07:41,17:18:17,17:23:00,17:33:00,525.2,636.0,283.2,1444.4,654.96,0.0,ready,17:07:24,652.8,12,"[""강남 F1"", ""반포1동"", ""주흥교"", ""잠원동"", ""잠원동 2"", ""반포동"", ""이촌동"", ""이촌동 2"", ""이촌2동"", ""여의동 2"", ""지점 32"", ""여의도 F2""]"
7b768b2566f7,2026-10-10,FPL001293,UAM0047,a4,4,4,1.0,VP003,상암,VP015,마곡,16,G4,F1,G6,F2,16:52:04,17:01:10,17:14:32,17:19:30,17:29:30,546.16,802.02,297.28,1645.46,246.16,253.02,ready,17:00:54,818.82,6,"[""상암 F1"", ""지점 25"", ""덕은동"", ""개화동"", ""하야동 2"", ""마곡 F2""]"
7b768b2566f7,2026-10-10,FPL001294,UAM0035,a4,4,4,1.0,VP011,천호,VP004,용산,16,G4,F1,G3,F2,17:04:18,17:34:07,17:47:15,17:51:58,18:01:58,1789.28,787.4,283.2,2859.88,2147.92,0.0,ready,17:33:51,804.2,18,"[""천호 F1"", ""천호대교 중간지점"", ""지점 4"", ""잠실대교 중간지점"", ""자양2동"", ""청담대교 중간지점"", ""지점 2"", ""성수대교 남단"", ""신사동"", ""약수동"", ""지점 39"", ""후암동"", ""회현동2가"", ""남영동"", ""청파동1가"", ""한강로1가"", ""한강로2가"", ""용산 F2""]"
7b768b2566f7,2026-10-10,FPL001295,UAM0073,a4,4,4,1.0,VP009,성수,VP013,강남,16,G3,F1,G6,F2,16:52:57,17:05:03,17:15:55,17:20:52,17:30:52,726.16,652.04,297.28,1675.48,426.16,182.04,ready,17:04:46,668.84,9,"[""성수 F1"", ""성수대교 남단"", ""신사동"", ""신사동 2"", ""잠원동 2"", ""잠원동"", ""주흥교"", ""반포1동"", ""강남 F2""]"
7b768b2566f7,2026-10-10,FPL001296,UAM0072,a4,4,4,1.0,VP004,용산,VP013,강남,16,G4,F1,G3,F2,16:53:42,17:03:43,17:20:16,17:25:27,17:35:27,600.64,993.16,311.36,1905.16,335.58,425.16,ready,17:03:26,1009.96,10,"[""용산 F1"", ""한강로3가"", ""이촌동 2"", ""이촌동"", ""반포동"", ""잠원동 2"", ""잠원동"", ""주흥교"", ""반포1동"", ""강남 F2""]"
7b768b2566f7,2026-10-10,FPL001297,UAM0094,a4,4,4,1.0,VP005,목동,VP014,가산,16,G7,F1,G5,F2,16:54:57,16:59:57,17:07:37,17:12:20,17:22:20,300.0,459.8,283.2,1043.0,51.32,0.0,ready,16:59:40,476.6,4,"[""목동 F1"", ""신정6동"", ""구로동"", ""가산 F2""]"
7b768b2566f7,2026-10-10,FPL001298,UAM0030,a4,4,4,1.0,VP002,잠실,VP014,가산,16,G6,F1,G5,F2,16:54:11,17:11:37,17:27:17,17:32:00,17:42:00,1046.8,939.4,283.2,2269.4,746.8,0.0,ready,17:11:21,956.2,23,"[""잠실 F1"", ""잠실7동"", ""대치교"", ""지점 6"", ""지점 7"", ""지점 8"", ""지점 10"", ""양재동"", ""경부고속도로 양재천 다리"", ""지점 19"", ""방배동"", ""방배2동"", ""남현동"", ""인헌동"", ""행운동"", ""봉천동"", ""은천동"", ""신림동"", ""신림동 2"", ""신사동 3"", ""지점 9"", ""가산동"", ""가산 F2""]"
7b768b2566f7,2026-10-10,FPL001299,UAM0055,a4,4,4,1.0,VP015,마곡,VP002,잠실,16,G8,F1,G5,F2,16:56:07,17:10:23,17:30:08,17:34:51,17:44:51,855.52,1185.6,283.2,2324.32,654.96,0.0,ready,17:10:06,1202.4,25,"[""마곡 F1"", ""하야동 2"", ""개화동"", ""덕은동"", ""상암동"", ""성산대교 중간지점"", ""선유도 17고지"", ""합정동"", ""서교동"", ""동교동"", ""20통"", ""대현동"", ""아현동"", ""충정로3가"", ""남영동"", ""회현동2가"", ""후암동"", ""지점 39"", ""약수동"", ""신사동"", ""성수대교 남단"", ""지점 2"", ""청담대교 중간지점"", ""지점 3"", ""잠실 F2""]"
7b768b2566f7,2026-10-10,FPL001300,UAM0099,a4,4,4,1.0,VP007,봉천,VP002,잠실,16,G1,F1,G4,F2,16:56:19,17:08:12,17:21:36,17:26:33,17:36:33,712.08,804.64,297.28,1814.0,398.0,140.64,ready,17:07:55,821.44,17,"[""봉천 F1"", ""봉천동"", ""행운동"", ""인헌동"", ""남현동"", ""방배2동"", ""방배동"", ""지점 19"", ""경부고속도로 양재천 다리"", ""양재동"", ""지점 10"", ""지점 8"", ""지점 7"", ""지점 6"", ""대치교"", ""잠실7동"", ""잠실 F2""]"
7b768b2566f7,2026-10-10,FPL001301,UAM0064,a4,4,4,1.0,VP001,여의도,VP011,천호,16,G3,F1,G8,F2,17:00:20,17:05:20,17:41:08,17:51:51,18:01:51,300.0,2147.84,643.84,3091.68,240.26,1641.08,ready,17:05:03,2164.64,18,"[""여의도 F1"", ""지점 32"", ""여의동 2"", ""이촌2동"", ""이촌동 2"", ""이촌동"", ""반포동"", ""잠원동 2"", ""신사동 2"", ""신사동"", ""성수대교 남단"", ""지점 2"", ""청담대교 중간지점"", ""자양2동"", ""잠실대교 중간지점"", ""지점 4"", ""천호대교 중간지점"", ""천호 F2""]"
7b768b2566f7,2026-10-10,FPL001302,UAM0026,a4,4,4,1.0,VP013,강남,VP017,수서,16,G3,F1,G4,F2,16:56:35,17:13:02,17:28:52,17:33:50,17:43:50,986.8,950.48,297.28,2234.56,658.64,307.38,ready,17:12:45,967.28,13,"[""강남 F1"", ""서초2동 2"", ""지점 21"", ""경부고속도로 양재천 다리"", ""양재동"", ""지점 10"", ""지점 8"", ""지점 7"", ""지점 6"", ""대치교"", ""잠실7동"", ""개포3동"", ""수서 F2""]"
7b768b2566f7,2026-10-10,FPL001303,UAM0053,a4,4,4,1.0,VP003,상암,VP008,사당,16,G1,F1,G3,F2,16:56:39,17:06:31,17:18:43,17:23:27,17:33:27,592.08,732.3,283.2,1607.58,278.0,0.0,ready,17:06:14,749.1,13,"[""상암 F1"", ""서교동"", ""합정동"", ""선유도 17고지"", ""지점 11"", ""영등포"", ""신림동 2"", ""신림동"", ""은천동"", ""봉천동"", ""행운동"", ""인헌동"", ""사당 F2""]"
7b768b2566f7,2026-10-10,FPL001304,UAM0078,a4,4,4,1.0,VP009,성수,VP013,강남,16,G2,F1,G7,F2,17:02:58,17:10:24,17:33:18,17:38:01,17:48:01,445.92,1373.96,283.2,2103.08,458.0,903.96,ready,17:10:07,1390.76,9,"[""성수 F1"", ""성수대교 남단"", ""신사동"", ""신사동 2"", ""잠원동 2"", ""잠원동"", ""주흥교"", ""반포1동"", ""강남 F2""]"
7b768b2566f7,2026-10-10,FPL001305,UAM0057,a4,4,4,1.0,VP006,미아,VP011,천호,16,G3,F1,G6,F2,17:02:45,17:07:45,20:00:04,20:11:02,20:21:02,300.0,10339.3,657.92,11297.22,298.56,9974.74,ready,17:07:28,10356.1,15,"[""미아 F1"", ""월계동"", ""월계3동"", ""공릉1동 2"", ""월릉교"", ""중화동"", ""중랑철교"", ""중랑천 제방길"", ""지점"", ""중곡1동"", ""능동"", ""구의동"", ""아차산 고가차도"", ""천호대교 중간지점"", ""천호 F2""]"
7b768b2566f7,2026-10-10,FPL001306,UAM0063,a4,4,4,1.0,VP011,천호,VP013,강남,16,G3,F1,G7,F2,17:25:41,17:39:28,18:03:42,18:10:31,18:20:31,827.36,1454.24,408.32,2689.92,2147.92,788.36,ready,17:39:11,1471.04,17,"[""천호 F1"", ""천호대교 중간지점"", ""지점 4"", ""잠실대교 중간지점"", ""자양2동"", ""지점 3"", ""잠실7동"", ""대치교"", ""지점 6"", ""지점 7"", ""지점 8"", ""지점 10"", ""양재동"", ""경부고속도로 양재천 다리"", ""지점 21"", ""서초2동 2"", ""강남 F2""]"
7b768b2566f7,2026-10-10,FPL001307,UAM0056,a4,4,4,1.0,VP016,망우,VP017,수서,16,G3,F1,G6,F2,17:06:36,17:11:36,17:24:32,17:29:15,17:39:15,300.0,775.76,283.2,1358.96,489.64,116.56,ready,17:11:19,792.56,12,"[""망우 F1"", ""중랑철교"", ""중랑천 제방길"", ""지점"", ""중곡1동"", ""송정동"", ""건대입구"", ""청담대교 중간지점"", ""지점 3"", ""잠실7동"", ""개포3동"", ""수서 F2""]"
7b768b2566f7,2026-10-10,FPL001308,UAM0050,a4,4,4,1.0,VP015,마곡,VP006,미아,16,G3,F1,G1,F2,16:59:16,17:15:43,17:41:25,17:46:23,17:56:23,986.8,1542.1,297.28,2826.18,658.64,0.0,ready,17:15:26,1558.9,33,"[""마곡 F1"", ""하야동 2"", ""개화동"", ""덕은동"", ""상암동"", ""성산대교 중간지점"", ""선유도 17고지"", ""합정동"", ""서교동"", ""동교동"", ""20통"", ""대현동"", ""아현동"", ""충정로3가"", ""남영동"", ""회현동2가"", ""후암동"", ""지점 39"", ""약수동"", ""신사동"", ""응봉동"", ""지점 12"", ""송정동"", ""중곡1동"", ""지점"", ""중랑천 제방길"", ""중랑철교"", ""중화동"", ""월릉교"", ""공릉1동 2"", ""월계3동"", ""월계동"", ""미아 F2""]"
7b768b2566f7,2026-10-10,FPL001309,UAM0016,a4,4,4,1.0,VP010,연신내,VP003,상암,17,G5,F1,G3,F2,17:00:21,17:05:21,17:14:24,17:19:07,17:29:07,300.0,543.0,283.2,1126.2,0,0.0,ready,17:05:04,559.8,8,"[""연신내 F1"", ""지점 23"", ""향동동"", ""지점 24"", ""수색교"", ""지점 25"", ""상암동"", ""상암 F2""]"
7b768b2566f7,2026-10-10,FPL001310,UAM0062,a4,4,4,1.0,VP001,여의도,VP006,미아,17,G4,F1,G3,F2,17:00:40,17:10:40,17:28:48,17:33:31,17:43:31,600.26,1087.4,283.2,1970.86,300.26,0.0,ready,17:10:24,1104.2,23,"[""여의도 F1"", ""지점 32"", ""여의동 2"", ""이촌2동"", ""이촌동 2"", ""이촌동"", ""반포동"", ""잠원동 2"", ""신사동 2"", ""신사동"", ""응봉동"", ""지점 12"", ""송정동"", ""중곡1동"", ""지점"", ""중랑천 제방길"", ""중랑철교"", ""중화동"", ""월릉교"", ""공릉1동 2"", ""월계3동"", ""월계동"", ""미아 F2""]"
7b768b2566f7,2026-10-10,FPL001311,UAM0042,a4,4,4,1.0,VP008,사당,VP013,강남,17,G4,F1,G1,F2,17:03:59,17:08:59,17:28:57,17:34:23,17:44:23,300.0,1197.92,325.44,1823.36,194.86,718.22,ready,17:08:42,1214.72,7,"[""사당 F1"", ""방배동"", ""지점 19"", ""경부고속도로 양재천 다리"", ""지점 21"", ""서초2동 2"", ""강남 F2""]"
7b768b2566f7,2026-10-10,FPL001312,UAM0067,a4,4,4,1.0,VP003,상암,VP018,인천,17,G2,F1,G8,F2,17:01:00,17:11:52,17:32:13,17:36:56,17:46:56,652.08,1221.2,283.2,2156.48,338.0,0.0,ready,17:11:35,1238.0,14,"[""상암 F1"", ""지점 25"", ""덕은동"", ""개화동"", ""하야동 2"", ""하야동"", ""선주지동"", ""목상동"", ""시천동 아라로"", ""지점 22"", ""영종대교"", ""영종동"", ""운북동"", ""인천 F2""]"
7b768b2566f7,2026-10-10,FPL001313,UAM0041,a4,4,4,1.0,VP009,성수,VP006,미아,17,G4,F1,G4,F2,17:03:32,17:15:44,17:33:08,17:37:52,17:47:52,732.48,1044.0,283.2,2059.68,546.16,242.4,ready,17:15:28,1060.8,15,"[""성수 F1"", ""지점 2"", ""청담대교 중간지점"", ""건대입구"", ""송정동"", ""중곡1동"", ""지점"", ""중랑천 제방길"", ""중랑철교"", ""중화동"", ""월릉교"", ""공릉1동 2"", ""월계3동"", ""월계동"", ""미아 F2""]"
7b768b2566f7,2026-10-10,FPL001314,UAM0071,a4,4,4,1.0,VP018,인천,VP013,강남,17,G7,F1,G3,F2,17:02:47,17:12:27,17:55:01,18:00:17,18:10:17,580.4,2553.48,316.48,3450.36,280.4,856.6,ready,17:12:11,2570.28,29,"[""인천 F1"", ""운북동"", ""영종동"", ""지점 26"", ""지점 27"", ""지점 28"", ""간석3동"", ""지점 37"", ""지점 29"", ""지점 30"", ""지점 31"", ""지점 17"", ""가산동"", ""지점 9"", ""신사동 3"", ""신림동 2"", ""신림동"", ""은천동"", ""봉천동"", ""행운동"", ""인헌동"", ""남현동"", ""방배2동"", ""방배동"", ""지점 19"", ""경부고속도로 양재천 다리"", ""지점 21"", ""서초2동 2"", ""강남 F2""]"
7b768b2566f7,2026-10-10,FPL001315,UAM0046,a4,4,4,1.0,VP011,천호,VP010,연신내,17,G7,F1,G4,F2,17:30:33,17:44:49,18:09:06,18:14:03,18:24:03,855.52,1457.24,297.28,2610.04,2204.24,183.04,ready,17:44:32,1474.04,30,"[""천호 F1"", ""천호대교 중간지점"", ""지점 4"", ""잠실대교 중간지점"", ""자양2동"", ""청담대교 중간지점"", ""지점 2"", ""성수대교 남단"", ""신사동"", ""약수동"", ""지점 39"", ""후암동"", ""회현동2가"", ""남영동"", ""충정로3가"", ""아현동"", ""대현동"", ""20통"", ""동교동"", ""서교동"", ""합정동"", ""선유도 17고지"", ""성산대교 중간지점"", ""상암동"", ""지점 25"", ""수색교"", ""지점 24"", ""향동동"", ""지점 23"", ""연신내 F2""]"
7b768b2566f7,2026-10-10,FPL001316,UAM0022,a4,4,4,1.0,VP004,용산,VP013,강남,17,G1,F1,G2,F2,17:03:32,17:09:03,17:37:38,17:43:04,17:53:04,331.44,1715.08,325.44,2371.96,17.36,1147.08,ready,17:08:47,1731.88,10,"[""용산 F1"", ""한강로3가"", ""이촌동 2"", ""이촌동"", ""반포동"", ""잠원동 2"", ""잠원동"", ""주흥교"", ""반포1동"", ""강남 F2""]"
7b768b2566f7,2026-10-10,FPL001317,UAM0036,a4,4,4,1.0,VP006,미아,VP015,마곡,17,G4,F1,G7,F2,17:04:09,17:13:06,17:38:43,17:46:25,17:56:25,536.74,1537.0,461.98,2535.72,236.74,178.78,ready,17:12:49,1553.8,33,"[""미아 F1"", ""월계동"", ""월계3동"", ""공릉1동 2"", ""월릉교"", ""중화동"", ""중랑철교"", ""중랑천 제방길"", ""지점"", ""중곡1동"", ""송정동"", ""지점 12"", ""응봉동"", ""신사동"", ""약수동"", ""지점 39"", ""후암동"", ""회현동2가"", ""남영동"", ""충정로3가"", ""아현동"", ""대현동"", ""20통"", ""동교동"", ""서교동"", ""합정동"", ""선유도 17고지"", ""성산대교 중간지점"", ""상암동"", ""덕은동"", ""개화동"", ""하야동 2"", ""마곡 F2""]"
7b768b2566f7,2026-10-10,FPL001318,UAM0039,a4,4,4,1.0,VP013,강남,VP001,여의도,17,G8,F1,G3,F2,17:07:41,17:18:22,17:28:58,17:33:42,17:43:42,641.72,636.0,283.2,1560.92,531.36,0.0,ready,17:18:06,652.8,12,"[""강남 F1"", ""반포1동"", ""주흥교"", ""잠원동"", ""잠원동 2"", ""반포동"", ""이촌동"", ""이촌동 2"", ""이촌2동"", ""여의동 2"", ""지점 32"", ""여의도 F2""]"
7b768b2566f7,2026-10-10,FPL001319,UAM0091,a4,4,4,1.0,VP014,가산,VP003,상암,17,G5,F1,G4,F2,17:04:43,17:09:43,17:20:46,17:25:30,17:35:30,300.0,663.2,283.2,1246.4,0,0.0,ready,17:09:26,680.0,9,"[""가산 F1"", ""구로동"", ""신정6동"", ""신도림동 2"", ""목1동"", ""양평동"", ""지점 18"", ""상암동"", ""상암 F2""]"
7b768b2566f7,2026-10-10,FPL001320,UAM0100,a4,4,4,1.0,VP001,여의도,VP012,광화문,17,G1,F1,G3,F2,17:05:15,17:16:01,17:25:37,17:30:20,17:40:20,646.18,575.7,283.2,1505.08,332.1,0.0,ready,17:15:44,592.5,10,"[""여의도 F1"", ""지점 32"", ""여의동 2"", ""이촌2동"", ""한강로3가"", ""한강로2가"", ""한강로1가"", ""청파동1가"", ""남영동"", ""광화문 F2""]"
7b768b2566f7,2026-10-10,FPL001321,UAM0095,a4,4,4,1.0,VP015,마곡,VP001,여의도,17,G7,F1,G1,F2,17:10:39,17:21:04,17:33:19,17:38:16,17:48:16,625.32,735.2,297.28,1657.8,601.04,43.4,ready,17:20:47,752.0,9,"[""마곡 F1"", ""하야동 2"", ""개화동"", ""덕은동"", ""상암동"", ""성산대교 중간지점"", ""선유도 17고지"", ""지점 11"", ""여의도 F2""]"
7b768b2566f7,2026-10-10,FPL001322,UAM0025,a4,4,4,1.0,VP012,광화문,VP011,천호,17,G3,F1,G5,F2,17:06:14,17:11:14,17:46:28,17:57:26,18:07:26,300.0,2114.48,657.92,3072.4,0,1810.22,ready,17:10:57,2131.28,14,"[""광화문 F1"", ""회현동2가"", ""후암동"", ""지점 39"", ""약수동"", ""신사동"", ""성수대교 남단"", ""지점 2"", ""청담대교 중간지점"", ""자양2동"", ""잠실대교 중간지점"", ""지점 4"", ""천호대교 중간지점"", ""천호 F2""]"
7b768b2566f7,2026-10-10,FPL001323,UAM0097,a4,4,4,1.0,VP007,봉천,VP017,수서,17,G3,F1,G3,F2,17:12:11,17:17:11,17:33:13,17:38:10,17:48:10,300.0,961.94,297.28,1559.22,302.08,261.24,ready,17:16:54,978.74,18,"[""봉천 F1"", ""봉천동"", ""행운동"", ""인헌동"", ""남현동"", ""방배2동"", ""방배동"", ""지점 19"", ""경부고속도로 양재천 다리"", ""양재동"", ""지점 10"", ""지점 8"", ""지점 7"", ""지점 6"", ""대치교"", ""잠실7동"", ""개포3동"", ""수서 F2""]"
7b768b2566f7,2026-10-10,FPL001324,UAM0087,a4,4,4,1.0,VP016,망우,VP012,광화문,17,G4,F1,G2,F2,17:07:50,17:16:57,17:34:18,17:39:15,17:49:15,546.16,1041.5,297.28,1884.94,246.16,335.4,ready,17:16:40,1058.3,14,"[""망우 F1"", ""중랑철교"", ""중랑천 제방길"", ""지점"", ""중곡1동"", ""송정동"", ""지점 12"", ""응봉동"", ""신사동"", ""약수동"", ""지점 39"", ""후암동"", ""회현동2가"", ""광화문 F2""]"
7b768b2566f7,2026-10-10,FPL001325,UAM0096,a4,4,4,1.0,VP009,성수,VP012,광화문,17,G3,F1,G4,F2,17:11:34,17:21:05,17:29:57,17:34:41,17:44:41,571.28,532.3,283.2,1386.78,466.16,87.7,ready,17:20:48,549.1,8,"[""성수 F1"", ""성수대교 남단"", ""신사동"", ""약수동"", ""지점 39"", ""후암동"", ""회현동2가"", ""광화문 F2""]"
7b768b2566f7,2026-10-10,FPL001326,UAM0061,a4,4,4,1.0,VP014,가산,VP011,천호,17,G6,F1,G5,F2,17:12:25,17:17:25,19:11:58,19:22:56,19:32:56,300.0,6873.96,657.92,7831.88,238.58,6137.6,ready,17:17:08,6890.76,24,"[""가산 F1"", ""구로동"", ""신정6동"", ""신도림동 2"", ""문래동5가"", ""신도림동"", ""영등포"", ""지점 13"", ""지점 14"", ""이촌2동"", ""이촌동 2"", ""이촌동"", ""반포동"", ""잠원동 2"", ""신사동 2"", ""신사동"", ""성수대교 남단"", ""지점 2"", ""청담대교 중간지점"", ""자양2동"", ""잠실대교 중간지점"", ""지점 4"", ""천호대교 중간지점"", ""천호 F2""]"
7b768b2566f7,2026-10-10,FPL001327,UAM0008,a4,4,4,1.0,VP017,수서,VP016,망우,17,G5,F1,G3,F2,17:13:37,17:18:37,17:30:20,17:35:03,17:45:03,300.0,703.0,283.2,1286.2,297.4,0.0,ready,17:18:20,719.8,13,"[""수서 F1"", ""개포3동"", ""잠실7동"", ""지점 3"", ""청담대교 중간지점"", ""건대입구"", ""송정동"", ""중곡1동"", ""지점"", ""중랑천 제방길"", ""중랑철교"", ""중화동"", ""망우 F2""]"
7b768b2566f7,2026-10-10,FPL001328,UAM0028,a4,4,4,1.0,VP013,강남,VP012,광화문,17,G5,F1,G1,F2,17:09:06,17:23:43,17:38:39,17:43:36,17:53:36,877.28,895.58,297.28,2070.14,563.2,357.78,ready,17:23:26,912.38,12,"[""강남 F1"", ""반포1동"", ""주흥교"", ""잠원동"", ""잠원동 2"", ""신사동 2"", ""신사동"", ""약수동"", ""지점 39"", ""후암동"", ""회현동2가"", ""광화문 F2""]"
7b768b2566f7,2026-10-10,FPL001329,UAM0010,a4,4,4,1.0,VP011,천호,VP006,미아,17,G1,F1,G4,F2,17:09:07,17:50:09,18:05:35,18:10:18,18:20:18,2462.0,925.28,283.2,3670.48,2119.76,200.48,ready,17:49:52,942.08,15,"[""천호 F1"", ""천호대교 중간지점"", ""아차산 고가차도"", ""구의동"", ""능동"", ""중곡1동"", ""지점"", ""중랑천 제방길"", ""중랑철교"", ""중화동"", ""월릉교"", ""공릉1동 2"", ""월계3동"", ""월계동"", ""미아 F2""]"
7b768b2566f7,2026-10-10,FPL001330,UAM0098,a4,4,4,1.0,VP005,목동,VP018,인천,17,G8,F1,G5,F2,17:09:53,17:14:53,17:36:33,17:41:31,17:51:31,300.0,1300.46,297.28,1897.74,0,46.26,ready,17:14:36,1317.26,15,"[""목동 F1"", ""신정6동"", ""구로동"", ""지점 17"", ""지점 31"", ""지점 30"", ""지점 29"", ""지점 37"", ""간석3동"", ""지점 28"", ""지점 27"", ""지점 26"", ""영종동"", ""운북동"", ""인천 F2""]"
7b768b2566f7,2026-10-10,FPL001331,UAM0031,a4,4,4,1.0,VP004,용산,VP011,천호,17,G3,F1,G2,F2,17:10:29,17:15:29,18:18:32,18:29:58,18:39:58,300.0,3783.28,686.08,4769.36,0,3350.92,ready,17:15:12,3800.08,18,"[""용산 F1"", ""한강로2가"", ""한강로1가"", ""청파동1가"", ""남영동"", ""회현동2가"", ""후암동"", ""지점 39"", ""약수동"", ""신사동"", ""성수대교 남단"", ""지점 2"", ""청담대교 중간지점"", ""자양2동"", ""잠실대교 중간지점"", ""지점 4"", ""천호대교 중간지점"", ""천호 F2""]"
7b768b2566f7,2026-10-10,FPL001332,UAM0065,a4,4,4,1.0,VP001,여의도,VP013,강남,17,G2,F1,G5,F2,17:10:30,17:21:22,17:46:20,17:51:17,18:01:17,652.08,1498.0,297.28,2447.36,338.0,867.2,ready,17:21:05,1514.8,12,"[""여의도 F1"", ""지점 32"", ""여의동 2"", ""이촌2동"", ""이촌동 2"", ""이촌동"", ""반포동"", ""잠원동 2"", ""잠원동"", ""주흥교"", ""반포1동"", ""강남 F2""]"
7b768b2566f7,2026-10-10,FPL001333,UAM0033,a4,4,4,1.0,VP016,망우,VP013,강남,17,G1,F1,G6,F2,17:12:25,17:22:17,17:50:40,17:55:38,18:05:38,592.08,1703.16,297.28,2592.52,278.0,993.06,ready,17:22:00,1719.96,15,"[""망우 F1"", ""중랑철교"", ""중랑천 제방길"", ""지점"", ""중곡1동"", ""송정동"", ""지점 12"", ""응봉동"", ""신사동"", ""신사동 2"", ""잠원동 2"", ""잠원동"", ""주흥교"", ""반포1동"", ""강남 F2""]"
7b768b2566f7,2026-10-10,FPL001334,UAM0043,a4,4,4,1.0,VP009,성수,VP018,인천,17,G1,F1,G8,F2,17:12:54,17:26:26,17:55:49,18:00:32,18:10:32,812.08,1763.1,283.2,2858.38,498.0,0.0,ready,17:26:09,1779.9,30,"[""성수 F1"", ""성수대교 남단"", ""신사동"", ""약수동"", ""지점 39"", ""후암동"", ""회현동2가"", ""남영동"", ""충정로3가"", ""아현동"", ""대현동"", ""20통"", ""동교동"", ""서교동"", ""합정동"", ""선유도 17고지"", ""성산대교 중간지점"", ""상암동"", ""덕은동"", ""개화동"", ""하야동 2"", ""하야동"", ""선주지동"", ""목상동"", ""시천동 아라로"", ""지점 22"", ""영종대교"", ""영종동"", ""운북동"", ""인천 F2""]"
7b768b2566f7,2026-10-10,FPL001335,UAM0070,a4,4,4,1.0,VP006,미아,VP001,여의도,17,G1,F1,G4,F2,17:12:55,17:18:26,17:37:40,17:42:23,17:52:23,331.44,1153.5,283.2,1768.14,17.36,75.6,ready,17:18:09,1170.3,23,"[""미아 F1"", ""월계동"", ""월계3동"", ""공릉1동 2"", ""월릉교"", ""중화동"", ""중랑철교"", ""중랑천 제방길"", ""지점"", ""중곡1동"", ""송정동"", ""지점 12"", ""응봉동"", ""신사동"", ""신사동 2"", ""잠원동 2"", ""반포동"", ""이촌동"", ""이촌동 2"", ""이촌2동"", ""여의동 2"", ""지점 32"", ""여의도 F2""]"
7b768b2566f7,2026-10-10,FPL001336,UAM0020,a4,4,4,1.0,VP008,사당,VP018,인천,17,G3,F1,G7,F2,17:13:55,17:18:55,17:42:33,17:47:16,17:57:16,300.0,1417.9,283.2,2001.1,0,0.0,ready,17:18:38,1434.7,22,"[""사당 F1"", ""인헌동"", ""행운동"", ""봉천동"", ""은천동"", ""신림동"", ""신림동 2"", ""신사동 3"", ""지점 9"", ""가산동"", ""지점 17"", ""지점 31"", ""지점 30"", ""지점 29"", ""지점 37"", ""간석3동"", ""지점 28"", ""지점 27"", ""지점 26"", ""영종동"", ""운북동"", ""인천 F2""]"
7b768b2566f7,2026-10-10,FPL001337,UAM0015,a4,4,4,1.0,VP011,천호,VP015,마곡,17,G2,F1,G7,F2,17:41:57,17:55:30,18:26:23,18:31:06,18:41:06,813.28,1853.04,283.2,2949.52,2119.76,557.24,ready,17:55:13,1869.84,28,"[""천호 F1"", ""천호대교 중간지점"", ""지점 4"", ""잠실대교 중간지점"", ""자양2동"", ""청담대교 중간지점"", ""지점 2"", ""성수대교 남단"", ""신사동"", ""약수동"", ""지점 39"", ""후암동"", ""회현동2가"", ""남영동"", ""충정로3가"", ""아현동"", ""대현동"", ""20통"", ""동교동"", ""서교동"", ""합정동"", ""선유도 17고지"", ""성산대교 중간지점"", ""상암동"", ""덕은동"", ""개화동"", ""하야동 2"", ""마곡 F2""]"
7b768b2566f7,2026-10-10,FPL001338,UAM0021,a4,4,4,1.0,VP015,마곡,VP013,강남,17,G8,F1,G4,F2,17:23:40,17:28:40,17:59:22,18:05:38,18:15:38,300.0,1841.12,376.48,2517.6,416.36,849.84,ready,17:28:24,1857.92,20,"[""마곡 F1"", ""하야동 2"", ""개화동"", ""덕은동"", ""상암동"", ""성산대교 중간지점"", ""선유도 17고지"", ""지점 5"", ""서강대교 중간지점"", ""지점 32"", ""여의동 2"", ""이촌2동"", ""이촌동 2"", ""이촌동"", ""반포동"", ""잠원동 2"", ""잠원동"", ""주흥교"", ""반포1동"", ""강남 F2""]"
7b768b2566f7,2026-10-10,FPL001339,UAM0004,a4,4,4,1.0,VP016,망우,VP011,천호,17,G2,F1,G4,F2,17:16:46,17:27:38,17:57:10,18:08:22,18:18:22,652.08,1771.72,672.0,3095.8,338.0,1592.06,ready,17:27:21,1788.52,10,"[""망우 F1"", ""중랑철교"", ""중랑천 제방길"", ""지점"", ""중곡1동"", ""능동"", ""구의동"", ""아차산 고가차도"", ""천호대교 중간지점"", ""천호 F2""]"
7b768b2566f7,2026-10-10,FPL001340,UAM0092,a4,4,4,1.0,VP009,성수,VP003,상암,17,G4,F1,G3,F2,17:17:00,17:31:46,17:43:24,17:48:07,17:58:07,886.16,697.6,283.2,1866.96,586.16,0.0,ready,17:31:30,714.4,16,"[""성수 F1"", ""성수대교 남단"", ""신사동"", ""약수동"", ""지점 39"", ""후암동"", ""회현동2가"", ""남영동"", ""충정로3가"", ""아현동"", ""대현동"", ""20통"", ""동교동"", ""서교동"", ""합정동"", ""상암 F2""]"
7b768b2566f7,2026-10-10,FPL001341,UAM0034,a4,4,4,1.0,VP013,강남,VP002,잠실,17,G7,F1,G5,F2,17:33:45,17:38:45,17:48:51,17:53:34,18:03:34,300.0,606.4,283.2,1189.6,968.08,0.0,ready,17:38:28,623.2,12,"[""강남 F1"", ""서초2동 2"", ""지점 21"", ""경부고속도로 양재천 다리"", ""양재동"", ""지점 10"", ""지점 8"", ""지점 7"", ""지점 6"", ""대치교"", ""잠실7동"", ""잠실 F2""]"
7b768b2566f7,2026-10-10,FPL001342,UAM0068,a4,4,4,1.0,VP010,연신내,VP011,천호,17,G5,F1,G4,F2,17:30:45,17:35:45,19:22:40,19:33:52,19:43:52,300.0,6415.04,672.0,7387.04,707.44,5492.38,ready,17:35:28,6431.84,30,"[""연신내 F1"", ""지점 23"", ""향동동"", ""지점 24"", ""수색교"", ""지점 25"", ""상암동"", ""성산대교 중간지점"", ""선유도 17고지"", ""합정동"", ""서교동"", ""동교동"", ""20통"", ""대현동"", ""아현동"", ""충정로3가"", ""남영동"", ""회현동2가"", ""후암동"", ""지점 39"", ""약수동"", ""신사동"", ""성수대교 남단"", ""지점 2"", ""청담대교 중간지점"", ""자양2동"", ""잠실대교 중간지점"", ""지점 4"", ""천호대교 중간지점"", ""천호 F2""]"
7b768b2566f7,2026-10-10,FPL001343,UAM0019,a4,4,4,1.0,VP011,천호,VP014,가산,17,G8,F1,G5,F2,17:46:35,18:00:51,18:19:04,18:23:48,18:33:48,855.52,1093.9,283.2,2232.62,2204.24,0.0,ready,18:00:34,1110.7,24,"[""천호 F1"", ""천호대교 중간지점"", ""지점 4"", ""잠실대교 중간지점"", ""자양2동"", ""청담대교 중간지점"", ""지점 2"", ""성수대교 남단"", ""신사동"", ""신사동 2"", ""잠원동 2"", ""반포동"", ""이촌동"", ""이촌동 2"", ""이촌2동"", ""지점 14"", ""지점 13"", ""영등포"", ""신도림동"", ""문래동5가"", ""신도림동 2"", ""신정6동"", ""구로동"", ""가산 F2""]"
7b768b2566f7,2026-10-10,FPL001344,UAM0040,a4,4,4,1.0,VP017,수서,VP012,광화문,17,G6,F1,G2,F2,17:19:12,17:24:12,17:52:57,17:57:54,18:07:54,300.0,1725.24,297.28,2322.52,0,1099.14,ready,17:23:55,1742.04,13,"[""수서 F1"", ""개포3동"", ""잠실7동"", ""지점 3"", ""청담대교 중간지점"", ""지점 2"", ""성수대교 남단"", ""신사동"", ""약수동"", ""지점 39"", ""후암동"", ""회현동2가"", ""광화문 F2""]"
7b768b2566f7,2026-10-10,FPL001345,UAM0085,a4,4,4,1.0,VP001,여의도,VP004,용산,17,G3,F1,G4,F2,17:23:05,17:28:05,17:35:54,17:40:37,17:50:37,300.0,469.3,283.2,1052.5,148.92,0.0,ready,17:27:48,486.1,6,"[""여의도 F1"", ""지점 32"", ""여의동 2"", ""이촌2동"", ""한강로3가"", ""용산 F2""]"
7b768b2566f7,2026-10-10,FPL001346,UAM0080,a4,4,4,1.0,VP015,마곡,VP017,수서,17,G5,F1,G5,F2,17:23:55,17:34:01,17:55:08,17:59:51,18:09:51,606.56,1267.0,283.2,2156.76,478.64,0.0,ready,17:33:44,1283.8,27,"[""마곡 F1"", ""하야동 2"", ""개화동"", ""덕은동"", ""상암동"", ""성산대교 중간지점"", ""선유도 17고지"", ""합정동"", ""서교동"", ""동교동"", ""20통"", ""대현동"", ""아현동"", ""충정로3가"", ""남영동"", ""회현동2가"", ""후암동"", ""지점 39"", ""약수동"", ""신사동"", ""성수대교 남단"", ""지점 2"", ""청담대교 중간지점"", ""지점 3"", ""잠실7동"", ""개포3동"", ""수서 F2""]"
7b768b2566f7,2026-10-10,FPL001347,UAM0012,a4,4,4,1.0,VP009,성수,VP011,천호,17,G2,F1,G1,F2,17:21:44,17:37:07,18:55:57,19:07:23,19:17:23,923.36,4729.56,686.08,6339.0,609.28,4599.9,ready,17:36:50,4746.36,8,"[""성수 F1"", ""지점 2"", ""청담대교 중간지점"", ""자양2동"", ""잠실대교 중간지점"", ""지점 4"", ""천호대교 중간지점"", ""천호 F2""]"
7b768b2566f7,2026-10-10,FPL001348,UAM0051,a4,4,4,1.0,VP012,광화문,VP008,사당,17,G3,F1,G3,F2,17:21:50,17:26:50,17:38:30,17:43:13,17:53:13,300.0,699.9,283.2,1283.1,0,0.0,ready,17:26:34,716.7,15,"[""광화문 F1"", ""남영동"", ""청파동1가"", ""한강로1가"", ""한강로2가"", ""한강로3가"", ""이촌동 2"", ""상도터널"", ""상도1동"", ""상도1동 2"", ""지점 38"", ""봉천동"", ""행운동"", ""인헌동"", ""사당 F2""]"
7b768b2566f7,2026-10-10,FPL001349,UAM0009,a4,4,4,1.0,VP013,강남,VP010,연신내,17,G8,F1,G3,F2,17:42:26,17:47:26,18:04:45,18:09:43,18:19:43,300.0,1039.4,297.28,1636.68,1228.72,0.0,ready,17:47:09,1056.2,22,"[""강남 F1"", ""반포1동"", ""주흥교"", ""잠원동"", ""잠원동 2"", ""반포동"", ""이촌동"", ""이촌동 2"", ""이촌2동"", ""여의동 2"", ""지점 32"", ""서강대교 중간지점"", ""지점 5"", ""선유도 17고지"", ""성산대교 중간지점"", ""상암동"", ""지점 25"", ""수색교"", ""지점 24"", ""향동동"", ""지점 23"", ""연신내 F2""]"
7b768b2566f7,2026-10-10,FPL001350,UAM0069,a4,4,4,1.0,VP007,봉천,VP009,성수,17,G4,F1,G4,F2,17:22:07,17:27:07,17:41:06,17:45:49,17:55:49,300.0,838.82,283.2,1422.02,0,195.82,ready,17:26:50,855.62,18,"[""봉천 F1"", ""봉천동"", ""행운동"", ""인헌동"", ""남현동"", ""방배2동"", ""사당1동"", ""사당1동 2"", ""방배4동"", ""동작동"", ""동작동 2"", ""이촌동"", ""반포동"", ""잠원동 2"", ""신사동 2"", ""신사동"", ""성수대교 남단"", ""성수 F2""]"
7b768b2566f7,2026-10-10,FPL001351,UAM0094,a4,4,4,1.0,VP014,가산,VP002,잠실,17,G5,F1,G6,F2,17:22:20,17:27:20,17:43:12,17:47:55,17:57:55,300.0,952.0,283.2,1535.2,0,0.0,ready,17:27:03,968.8,23,"[""가산 F1"", ""가산동"", ""지점 9"", ""신사동 3"", ""신림동 2"", ""신림동"", ""은천동"", ""봉천동"", ""행운동"", ""인헌동"", ""남현동"", ""방배2동"", ""방배동"", ""지점 19"", ""경부고속도로 양재천 다리"", ""양재동"", ""지점 10"", ""지점 8"", ""지점 7"", ""지점 6"", ""대치교"", ""잠실7동"", ""잠실 F2""]"
7b768b2566f7,2026-10-10,FPL001352,UAM0077,a4,4,4,1.0,VP002,잠실,VP008,사당,17,G5,F1,G4,F2,17:26:24,17:31:24,17:42:51,17:47:34,17:57:34,300.0,687.2,283.2,1270.4,186.16,150.3,ready,17:31:07,704.0,12,"[""잠실 F1"", ""잠실7동"", ""대치교"", ""지점 6"", ""지점 7"", ""지점 8"", ""지점 10"", ""양재동"", ""경부고속도로 양재천 다리"", ""지점 19"", ""방배동"", ""사당 F2""]"
7b768b2566f7,2026-10-10,FPL001353,UAM0086,a4,4,4,1.0,VP010,연신내,VP014,가산,17,G6,F1,G5,F2,17:31:05,17:41:05,17:54:11,17:58:54,18:08:54,600.64,785.8,283.2,1669.64,767.44,0.0,ready,17:40:49,802.6,14,"[""연신내 F1"", ""지점 23"", ""향동동"", ""지점 24"", ""수색교"", ""지점 25"", ""상암동"", ""지점 18"", ""양평동"", ""목1동"", ""신도림동 2"", ""신정6동"", ""구로동"", ""가산 F2""]"
7b768b2566f7,2026-10-10,FPL001354,UAM0093,a4,4,4,1.0,VP017,수서,VP001,여의도,17,G3,F1,G3,F2,17:33:54,17:39:08,17:53:02,17:57:46,18:07:46,314.08,834.5,283.2,1431.78,607.36,0.0,ready,17:38:51,851.3,17,"[""수서 F1"", ""개포3동"", ""잠실7동"", ""지점 3"", ""청담대교 중간지점"", ""지점 2"", ""성수대교 남단"", ""신사동"", ""신사동 2"", ""잠원동 2"", ""반포동"", ""이촌동"", ""이촌동 2"", ""이촌2동"", ""여의동 2"", ""지점 32"", ""여의도 F2""]"
7b768b2566f7,2026-10-10,FPL001355,UAM0045,a4,4,4,1.0,VP016,망우,VP009,성수,17,G3,F1,G1,F2,17:24:17,17:32:58,17:45:26,17:50:23,18:00:23,521.5,747.76,297.28,1566.54,221.5,144.76,ready,17:32:42,764.56,10,"[""망우 F1"", ""중랑철교"", ""중랑천 제방길"", ""지점"", ""중곡1동"", ""송정동"", ""건대입구"", ""청담대교 중간지점"", ""지점 2"", ""성수 F2""]"
7b768b2566f7,2026-10-10,FPL001356,UAM0052,a4,4,4,1.0,VP018,인천,VP003,상암,17,G7,F1,G4,F2,17:24:20,17:29:20,17:50:15,17:54:58,18:04:58,300.0,1254.8,283.2,1838.0,0,0.0,ready,17:29:03,1271.6,14,"[""인천 F1"", ""운북동"", ""영종동"", ""영종대교"", ""지점 22"", ""시천동 아라로"", ""목상동"", ""선주지동"", ""하야동"", ""하야동 2"", ""개화동"", ""덕은동"", ""상암동"", ""상암 F2""]"
7b768b2566f7,2026-10-10,FPL001357,UAM0029,a4,4,4,1.0,VP011,천호,VP012,광화문,17,G5,F1,G1,F2,17:46:49,18:06:11,18:17:01,18:21:58,18:31:58,1162.08,649.6,297.28,2108.96,2176.08,0.0,ready,18:05:54,666.4,14,"[""천호 F1"", ""천호대교 중간지점"", ""지점 4"", ""잠실대교 중간지점"", ""자양2동"", ""청담대교 중간지점"", ""지점 2"", ""성수대교 남단"", ""신사동"", ""약수동"", ""지점 39"", ""후암동"", ""회현동2가"", ""광화문 F2""]"
7b768b2566f7,2026-10-10,FPL001358,UAM0075,a4,4,4,1.0,VP015,마곡,VP011,천호,17,G7,F1,G6,F2,17:28:21,17:39:22,19:17:19,19:28:17,19:38:17,660.64,5877.36,657.92,7195.92,566.8,4937.4,ready,17:39:05,5894.16,28,"[""마곡 F1"", ""하야동 2"", ""개화동"", ""덕은동"", ""상암동"", ""성산대교 중간지점"", ""선유도 17고지"", ""합정동"", ""서교동"", ""동교동"", ""20통"", ""대현동"", ""아현동"", ""충정로3가"", ""남영동"", ""회현동2가"", ""후암동"", ""지점 39"", ""약수동"", ""신사동"", ""성수대교 남단"", ""지점 2"", ""청담대교 중간지점"", ""자양2동"", ""잠실대교 중간지점"", ""지점 4"", ""천호대교 중간지점"", ""천호 F2""]"
7b768b2566f7,2026-10-10,FPL001359,UAM0076,a4,4,4,1.0,VP009,성수,VP016,망우,17,G3,F1,G3,F2,17:25:50,17:42:28,17:53:30,17:58:13,18:08:13,997.2,662.0,283.2,1942.4,697.44,0.0,ready,17:42:11,678.8,11,"[""성수 F1"", ""지점 2"", ""청담대교 중간지점"", ""건대입구"", ""송정동"", ""중곡1동"", ""지점"", ""중랑천 제방길"", ""중랑철교"", ""중화동"", ""망우 F2""]"
7b768b2566f7,2026-10-10,FPL001360,UAM0018,a4,4,4,1.0,VP012,광화문,VP018,인천,17,G4,F1,G7,F2,17:30:24,17:35:24,18:00:22,18:05:05,18:15:05,300.0,1497.8,283.2,2081.0,253.22,0.0,ready,17:35:07,1514.6,23,"[""광화문 F1"", ""충정로3가"", ""아현동"", ""대현동"", ""20통"", ""동교동"", ""서교동"", ""합정동"", ""선유도 17고지"", ""성산대교 중간지점"", ""상암동"", ""덕은동"", ""개화동"", ""하야동 2"", ""하야동"", ""선주지동"", ""목상동"", ""시천동 아라로"", ""지점 22"", ""영종대교"", ""영종동"", ""운북동"", ""인천 F2""]"
7b768b2566f7,2026-10-10,FPL001361,UAM0079,a4,4,4,1.0,VP013,강남,VP001,여의도,17,G5,F1,G1,F2,17:42:40,17:52:46,18:07:22,18:12:19,18:22:19,606.56,875.5,297.28,1779.34,1260.56,239.5,ready,17:52:30,892.3,12,"[""강남 F1"", ""반포1동"", ""주흥교"", ""잠원동"", ""잠원동 2"", ""반포동"", ""이촌동"", ""이촌동 2"", ""이촌2동"", ""여의동 2"", ""지점 32"", ""여의도 F2""]"
7b768b2566f7,2026-10-10,FPL001362,UAM0003,a4,4,4,1.0,VP002,잠실,VP012,광화문,17,G6,F1,G4,F2,17:27:38,17:36:44,17:48:36,17:53:20,18:03:20,546.16,712.02,283.2,1541.38,246.16,165.92,ready,17:36:27,728.82,11,"[""잠실 F1"", ""지점 3"", ""청담대교 중간지점"", ""지점 2"", ""성수대교 남단"", ""신사동"", ""약수동"", ""지점 39"", ""후암동"", ""회현동2가"", ""광화문 F2""]"
7b768b2566f7,2026-10-10,FPL001363,UAM0066,a4,4,4,1.0,VP010,연신내,VP011,천호,17,G3,F1,G5,F2,17:30:59,17:46:26,18:29:13,18:40:11,18:50:11,927.2,2567.36,657.92,4152.48,799.28,1644.7,ready,17:46:09,2584.16,30,"[""연신내 F1"", ""지점 23"", ""향동동"", ""지점 24"", ""수색교"", ""지점 25"", ""상암동"", ""성산대교 중간지점"", ""선유도 17고지"", ""합정동"", ""서교동"", ""동교동"", ""20통"", ""대현동"", ""아현동"", ""충정로3가"", ""남영동"", ""회현동2가"", ""후암동"", ""지점 39"", ""약수동"", ""신사동"", ""성수대교 남단"", ""지점 2"", ""청담대교 중간지점"", ""자양2동"", ""잠실대교 중간지점"", ""지점 4"", ""천호대교 중간지점"", ""천호 F2""]"
7b768b2566f7,2026-10-10,FPL001364,UAM0058,a4,4,4,1.0,VP018,인천,VP002,잠실,17,G8,F1,G5,F2,17:30:04,17:35:04,18:04:33,18:09:17,18:19:17,300.0,1769.3,283.2,2352.5,71.9,0.0,ready,17:34:47,1786.1,34,"[""인천 F1"", ""운북동"", ""영종동"", ""지점 26"", ""지점 27"", ""지점 28"", ""간석3동"", ""지점 37"", ""지점 29"", ""지점 30"", ""지점 31"", ""지점 17"", ""가산동"", ""지점 9"", ""신사동 3"", ""신림동 2"", ""신림동"", ""은천동"", ""봉천동"", ""행운동"", ""인헌동"", ""남현동"", ""방배2동"", ""방배동"", ""지점 19"", ""경부고속도로 양재천 다리"", ""양재동"", ""지점 10"", ""지점 8"", ""지점 7"", ""지점 6"", ""대치교"", ""잠실7동"", ""잠실 F2""]"
7b768b2566f7,2026-10-10,FPL001365,UAM0016,a4,4,4,1.0,VP003,상암,VP015,마곡,17,G3,F1,G8,F2,17:29:07,17:34:07,17:43:16,17:48:00,17:58:00,300.0,549.0,283.2,1132.2,0,0.0,ready,17:33:51,565.8,6,"[""상암 F1"", ""지점 25"", ""덕은동"", ""개화동"", ""하야동 2"", ""마곡 F2""]"
7b768b2566f7,2026-10-10,FPL001366,UAM0017,a4,4,4,1.0,VP014,가산,VP010,연신내,17,G6,F1,G5,F2,17:32:04,17:37:04,17:50:13,17:58:49,18:08:49,300.0,789.2,515.98,1605.18,156.74,232.78,ready,17:36:47,806.0,14,"[""가산 F1"", ""구로동"", ""신정6동"", ""신도림동 2"", ""목1동"", ""양평동"", ""지점 18"", ""상암동"", ""지점 25"", ""수색교"", ""지점 24"", ""향동동"", ""지점 23"", ""연신내 F2""]"
7b768b2566f7,2026-10-10,FPL001367,UAM0047,a4,4,4,1.0,VP015,마곡,VP012,광화문,17,G6,F1,G3,F2,17:29:30,17:44:42,18:03:23,18:08:06,18:18:06,912.72,1120.2,283.2,2316.12,598.64,300.0,ready,17:44:26,1137.0,15,"[""마곡 F1"", ""하야동 2"", ""개화동"", ""덕은동"", ""상암동"", ""성산대교 중간지점"", ""선유도 17고지"", ""합정동"", ""서교동"", ""동교동"", ""20통"", ""대현동"", ""아현동"", ""충정로3가"", ""광화문 F2""]"
7b768b2566f7,2026-10-10,FPL001368,UAM0024,a4,4,4,1.0,VP011,천호,VP012,광화문,17,G6,F1,G4,F2,17:57:30,18:11:32,18:27:21,18:34:22,18:44:22,841.44,949.6,420.1,2211.14,2176.08,436.9,ready,18:11:15,966.4,14,"[""천호 F1"", ""천호대교 중간지점"", ""지점 4"", ""잠실대교 중간지점"", ""자양2동"", ""청담대교 중간지점"", ""지점 2"", ""성수대교 남단"", ""신사동"", ""약수동"", ""지점 39"", ""후암동"", ""회현동2가"", ""광화문 F2""]"
7b768b2566f7,2026-10-10,FPL001369,UAM0001,a4,4,4,1.0,VP012,광화문,VP009,성수,17,G1,F1,G3,F2,17:39:20,17:44:34,17:52:02,17:56:45,18:06:45,314.08,448.4,283.2,1045.68,513.86,0.0,ready,17:44:17,465.2,8,"[""광화문 F1"", ""회현동2가"", ""후암동"", ""지점 39"", ""약수동"", ""신사동"", ""성수대교 남단"", ""성수 F2""]"
7b768b2566f7,2026-10-10,FPL001370,UAM0073,a4,4,4,1.0,VP013,강남,VP017,수서,17,G6,F1,G6,F2,17:43:00,17:58:07,18:08:50,18:13:33,18:23:33,907.2,643.1,283.2,1833.5,1320.56,0.0,ready,17:57:50,659.9,13,"[""강남 F1"", ""서초2동 2"", ""지점 21"", ""경부고속도로 양재천 다리"", ""양재동"", ""지점 10"", ""지점 8"", ""지점 7"", ""지점 6"", ""대치교"", ""잠실7동"", ""개포3동"", ""수서 F2""]"
7b768b2566f7,2026-10-10,FPL001371,UAM0006,a4,4,4,1.0,VP002,잠실,VP015,마곡,17,G3,F1,G7,F2,17:32:13,17:42:05,18:01:57,18:06:41,18:16:41,592.08,1192.4,283.2,2067.68,278.0,0.0,ready,17:41:48,1209.2,25,"[""잠실 F1"", ""지점 3"", ""청담대교 중간지점"", ""지점 2"", ""성수대교 남단"", ""신사동"", ""약수동"", ""지점 39"", ""후암동"", ""회현동2가"", ""남영동"", ""충정로3가"", ""아현동"", ""대현동"", ""20통"", ""동교동"", ""서교동"", ""합정동"", ""선유도 17고지"", ""성산대교 중간지점"", ""상암동"", ""덕은동"", ""개화동"", ""하야동 2"", ""마곡 F2""]"
7b768b2566f7,2026-10-10,FPL001372,UAM0011,a4,4,4,1.0,VP010,연신내,VP001,여의도,17,G4,F1,G4,F2,17:35:11,17:51:47,18:03:01,18:07:45,18:17:45,995.36,674.7,283.2,1953.26,859.28,0.0,ready,17:51:30,691.5,11,"[""연신내 F1"", ""지점 23"", ""향동동"", ""지점 24"", ""수색교"", ""지점 25"", ""상암동"", ""성산대교 중간지점"", ""선유도 17고지"", ""지점 11"", ""여의도 F2""]"
7b768b2566f7,2026-10-10,FPL001373,UAM0054,a4,4,4,1.0,VP001,여의도,VP006,미아,17,G4,F1,G3,F2,17:38:07,17:43:07,18:01:14,18:05:57,18:15:57,300.0,1087.4,283.2,1670.6,306.16,0.0,ready,17:42:50,1104.2,23,"[""여의도 F1"", ""지점 32"", ""여의동 2"", ""이촌2동"", ""이촌동 2"", ""이촌동"", ""반포동"", ""잠원동 2"", ""신사동 2"", ""신사동"", ""응봉동"", ""지점 12"", ""송정동"", ""중곡1동"", ""지점"", ""중랑천 제방길"", ""중랑철교"", ""중화동"", ""월릉교"", ""공릉1동 2"", ""월계3동"", ""월계동"", ""미아 F2""]"
7b768b2566f7,2026-10-10,FPL001374,UAM0053,a4,4,4,1.0,VP008,사당,VP010,연신내,17,G3,F1,G6,F2,17:33:27,17:38:27,17:54:34,17:59:17,18:09:17,300.0,967.58,283.2,1550.78,0,55.58,ready,17:38:10,984.38,18,"[""사당 F1"", ""인헌동"", ""행운동"", ""봉천동"", ""은천동"", ""신림동"", ""신림동 2"", ""영등포"", ""지점 11"", ""선유도 17고지"", ""성산대교 중간지점"", ""상암동"", ""지점 25"", ""수색교"", ""지점 24"", ""향동동"", ""지점 23"", ""연신내 F2""]"
7b768b2566f7,2026-10-10,FPL001375,UAM0027,a4,4,4,1.0,VP015,마곡,VP009,성수,17,G3,F1,G1,F2,17:34:04,17:50:03,18:12:25,18:17:22,18:27:22,958.64,1341.54,297.28,2597.46,630.48,257.44,ready,17:49:46,1358.34,22,"[""마곡 F1"", ""하야동 2"", ""개화동"", ""덕은동"", ""상암동"", ""성산대교 중간지점"", ""선유도 17고지"", ""합정동"", ""서교동"", ""동교동"", ""20통"", ""대현동"", ""아현동"", ""충정로3가"", ""남영동"", ""회현동2가"", ""후암동"", ""지점 39"", ""약수동"", ""신사동"", ""성수대교 남단"", ""성수 F2""]"
7b768b2566f7,2026-10-10,FPL001376,UAM0074,a4,4,4,1.0,VP017,수서,VP011,천호,17,G5,F1,G1,F2,17:38:00,17:44:29,18:13:11,18:24:38,18:34:38,388.16,1722.92,686.08,2797.16,274.32,1550.66,ready,17:44:12,1739.72,9,"[""수서 F1"", ""개포3동"", ""잠실7동"", ""지점 3"", ""자양2동"", ""잠실대교 중간지점"", ""지점 4"", ""천호대교 중간지점"", ""천호 F2""]"
7b768b2566f7,2026-10-10,FPL001377,UAM0013,a4,4,4,1.0,VP009,성수,VP016,망우,17,G4,F1,G4,F2,17:35:26,17:47:48,17:58:50,18:03:33,18:13:33,742.08,662.0,283.2,1687.28,442.08,0.0,ready,17:47:31,678.8,11,"[""성수 F1"", ""지점 2"", ""청담대교 중간지점"", ""건대입구"", ""송정동"", ""중곡1동"", ""지점"", ""중랑천 제방길"", ""중랑철교"", ""중화동"", ""망우 F2""]"
7b768b2566f7,2026-10-10,FPL001378,UAM0072,a4,4,4,1.0,VP013,강남,VP006,미아,17,G3,F1,G3,F2,17:42:54,18:03:28,18:18:24,18:23:07,18:33:07,1233.76,895.8,283.2,2412.76,1352.4,0.0,ready,18:03:11,912.6,20,"[""강남 F1"", ""반포1동"", ""주흥교"", ""잠원동"", ""잠원동 2"", ""신사동 2"", ""신사동"", ""응봉동"", ""지점 12"", ""송정동"", ""중곡1동"", ""지점"", ""중랑천 제방길"", ""중랑철교"", ""중화동"", ""월릉교"", ""공릉1동 2"", ""월계3동"", ""월계동"", ""미아 F2""]"
7b768b2566f7,2026-10-10,FPL001379,UAM0091,a4,4,4,1.0,VP003,상암,VP012,광화문,17,G4,F1,G1,F2,17:35:30,17:40:30,17:57:21,18:02:18,18:12:18,300.0,1011.1,297.28,1608.38,0,600.0,ready,17:40:13,1027.9,8,"[""상암 F1"", ""서교동"", ""동교동"", ""20통"", ""대현동"", ""아현동"", ""충정로3가"", ""광화문 F2""]"
7b768b2566f7,2026-10-10,FPL001380,UAM0007,a4,4,4,1.0,VP011,천호,VP004,용산,17,G4,F1,G4,F2,17:47:03,18:16:52,18:30:00,18:34:43,18:44:43,1789.28,787.4,283.2,2859.88,2147.92,0.0,ready,18:16:36,804.2,18,"[""천호 F1"", ""천호대교 중간지점"", ""지점 4"", ""잠실대교 중간지점"", ""자양2동"", ""청담대교 중간지점"", ""지점 2"", ""성수대교 남단"", ""신사동"", ""약수동"", ""지점 39"", ""후암동"", ""회현동2가"", ""남영동"", ""청파동1가"", ""한강로1가"", ""한강로2가"", ""용산 F2""]"
7b768b2566f7,2026-10-10,FPL001381,UAM0099,a4,4,4,1.0,VP002,잠실,VP011,천호,17,G4,F1,G7,F2,17:36:33,17:47:26,18:50:36,19:01:20,19:11:20,652.08,3790.34,643.84,5086.26,338.0,3708.38,ready,17:47:09,3807.14,7,"[""잠실 F1"", ""지점 3"", ""자양2동"", ""잠실대교 중간지점"", ""지점 4"", ""천호대교 중간지점"", ""천호 F2""]"
7b768b2566f7,2026-10-10,FPL001382,UAM0044,a4,4,4,1.0,VP010,연신내,VP013,강남,17,G1,F1,G8,F2,17:36:48,17:57:07,18:14:26,18:37:14,18:47:14,1219.28,1039.2,1367.28,3625.76,891.12,1084.08,ready,17:56:50,1056.0,22,"[""연신내 F1"", ""지점 23"", ""향동동"", ""지점 24"", ""수색교"", ""지점 25"", ""상암동"", ""성산대교 중간지점"", ""선유도 17고지"", ""지점 5"", ""서강대교 중간지점"", ""지점 32"", ""여의동 2"", ""이촌2동"", ""이촌동 2"", ""이촌동"", ""반포동"", ""잠원동 2"", ""잠원동"", ""주흥교"", ""반포1동"", ""강남 F2""]"
7b768b2566f7,2026-10-10,FPL001383,UAM0049,a4,4,4,1.0,VP015,마곡,VP009,성수,17,G8,F1,G2,F2,17:37:57,17:55:24,18:16:45,18:21:42,18:31:42,1046.8,1281.54,297.28,2625.62,746.8,197.44,ready,17:55:07,1298.34,22,"[""마곡 F1"", ""하야동 2"", ""개화동"", ""덕은동"", ""상암동"", ""성산대교 중간지점"", ""선유도 17고지"", ""합정동"", ""서교동"", ""동교동"", ""20통"", ""대현동"", ""아현동"", ""충정로3가"", ""남영동"", ""회현동2가"", ""후암동"", ""지점 39"", ""약수동"", ""신사동"", ""성수대교 남단"", ""성수 F2""]"
7b768b2566f7,2026-10-10,FPL001384,UAM0056,a4,4,4,1.0,VP017,수서,VP015,마곡,17,G6,F1,G5,F2,17:42:21,17:49:49,18:13:21,18:18:18,18:28:18,448.16,1411.88,297.28,2157.32,334.32,139.38,ready,17:49:32,1428.68,27,"[""수서 F1"", ""개포3동"", ""잠실7동"", ""지점 3"", ""청담대교 중간지점"", ""지점 2"", ""성수대교 남단"", ""신사동"", ""약수동"", ""지점 39"", ""후암동"", ""회현동2가"", ""남영동"", ""충정로3가"", ""아현동"", ""대현동"", ""20통"", ""동교동"", ""서교동"", ""합정동"", ""선유도 17고지"", ""성산대교 중간지점"", ""상암동"", ""덕은동"", ""개화동"", ""하야동 2"", ""마곡 F2""]"
7b768b2566f7,2026-10-10,FPL001385,UAM0089,a4,4,4,1.0,VP013,강남,VP001,여의도,17,G4,F1,G1,F2,17:55:48,18:08:48,18:24:45,18:29:42,18:39:42,780.64,956.14,297.28,2034.06,1412.4,320.14,ready,18:08:32,972.94,12,"[""강남 F1"", ""반포1동"", ""주흥교"", ""잠원동"", ""잠원동 2"", ""반포동"", ""이촌동"", ""이촌동 2"", ""이촌2동"", ""여의동 2"", ""지점 32"", ""여의도 F2""]"
7b768b2566f7,2026-10-10,FPL001386,UAM0082,a4,4,4,1.0,VP018,인천,VP012,광화문,17,G7,F1,G2,F2,17:41:21,17:46:21,18:12:04,18:17:01,18:27:01,300.0,1542.94,297.28,2140.22,81.06,47.74,ready,17:46:04,1559.74,23,"[""인천 F1"", ""운북동"", ""영종동"", ""영종대교"", ""지점 22"", ""시천동 아라로"", ""목상동"", ""선주지동"", ""하야동"", ""하야동 2"", ""개화동"", ""덕은동"", ""상암동"", ""성산대교 중간지점"", ""선유도 17고지"", ""합정동"", ""서교동"", ""동교동"", ""20통"", ""대현동"", ""아현동"", ""충정로3가"", ""광화문 F2""]"
7b768b2566f7,2026-10-10,FPL001387,UAM0100,a4,4,4,1.0,VP012,광화문,VP013,강남,17,G3,F1,G1,F2,17:43:26,17:49:54,18:08:03,18:16:33,18:26:33,388.16,1088.62,510.56,1987.34,274.32,733.14,ready,17:49:37,1105.42,12,"[""광화문 F1"", ""회현동2가"", ""후암동"", ""지점 39"", ""약수동"", ""신사동"", ""신사동 2"", ""잠원동 2"", ""잠원동"", ""주흥교"", ""반포1동"", ""강남 F2""]"
7b768b2566f7,2026-10-10,FPL001388,UAM0032,a4,4,4,1.0,VP011,천호,VP009,성수,17,G3,F1,G4,F2,18:08:26,18:22:13,18:30:32,18:35:16,18:45:16,827.36,499.38,283.2,1609.94,2147.92,21.18,ready,18:21:56,516.18,8,"[""천호 F1"", ""천호대교 중간지점"", ""지점 4"", ""잠실대교 중간지점"", ""자양2동"", ""청담대교 중간지점"", ""지점 2"", ""성수 F2""]"
7b768b2566f7,2026-10-10,FPL001389,UAM0005,a4,4,4,1.0,VP010,연신내,VP015,마곡,17,G2,F1,G3,F2,17:41:09,18:02:28,18:22:02,18:27:14,18:37:14,1279.28,1174.4,311.36,2765.04,951.12,496.6,ready,18:02:11,1191.2,10,"[""연신내 F1"", ""지점 23"", ""향동동"", ""지점 24"", ""수색교"", ""지점 25"", ""덕은동"", ""개화동"", ""하야동 2"", ""마곡 F2""]"
7b768b2566f7,2026-10-10,FPL001390,UAM0023,a4,4,4,1.0,VP004,용산,VP011,천호,17,G3,F1,G3,F2,17:41:19,17:46:19,18:45:15,18:56:27,19:06:27,300.0,3535.98,672.0,4507.98,0,3103.62,ready,17:46:02,3552.78,18,"[""용산 F1"", ""한강로2가"", ""한강로1가"", ""청파동1가"", ""남영동"", ""회현동2가"", ""후암동"", ""지점 39"", ""약수동"", ""신사동"", ""성수대교 남단"", ""지점 2"", ""청담대교 중간지점"", ""자양2동"", ""잠실대교 중간지점"", ""지점 4"", ""천호대교 중간지점"", ""천호 F2""]"
7b768b2566f7,2026-10-10,FPL001391,UAM0030,a4,4,4,1.0,VP014,가산,VP009,성수,17,G5,F1,G4,F2,17:42:00,17:47:00,18:01:39,18:06:23,18:16:23,300.0,879.3,283.2,1462.5,0,0.0,ready,17:46:43,896.1,18,"[""가산 F1"", ""구로동"", ""신정6동"", ""신도림동 2"", ""문래동5가"", ""신도림동"", ""영등포"", ""지점 13"", ""지점 14"", ""이촌2동"", ""이촌동 2"", ""이촌동"", ""반포동"", ""잠원동 2"", ""신사동 2"", ""신사동"", ""성수대교 남단"", ""성수 F2""]"
7b768b2566f7,2026-10-10,FPL001392,UAM0062,a4,4,4,1.0,VP006,미아,VP011,천호,17,G3,F1,G8,F2,17:46:13,17:51:13,18:23:53,18:34:37,18:44:37,300.0,1959.94,643.84,2903.78,161.78,1595.38,ready,17:50:56,1976.74,15,"[""미아 F1"", ""월계동"", ""월계3동"", ""공릉1동 2"", ""월릉교"", ""중화동"", ""중랑철교"", ""중랑천 제방길"", ""지점"", ""중곡1동"", ""능동"", ""구의동"", ""아차산 고가차도"", ""천호대교 중간지점"", ""천호 F2""]"
7b768b2566f7,2026-10-10,FPL001393,UAM0039,a4,4,4,1.0,VP001,여의도,VP016,망우,17,G3,F1,G1,F2,17:43:42,17:48:42,18:04:29,18:09:27,18:19:27,300.0,947.8,297.28,1545.08,0,0.0,ready,17:48:25,964.6,19,"[""여의도 F1"", ""지점 32"", ""여의동 2"", ""이촌2동"", ""이촌동 2"", ""이촌동"", ""반포동"", ""잠원동 2"", ""신사동 2"", ""신사동"", ""응봉동"", ""지점 12"", ""송정동"", ""중곡1동"", ""지점"", ""중랑천 제방길"", ""중랑철교"", ""중화동"", ""망우 F2""]"
7b768b2566f7,2026-10-10,FPL001394,UAM0026,a4,4,4,1.0,VP017,수서,VP012,광화문,17,G4,F1,G4,F2,17:43:50,17:55:10,18:07:43,18:12:26,18:22:26,680.24,753.44,283.2,1716.88,366.16,127.34,ready,17:54:53,770.24,13,"[""수서 F1"", ""개포3동"", ""잠실7동"", ""지점 3"", ""청담대교 중간지점"", ""지점 2"", ""성수대교 남단"", ""신사동"", ""약수동"", ""지점 39"", ""후암동"", ""회현동2가"", ""광화문 F2""]"
7b768b2566f7,2026-10-10,FPL001395,UAM0042,a4,4,4,1.0,VP013,강남,VP008,사당,17,G1,F1,G3,F2,17:44:23,18:14:09,18:22:08,18:26:51,18:36:51,1786.48,478.7,283.2,2548.38,1444.24,0.0,ready,18:13:52,495.5,7,"[""강남 F1"", ""서초2동 2"", ""지점 21"", ""경부고속도로 양재천 다리"", ""지점 19"", ""방배동"", ""사당 F2""]"
7b768b2566f7,2026-10-10,FPL001396,UAM0096,a4,4,4,1.0,VP012,광화문,VP015,마곡,17,G4,F1,G8,F2,17:49:03,17:55:15,18:09:00,18:13:44,18:23:44,371.78,825.5,283.2,1480.48,334.32,0.0,ready,17:54:58,842.3,15,"[""광화문 F1"", ""충정로3가"", ""아현동"", ""대현동"", ""20통"", ""동교동"", ""서교동"", ""합정동"", ""선유도 17고지"", ""성산대교 중간지점"", ""상암동"", ""덕은동"", ""개화동"", ""하야동 2"", ""마곡 F2""]"
7b768b2566f7,2026-10-10,FPL001397,UAM0055,a4,4,4,1.0,VP002,잠실,VP007,봉천,17,G5,F1,G4,F2,17:48:00,17:53:00,18:07:51,18:12:34,18:22:34,300.0,891.24,283.2,1474.44,188.32,237.14,ready,17:52:43,908.04,17,"[""잠실 F1"", ""잠실7동"", ""대치교"", ""지점 6"", ""지점 7"", ""지점 8"", ""지점 10"", ""양재동"", ""경부고속도로 양재천 다리"", ""지점 19"", ""방배동"", ""방배2동"", ""남현동"", ""인헌동"", ""행운동"", ""봉천동"", ""봉천 F2""]"
7b768b2566f7,2026-10-10,FPL001398,UAM0081,a4,4,4,1.0,VP010,연신내,VP015,마곡,17,G5,F1,G4,F2,17:47:47,18:07:49,18:30:44,18:35:55,18:45:55,1201.92,1375.04,311.36,2888.32,1067.44,697.24,ready,18:07:32,1391.84,10,"[""연신내 F1"", ""지점 23"", ""향동동"", ""지점 24"", ""수색교"", ""지점 25"", ""덕은동"", ""개화동"", ""하야동 2"", ""마곡 F2""]"
7b768b2566f7,2026-10-10,FPL001399,UAM0008,a4,4,4,1.0,VP016,망우,VP010,연신내,17,G3,F1,G5,F2,17:45:03,17:50:03,18:13:27,18:18:10,18:28:10,300.0,1403.72,283.2,1986.92,0,73.02,ready,17:49:46,1420.52,30,"[""망우 F1"", ""중랑철교"", ""중랑천 제방길"", ""지점"", ""중곡1동"", ""송정동"", ""지점 12"", ""응봉동"", ""신사동"", ""약수동"", ""지점 39"", ""후암동"", ""회현동2가"", ""남영동"", ""충정로3가"", ""아현동"", ""대현동"", ""20통"", ""동교동"", ""서교동"", ""합정동"", ""선유도 17고지"", ""성산대교 중간지점"", ""상암동"", ""지점 25"", ""수색교"", ""지점 24"", ""향동동"", ""지점 23"", ""연신내 F2""]"
7b768b2566f7,2026-10-10,FPL001400,UAM0084,a4,4,4,1.0,VP011,천호,VP015,마곡,17,G7,F1,G6,F2,18:13:18,18:27:34,19:01:33,19:07:30,19:17:30,855.52,2039.44,357.28,3252.24,2204.24,803.64,ready,18:27:17,2056.24,28,"[""천호 F1"", ""천호대교 중간지점"", ""지점 4"", ""잠실대교 중간지점"", ""자양2동"", ""청담대교 중간지점"", ""지점 2"", ""성수대교 남단"", ""신사동"", ""약수동"", ""지점 39"", ""후암동"", ""회현동2가"", ""남영동"", ""충정로3가"", ""아현동"", ""대현동"", ""20통"", ""동교동"", ""서교동"", ""합정동"", ""선유도 17고지"", ""성산대교 중간지점"", ""상암동"", ""덕은동"", ""개화동"", ""하야동 2"", ""마곡 F2""]"
7b768b2566f7,2026-10-10,FPL001401,UAM0067,a4,4,4,1.0,VP018,인천,VP005,목동,17,G8,F1,G7,F2,17:47:20,17:52:20,18:13:19,18:18:03,18:28:03,300.0,1259.2,283.2,1842.4,24.24,0.0,ready,17:52:03,1276.0,15,"[""인천 F1"", ""운북동"", ""영종동"", ""지점 26"", ""지점 27"", ""지점 28"", ""간석3동"", ""지점 37"", ""지점 29"", ""지점 30"", ""지점 31"", ""지점 17"", ""구로동"", ""신정6동"", ""목동 F2""]"
7b768b2566f7,2026-10-10,FPL001402,UAM0041,a4,4,4,1.0,VP006,미아,VP015,마곡,17,G4,F1,G2,F2,17:47:52,17:56:33,18:39:25,18:44:50,18:54:50,521.78,2571.46,325.44,3418.68,221.78,1034.46,ready,17:56:17,2588.26,33,"[""미아 F1"", ""월계동"", ""월계3동"", ""공릉1동 2"", ""월릉교"", ""중화동"", ""중랑철교"", ""중랑천 제방길"", ""지점"", ""중곡1동"", ""송정동"", ""지점 12"", ""응봉동"", ""신사동"", ""약수동"", ""지점 39"", ""후암동"", ""회현동2가"", ""남영동"", ""충정로3가"", ""아현동"", ""대현동"", ""20통"", ""동교동"", ""서교동"", ""합정동"", ""선유도 17고지"", ""성산대교 중간지점"", ""상암동"", ""덕은동"", ""개화동"", ""하야동 2"", ""마곡 F2""]"
7b768b2566f7,2026-10-10,FPL001403,UAM0078,a4,4,4,1.0,VP013,강남,VP011,천호,17,G7,F1,G3,F2,18:05:14,18:19:30,19:28:00,19:39:12,19:49:12,855.52,4110.72,672.0,5638.24,1588.72,3667.76,ready,18:19:13,4127.52,17,"[""강남 F1"", ""서초2동 2"", ""지점 21"", ""경부고속도로 양재천 다리"", ""양재동"", ""지점 10"", ""지점 8"", ""지점 7"", ""지점 6"", ""대치교"", ""잠실7동"", ""지점 3"", ""자양2동"", ""잠실대교 중간지점"", ""지점 4"", ""천호대교 중간지점"", ""천호 F2""]"
7b768b2566f7,2026-10-10,FPL001404,UAM0097,a4,4,4,1.0,VP017,수서,VP015,마곡,17,G3,F1,G1,F2,17:48:10,18:00:30,18:35:04,18:40:30,18:50:30,740.24,2073.8,325.44,3139.48,426.16,801.3,ready,18:00:14,2090.6,27,"[""수서 F1"", ""개포3동"", ""잠실7동"", ""지점 3"", ""청담대교 중간지점"", ""지점 2"", ""성수대교 남단"", ""신사동"", ""약수동"", ""지점 39"", ""후암동"", ""회현동2가"", ""남영동"", ""충정로3가"", ""아현동"", ""대현동"", ""20통"", ""동교동"", ""서교동"", ""합정동"", ""선유도 17고지"", ""성산대교 중간지점"", ""상암동"", ""덕은동"", ""개화동"", ""하야동 2"", ""마곡 F2""]"
7b768b2566f7,2026-10-10,FPL001405,UAM0095,a4,4,4,1.0,VP001,여의도,VP004,용산,17,G1,F1,G4,F2,17:48:16,17:54:02,18:01:52,18:06:35,18:16:35,345.92,469.3,283.2,1098.42,31.84,0.0,ready,17:53:45,486.1,6,"[""여의도 F1"", ""지점 32"", ""여의동 2"", ""이촌2동"", ""한강로3가"", ""용산 F2""]"
7b768b2566f7,2026-10-10,FPL001406,UAM0087,a4,4,4,1.0,VP012,광화문,VP009,성수,17,G2,F1,G3,F2,17:49:15,18:00:36,18:08:04,18:12:47,18:22:47,680.24,448.4,283.2,1411.84,366.16,0.0,ready,18:00:19,465.2,8,"[""광화문 F1"", ""회현동2가"", ""후암동"", ""지점 39"", ""약수동"", ""신사동"", ""성수대교 남단"", ""성수 F2""]"
7b768b2566f7,2026-10-10,FPL001407,UAM0085,a4,4,4,1.0,VP004,용산,VP008,사당,17,G4,F1,G3,F2,17:52:02,17:57:02,18:06:58,18:11:41,18:21:41,300.0,595.8,283.2,1179.0,85.1,0.0,ready,17:56:45,612.6,11,"[""용산 F1"", ""한강로3가"", ""이촌동 2"", ""상도터널"", ""상도1동"", ""상도1동 2"", ""지점 38"", ""봉천동"", ""행운동"", ""인헌동"", ""사당 F2""]"
7b768b2566f7,2026-10-10,FPL001408,UAM0083,a4,4,4,1.0,VP009,성수,VP001,여의도,17,G3,F1,G2,F2,17:51:28,17:56:28,18:11:43,18:16:40,18:26:40,300.0,914.5,297.28,1511.78,0,261.6,ready,17:56:11,931.3,12,"[""성수 F1"", ""성수대교 남단"", ""신사동"", ""신사동 2"", ""잠원동 2"", ""반포동"", ""이촌동"", ""이촌동 2"", ""이촌2동"", ""여의동 2"", ""지점 32"", ""여의도 F2""]"
7b768b2566f7,2026-10-10,FPL001409,UAM0098,a4,4,4,1.0,VP018,인천,VP011,천호,17,G5,F1,G2,F2,17:51:31,17:57:41,19:01:17,19:12:43,19:22:43,370.16,3816.26,686.08,4872.5,56.08,2201.0,ready,17:57:24,3833.06,36,"[""인천 F1"", ""운북동"", ""영종동"", ""영종대교"", ""지점 22"", ""시천동 아라로"", ""목상동"", ""선주지동"", ""하야동"", ""하야동 2"", ""개화동"", ""덕은동"", ""상암동"", ""성산대교 중간지점"", ""선유도 17고지"", ""합정동"", ""서교동"", ""동교동"", ""20통"", ""대현동"", ""아현동"", ""충정로3가"", ""남영동"", ""회현동2가"", ""후암동"", ""지점 39"", ""약수동"", ""신사동"", ""성수대교 남단"", ""지점 2"", ""청담대교 중간지점"", ""자양2동"", ""잠실대교 중간지점"", ""지점 4"", ""천호대교 중간지점"", ""천호 F2""]"
7b768b2566f7,2026-10-10,FPL001410,UAM0090,a4,4,4,1.0,VP011,천호,VP013,강남,17,G1,F1,G2,F2,17:51:52,18:32:54,18:58:54,19:04:20,19:14:20,2462.0,1560.0,325.44,4347.44,2119.76,769.0,ready,18:32:38,1576.8,17,"[""천호 F1"", ""천호대교 중간지점"", ""지점 4"", ""잠실대교 중간지점"", ""자양2동"", ""지점 3"", ""잠실7동"", ""대치교"", ""지점 6"", ""지점 7"", ""지점 8"", ""지점 10"", ""양재동"", ""경부고속도로 양재천 다리"", ""지점 21"", ""서초2동 2"", ""강남 F2""]"
7b768b2566f7,2026-10-10,FPL001411,UAM0037,a4,4,4,1.0,VP017,수서,VP004,용산,17,G5,F1,G3,F2,17:52:17,18:05:51,18:18:35,18:23:18,18:33:18,814.32,764.0,283.2,1861.52,514.32,0.0,ready,18:05:34,780.8,17,"[""수서 F1"", ""개포3동"", ""잠실7동"", ""지점 3"", ""청담대교 중간지점"", ""지점 2"", ""성수대교 남단"", ""신사동"", ""약수동"", ""지점 39"", ""후암동"", ""회현동2가"", ""남영동"", ""청파동1가"", ""한강로1가"", ""한강로2가"", ""용산 F2""]"
7b768b2566f7,2026-10-10,FPL001412,UAM0070,a4,4,4,1.0,VP001,여의도,VP018,인천,17,G4,F1,G8,F2,17:52:23,17:59:23,18:23:44,18:28:28,18:38:28,420.0,1461.58,283.2,2164.78,120.0,88.88,ready,17:59:06,1478.38,19,"[""여의도 F1"", ""영등포"", ""신도림동"", ""문래동5가"", ""신도림동 2"", ""신정6동"", ""구로동"", ""지점 17"", ""지점 31"", ""지점 30"", ""지점 29"", ""지점 37"", ""간석3동"", ""지점 28"", ""지점 27"", ""지점 26"", ""영종동"", ""운북동"", ""인천 F2""]"
7b768b2566f7,2026-10-10,FPL001413,UAM0022,a4,4,4,1.0,VP013,강남,VP011,천호,17,G2,F1,G1,F2,18:00:28,18:24:50,19:38:42,19:50:08,20:00:08,1462.72,4431.36,686.08,6580.16,1564.24,3988.4,ready,18:24:34,4448.16,17,"[""강남 F1"", ""서초2동 2"", ""지점 21"", ""경부고속도로 양재천 다리"", ""양재동"", ""지점 10"", ""지점 8"", ""지점 7"", ""지점 6"", ""대치교"", ""잠실7동"", ""지점 3"", ""자양2동"", ""잠실대교 중간지점"", ""지점 4"", ""천호대교 중간지점"", ""천호 F2""]"
7b768b2566f7,2026-10-10,FPL001414,UAM0051,a4,4,4,1.0,VP008,사당,VP007,봉천,17,G3,F1,G3,F2,17:53:13,17:58:13,18:03:30,18:08:14,18:18:14,300.0,316.9,283.2,900.1,0,0.0,ready,17:57:57,333.7,5,"[""사당 F1"", ""인헌동"", ""행운동"", ""봉천동"", ""봉천 F2""]"
7b768b2566f7,2026-10-10,FPL001415,UAM0028,a4,4,4,1.0,VP012,광화문,VP014,가산,17,G1,F1,G6,F2,17:57:58,18:05:56,18:23:25,18:28:08,18:38:08,477.7,1048.92,283.2,1809.82,426.16,243.12,ready,18:05:39,1065.72,16,"[""광화문 F1"", ""남영동"", ""청파동1가"", ""한강로1가"", ""한강로2가"", ""한강로3가"", ""이촌2동"", ""지점 14"", ""지점 13"", ""영등포"", ""신도림동"", ""문래동5가"", ""신도림동 2"", ""신정6동"", ""구로동"", ""가산 F2""]"
7b768b2566f7,2026-10-10,FPL001416,UAM0069,a4,4,4,1.0,VP009,성수,VP010,연신내,17,G4,F1,G6,F2,17:56:49,18:01:49,18:19:39,18:24:22,18:34:22,300.0,1069.1,283.2,1652.3,60.7,0.0,ready,18:01:33,1085.9,24,"[""성수 F1"", ""성수대교 남단"", ""신사동"", ""약수동"", ""지점 39"", ""후암동"", ""회현동2가"", ""남영동"", ""충정로3가"", ""아현동"", ""대현동"", ""20통"", ""동교동"", ""서교동"", ""합정동"", ""선유도 17고지"", ""성산대교 중간지점"", ""상암동"", ""지점 25"", ""수색교"", ""지점 24"", ""향동동"", ""지점 23"", ""연신내 F2""]"
7b768b2566f7,2026-10-10,FPL001417,UAM0050,a4,4,4,1.0,VP006,미아,VP011,천호,17,G1,F1,G6,F2,17:56:23,18:01:54,18:34:34,18:45:32,18:55:32,331.44,1959.94,657.92,2949.3,17.36,1595.38,ready,18:01:37,1976.74,15,"[""미아 F1"", ""월계동"", ""월계3동"", ""공릉1동 2"", ""월릉교"", ""중화동"", ""중랑철교"", ""중랑천 제방길"", ""지점"", ""중곡1동"", ""능동"", ""구의동"", ""아차산 고가차도"", ""천호대교 중간지점"", ""천호 F2""]"
7b768b2566f7,2026-10-10,FPL001418,UAM0036,a4,4,4,1.0,VP015,마곡,VP018,인천,17,G7,F1,G7,F2,17:56:25,18:01:25,18:19:24,18:24:07,18:34:07,300.0,1079.3,283.2,1662.5,0,0.0,ready,18:01:08,1096.1,10,"[""마곡 F1"", ""하야동"", ""선주지동"", ""목상동"", ""시천동 아라로"", ""지점 22"", ""영종대교"", ""영종동"", ""운북동"", ""인천 F2""]"
7b768b2566f7,2026-10-10,FPL001419,UAM0059,a4,4,4,1.0,VP011,천호,VP018,인천,17,G2,F1,G5,F2,18:24:42,18:38:15,19:13:30,19:18:27,19:28:27,813.28,2114.64,297.28,3225.2,2119.76,146.64,ready,18:37:58,2131.44,36,"[""천호 F1"", ""천호대교 중간지점"", ""지점 4"", ""잠실대교 중간지점"", ""자양2동"", ""청담대교 중간지점"", ""지점 2"", ""성수대교 남단"", ""신사동"", ""약수동"", ""지점 39"", ""후암동"", ""회현동2가"", ""남영동"", ""충정로3가"", ""아현동"", ""대현동"", ""20통"", ""동교동"", ""서교동"", ""합정동"", ""선유도 17고지"", ""성산대교 중간지점"", ""상암동"", ""덕은동"", ""개화동"", ""하야동 2"", ""하야동"", ""선주지동"", ""목상동"", ""시천동 아라로"", ""지점 22"", ""영종대교"", ""영종동"", ""운북동"", ""인천 F2""]"
7b768b2566f7,2026-10-10,FPL001420,UAM0020,a4,4,4,1.0,VP018,인천,VP005,목동,17,G7,F1,G8,F2,18:00:36,18:05:36,18:26:35,18:31:19,18:41:19,300.0,1259.2,283.2,1842.4,200.2,0.0,ready,18:05:19,1276.0,15,"[""인천 F1"", ""운북동"", ""영종동"", ""지점 26"", ""지점 27"", ""지점 28"", ""간석3동"", ""지점 37"", ""지점 29"", ""지점 30"", ""지점 31"", ""지점 17"", ""구로동"", ""신정6동"", ""목동 F2""]"
7b768b2566f7,2026-10-10,FPL001421,UAM0077,a4,4,4,1.0,VP008,사당,VP001,여의도,17,G4,F1,G3,F2,17:57:34,18:03:34,18:16:03,18:20:46,18:30:46,360.0,749.2,283.2,1392.4,60.0,164.9,ready,18:03:17,766.0,9,"[""사당 F1"", ""인헌동"", ""행운동"", ""봉천동"", ""은천동"", ""신림동"", ""신림동 2"", ""영등포"", ""여의도 F2""]"
7b768b2566f7,2026-10-10,FPL001422,UAM0094,a4,4,4,1.0,VP002,잠실,VP012,광화문,17,G6,F1,G3,F2,17:57:55,18:02:55,18:22:02,18:26:45,18:36:45,300.0,1146.1,283.2,1729.3,0,600.0,ready,18:02:39,1162.9,11,"[""잠실 F1"", ""지점 3"", ""청담대교 중간지점"", ""지점 2"", ""성수대교 남단"", ""신사동"", ""약수동"", ""지점 39"", ""후암동"", ""회현동2가"", ""광화문 F2""]"
7b768b2566f7,2026-10-10,FPL001423,UAM0016,a4,4,4,1.0,VP015,마곡,VP002,잠실,17,G8,F1,G3,F2,17:58:00,18:06:45,18:30:08,18:35:05,18:45:05,525.54,1402.9,297.28,2225.72,225.54,217.3,ready,18:06:28,1419.7,25,"[""마곡 F1"", ""하야동 2"", ""개화동"", ""덕은동"", ""상암동"", ""성산대교 중간지점"", ""선유도 17고지"", ""합정동"", ""서교동"", ""동교동"", ""20통"", ""대현동"", ""아현동"", ""충정로3가"", ""남영동"", ""회현동2가"", ""후암동"", ""지점 39"", ""약수동"", ""신사동"", ""성수대교 남단"", ""지점 2"", ""청담대교 중간지점"", ""지점 3"", ""잠실 F2""]"
7b768b2566f7,2026-10-10,FPL001424,UAM0092,a4,4,4,1.0,VP003,상암,VP015,마곡,17,G3,F1,G6,F2,17:58:07,18:03:07,18:17:42,18:22:39,18:32:39,300.0,874.52,297.28,1471.8,0,325.52,ready,18:02:50,891.32,6,"[""상암 F1"", ""지점 25"", ""덕은동"", ""개화동"", ""하야동 2"", ""마곡 F2""]"
7b768b2566f7,2026-10-10,FPL001425,UAM0048,a4,4,4,1.0,VP012,광화문,VP002,잠실,17,G3,F1,G5,F2,18:02:08,18:11:17,18:20:27,18:25:10,18:35:10,548.7,550.0,283.2,1381.9,437.94,0.0,ready,18:11:00,566.8,11,"[""광화문 F1"", ""회현동2가"", ""후암동"", ""지점 39"", ""약수동"", ""신사동"", ""성수대교 남단"", ""지점 2"", ""청담대교 중간지점"", ""지점 3"", ""잠실 F2""]"
7b768b2566f7,2026-10-10,FPL001426,UAM0060,a4,4,4,1.0,VP013,강남,VP001,여의도,17,G8,F1,G3,F2,18:15:55,18:30:11,18:40:47,18:45:30,18:55:30,855.52,636.0,283.2,1774.72,1562.96,0.0,ready,18:29:54,652.8,12,"[""강남 F1"", ""반포1동"", ""주흥교"", ""잠원동"", ""잠원동 2"", ""반포동"", ""이촌동"", ""이촌동 2"", ""이촌2동"", ""여의동 2"", ""지점 32"", ""여의도 F2""]"
7b768b2566f7,2026-10-10,FPL001427,UAM0045,a4,4,4,1.0,VP009,성수,VP013,강남,18,G1,F1,G5,F2,18:00:23,18:07:10,18:18:47,18:37:48,18:47:48,406.62,697.02,1140.72,2244.36,92.54,1070.46,ready,18:06:53,713.82,9,"[""성수 F1"", ""성수대교 남단"", ""신사동"", ""신사동 2"", ""잠원동 2"", ""잠원동"", ""주흥교"", ""반포1동"", ""강남 F2""]"
7b768b2566f7,2026-10-10,FPL001428,UAM0065,a4,4,4,1.0,VP013,강남,VP012,광화문,18,G5,F1,G3,F2,18:16:10,18:35:32,18:44:29,18:49:13,18:59:13,1162.08,537.8,283.2,1983.08,1740.56,0.0,ready,18:35:15,554.6,12,"[""강남 F1"", ""반포1동"", ""주흥교"", ""잠원동"", ""잠원동 2"", ""신사동 2"", ""신사동"", ""약수동"", ""지점 39"", ""후암동"", ""회현동2가"", ""광화문 F2""]"
7b768b2566f7,2026-10-10,FPL001429,UAM0064,a4,4,4,1.0,VP011,천호,VP002,잠실,18,G8,F1,G6,F2,18:29:20,18:43:36,18:50:50,18:55:40,19:05:40,855.52,434.7,289.24,1579.46,2204.24,6.04,ready,18:43:19,451.5,7,"[""천호 F1"", ""천호대교 중간지점"", ""지점 4"", ""잠실대교 중간지점"", ""자양2동"", ""지점 3"", ""잠실 F2""]"
7b768b2566f7,2026-10-10,FPL001430,UAM0035,a4,4,4,1.0,VP004,용산,VP013,강남,18,G3,F1,G7,F2,18:06:39,18:11:39,18:41:32,18:47:55,18:57:55,300.0,1792.82,383.2,2476.02,281.06,1324.82,ready,18:11:22,1809.62,10,"[""용산 F1"", ""한강로3가"", ""이촌동 2"", ""이촌동"", ""반포동"", ""잠원동 2"", ""잠원동"", ""주흥교"", ""반포1동"", ""강남 F2""]"
7b768b2566f7,2026-10-10,FPL001431,UAM0003,a4,4,4,1.0,VP012,광화문,VP002,잠실,18,G4,F1,G6,F2,18:08:10,18:16:37,18:25:47,18:30:31,18:40:31,507.42,550.0,283.2,1340.62,497.94,0.0,ready,18:16:21,566.8,11,"[""광화문 F1"", ""회현동2가"", ""후암동"", ""지점 39"", ""약수동"", ""신사동"", ""성수대교 남단"", ""지점 2"", ""청담대교 중간지점"", ""지점 3"", ""잠실 F2""]"
7b768b2566f7,2026-10-10,FPL001432,UAM0034,a4,4,4,1.0,VP002,잠실,VP013,강남,18,G5,F1,G6,F2,18:03:34,18:08:34,18:37:11,18:42:48,18:52:48,300.0,1717.04,337.28,2354.32,0,1163.54,ready,18:08:17,1733.84,12,"[""잠실 F1"", ""잠실7동"", ""대치교"", ""지점 6"", ""지점 7"", ""지점 8"", ""지점 10"", ""양재동"", ""경부고속도로 양재천 다리"", ""지점 21"", ""서초2동 2"", ""강남 F2""]"
7b768b2566f7,2026-10-10,FPL001433,UAM0052,a4,4,4,1.0,VP003,상암,VP001,여의도,18,G4,F1,G4,F2,18:04:58,18:09:58,18:20:24,18:25:07,18:35:07,300.0,626.08,283.2,1209.28,0,133.08,ready,18:09:41,642.88,6,"[""상암 F1"", ""서교동"", ""합정동"", ""선유도 17고지"", ""지점 11"", ""여의도 F2""]"
7b768b2566f7,2026-10-10,FPL001434,UAM0033,a4,4,4,1.0,VP013,강남,VP018,인천,18,G6,F1,G8,F2,18:16:30,18:40:52,19:09:09,19:13:52,19:23:52,1462.72,1696.8,283.2,3442.72,1800.56,0.0,ready,18:40:35,1713.6,29,"[""강남 F1"", ""서초2동 2"", ""지점 21"", ""경부고속도로 양재천 다리"", ""지점 19"", ""방배동"", ""방배2동"", ""남현동"", ""인헌동"", ""행운동"", ""봉천동"", ""은천동"", ""신림동"", ""신림동 2"", ""신사동 3"", ""지점 9"", ""가산동"", ""지점 17"", ""지점 31"", ""지점 30"", ""지점 29"", ""지점 37"", ""간석3동"", ""지점 28"", ""지점 27"", ""지점 26"", ""영종동"", ""운북동"", ""인천 F2""]"
7b768b2566f7,2026-10-10,FPL001435,UAM0001,a4,4,4,1.0,VP009,성수,VP003,상암,18,G3,F1,G3,F2,18:06:45,18:12:31,18:24:08,18:28:52,18:38:52,345.52,697.6,283.2,1326.32,45.52,0.0,ready,18:12:14,714.4,16,"[""성수 F1"", ""성수대교 남단"", ""신사동"", ""약수동"", ""지점 39"", ""후암동"", ""회현동2가"", ""남영동"", ""충정로3가"", ""아현동"", ""대현동"", ""20통"", ""동교동"", ""서교동"", ""합정동"", ""상암 F2""]"
7b768b2566f7,2026-10-10,FPL001436,UAM0025,a4,4,4,1.0,VP011,천호,VP016,망우,18,G5,F1,G1,F2,18:29:34,18:48:56,18:59:51,19:04:48,19:14:48,1162.08,654.78,297.28,2114.14,2176.08,69.58,ready,18:48:40,671.58,11,"[""천호 F1"", ""천호대교 중간지점"", ""아차산 고가차도"", ""구의동"", ""능동"", ""중곡1동"", ""지점"", ""중랑천 제방길"", ""중랑철교"", ""중화동"", ""망우 F2""]"
7b768b2566f7,2026-10-10,FPL001437,UAM0093,a4,4,4,1.0,VP001,여의도,VP015,마곡,18,G3,F1,G8,F2,18:16:30,18:21:30,18:43:46,18:50:54,19:00:54,300.0,1335.46,428.96,2064.42,524.48,781.82,ready,18:21:13,1352.26,9,"[""여의도 F1"", ""지점 11"", ""선유도 17고지"", ""성산대교 중간지점"", ""상암동"", ""덕은동"", ""개화동"", ""하야동 2"", ""마곡 F2""]"
7b768b2566f7,2026-10-10,FPL001438,UAM0040,a4,4,4,1.0,VP012,광화문,VP007,봉천,18,G2,F1,G3,F2,18:07:54,18:21:58,18:32:44,18:37:27,18:47:27,843.86,645.6,283.2,1772.66,529.78,0.0,ready,18:21:41,662.4,13,"[""광화문 F1"", ""남영동"", ""청파동1가"", ""한강로1가"", ""한강로2가"", ""한강로3가"", ""이촌동 2"", ""상도터널"", ""상도1동"", ""상도1동 2"", ""지점 38"", ""봉천동"", ""봉천 F2""]"
7b768b2566f7,2026-10-10,FPL001439,UAM0076,a4,4,4,1.0,VP016,망우,VP011,천호,18,G3,F1,G2,F2,18:09:17,18:14:17,19:44:02,19:55:28,20:05:28,300.0,5385.44,686.08,6371.52,64.04,5205.78,ready,18:14:00,5402.24,10,"[""망우 F1"", ""중랑철교"", ""중랑천 제방길"", ""지점"", ""중곡1동"", ""능동"", ""구의동"", ""아차산 고가차도"", ""천호대교 중간지점"", ""천호 F2""]"
7b768b2566f7,2026-10-10,FPL001440,UAM0017,a4,4,4,1.0,VP010,연신내,VP013,강남,18,G5,F1,G3,F2,18:13:53,18:18:53,18:45:52,18:53:44,19:03:44,300.0,1619.16,471.36,2390.52,303.88,739.96,ready,18:18:37,1635.96,22,"[""연신내 F1"", ""지점 23"", ""향동동"", ""지점 24"", ""수색교"", ""지점 25"", ""상암동"", ""성산대교 중간지점"", ""선유도 17고지"", ""지점 5"", ""서강대교 중간지점"", ""지점 32"", ""여의동 2"", ""이촌2동"", ""이촌동 2"", ""이촌동"", ""반포동"", ""잠원동 2"", ""잠원동"", ""주흥교"", ""반포1동"", ""강남 F2""]"
7b768b2566f7,2026-10-10,FPL001441,UAM0086,a4,4,4,1.0,VP014,가산,VP018,인천,18,G5,F1,G5,F2,18:08:54,18:13:54,18:31:21,18:36:19,18:46:19,300.0,1046.9,297.28,1644.18,0,0.0,ready,18:13:38,1063.7,12,"[""가산 F1"", ""지점 31"", ""지점 30"", ""지점 29"", ""지점 37"", ""간석3동"", ""지점 28"", ""지점 27"", ""지점 26"", ""영종동"", ""운북동"", ""인천 F2""]"
7b768b2566f7,2026-10-10,FPL001442,UAM0053,a4,4,4,1.0,VP010,연신내,VP013,강남,18,G6,F1,G4,F2,18:14:13,18:24:14,18:50:13,18:55:24,19:05:24,600.64,1559.16,311.36,2471.16,596.66,519.96,ready,18:23:57,1575.96,22,"[""연신내 F1"", ""지점 23"", ""향동동"", ""지점 24"", ""수색교"", ""지점 25"", ""상암동"", ""성산대교 중간지점"", ""선유도 17고지"", ""지점 5"", ""서강대교 중간지점"", ""지점 32"", ""여의동 2"", ""이촌2동"", ""이촌동 2"", ""이촌동"", ""반포동"", ""잠원동 2"", ""잠원동"", ""주흥교"", ""반포1동"", ""강남 F2""]"
7b768b2566f7,2026-10-10,FPL001443,UAM0080,a4,4,4,1.0,VP017,수서,VP009,성수,18,G5,F1,G3,F2,18:13:38,18:18:38,18:26:12,18:30:55,18:40:55,300.0,454.2,283.2,1037.4,226.34,0.0,ready,18:18:21,471.0,7,"[""수서 F1"", ""개포3동"", ""잠실7동"", ""지점 3"", ""청담대교 중간지점"", ""지점 2"", ""성수 F2""]"
7b768b2566f7,2026-10-10,FPL001444,UAM0071,a4,4,4,1.0,VP013,강남,VP017,수서,18,G3,F1,G6,F2,18:16:24,18:46:13,18:58:13,19:02:56,19:12:56,1789.28,719.72,283.2,2792.2,1827.28,76.62,ready,18:45:56,736.52,13,"[""강남 F1"", ""서초2동 2"", ""지점 21"", ""경부고속도로 양재천 다리"", ""양재동"", ""지점 10"", ""지점 8"", ""지점 7"", ""지점 6"", ""대치교"", ""잠실7동"", ""개포3동"", ""수서 F2""]"
7b768b2566f7,2026-10-10,FPL001445,UAM0043,a4,4,4,1.0,VP018,인천,VP005,목동,18,G8,F1,G7,F2,18:10:32,18:15:32,18:36:31,18:41:14,18:51:14,300.0,1259.2,283.2,1842.4,0,0.0,ready,18:15:15,1276.0,15,"[""인천 F1"", ""운북동"", ""영종동"", ""지점 26"", ""지점 27"", ""지점 28"", ""간석3동"", ""지점 37"", ""지점 29"", ""지점 30"", ""지점 31"", ""지점 17"", ""구로동"", ""신정6동"", ""목동 F2""]"
7b768b2566f7,2026-10-10,FPL001446,UAM0091,a4,4,4,1.0,VP012,광화문,VP009,성수,18,G1,F1,G1,F2,18:17:05,18:27:19,18:34:53,18:39:50,18:49:50,613.34,454.4,297.28,1365.02,586.7,6.0,ready,18:27:02,471.2,8,"[""광화문 F1"", ""회현동2가"", ""후암동"", ""지점 39"", ""약수동"", ""신사동"", ""성수대교 남단"", ""성수 F2""]"
7b768b2566f7,2026-10-10,FPL001447,UAM0088,a4,4,4,1.0,VP011,천호,VP014,가산,18,G6,F1,G5,F2,18:40:16,18:54:17,19:12:31,19:17:14,19:27:14,841.44,1093.9,283.2,2218.54,2176.08,0.0,ready,18:54:00,1110.7,24,"[""천호 F1"", ""천호대교 중간지점"", ""지점 4"", ""잠실대교 중간지점"", ""자양2동"", ""청담대교 중간지점"", ""지점 2"", ""성수대교 남단"", ""신사동"", ""신사동 2"", ""잠원동 2"", ""반포동"", ""이촌동"", ""이촌동 2"", ""이촌2동"", ""지점 14"", ""지점 13"", ""영등포"", ""신도림동"", ""문래동5가"", ""신도림동 2"", ""신정6동"", ""구로동"", ""가산 F2""]"
7b768b2566f7,2026-10-10,FPL001448,UAM0013,a4,4,4,1.0,VP016,망우,VP012,광화문,18,G4,F1,G1,F2,18:13:33,18:19:38,18:36:24,18:41:21,18:51:21,364.04,1006.1,297.28,1667.42,64.04,300.0,ready,18:19:21,1022.9,14,"[""망우 F1"", ""중랑철교"", ""중랑천 제방길"", ""지점"", ""중곡1동"", ""송정동"", ""지점 12"", ""응봉동"", ""신사동"", ""약수동"", ""지점 39"", ""후암동"", ""회현동2가"", ""광화문 F2""]"
7b768b2566f7,2026-10-10,FPL001449,UAM0018,a4,4,4,1.0,VP018,인천,VP016,망우,18,G7,F1,G4,F2,18:15:05,18:20:53,18:55:30,19:00:14,19:10:14,347.48,2077.8,283.2,2708.48,47.48,0.0,ready,18:20:36,2094.6,37,"[""인천 F1"", ""운북동"", ""영종동"", ""영종대교"", ""지점 22"", ""시천동 아라로"", ""목상동"", ""선주지동"", ""하야동"", ""하야동 2"", ""개화동"", ""덕은동"", ""상암동"", ""성산대교 중간지점"", ""선유도 17고지"", ""합정동"", ""서교동"", ""동교동"", ""20통"", ""대현동"", ""아현동"", ""충정로3가"", ""남영동"", ""회현동2가"", ""후암동"", ""지점 39"", ""약수동"", ""신사동"", ""응봉동"", ""지점 12"", ""송정동"", ""중곡1동"", ""지점"", ""중랑천 제방길"", ""중랑철교"", ""중화동"", ""망우 F2""]"
7b768b2566f7,2026-10-10,FPL001450,UAM0021,a4,4,4,1.0,VP013,강남,VP006,미아,18,G4,F1,G1,F2,18:21:02,18:51:34,19:12:22,19:17:19,19:27:19,1831.36,1248.44,297.28,3377.08,1827.28,352.64,ready,18:51:17,1265.24,20,"[""강남 F1"", ""반포1동"", ""주흥교"", ""잠원동"", ""잠원동 2"", ""신사동 2"", ""신사동"", ""응봉동"", ""지점 12"", ""송정동"", ""중곡1동"", ""지점"", ""중랑천 제방길"", ""중랑철교"", ""중화동"", ""월릉교"", ""공릉1동 2"", ""월계3동"", ""월계동"", ""미아 F2""]"
7b768b2566f7,2026-10-10,FPL001451,UAM0054,a4,4,4,1.0,VP006,미아,VP015,마곡,18,G3,F1,G5,F2,18:15:57,18:20:57,18:52:27,19:07:10,19:17:10,300.0,1889.68,883.68,3073.36,0,939.08,ready,18:20:40,1906.48,33,"[""미아 F1"", ""월계동"", ""월계3동"", ""공릉1동 2"", ""월릉교"", ""중화동"", ""중랑철교"", ""중랑천 제방길"", ""지점"", ""중곡1동"", ""송정동"", ""지점 12"", ""응봉동"", ""신사동"", ""약수동"", ""지점 39"", ""후암동"", ""회현동2가"", ""남영동"", ""충정로3가"", ""아현동"", ""대현동"", ""20통"", ""동교동"", ""서교동"", ""합정동"", ""선유도 17고지"", ""성산대교 중간지점"", ""상암동"", ""덕은동"", ""개화동"", ""하야동 2"", ""마곡 F2""]"
7b768b2566f7,2026-10-10,FPL001452,UAM0030,a4,4,4,1.0,VP009,성수,VP002,잠실,18,G4,F1,G4,F2,18:21:33,18:26:33,18:34:29,18:39:26,18:49:26,300.0,476.08,297.28,1073.36,310.14,100.78,ready,18:26:16,492.88,5,"[""성수 F1"", ""지점 2"", ""청담대교 중간지점"", ""지점 3"", ""잠실 F2""]"
7b768b2566f7,2026-10-10,FPL001453,UAM0095,a4,4,4,1.0,VP004,용산,VP012,광화문,18,G4,F1,G2,F2,18:16:35,18:21:35,18:31:42,18:36:39,18:46:39,300.0,607.3,297.28,1204.58,0,252.9,ready,18:21:18,624.1,6,"[""용산 F1"", ""한강로2가"", ""한강로1가"", ""청파동1가"", ""남영동"", ""광화문 F2""]"
7b768b2566f7,2026-10-10,FPL001454,UAM0006,a4,4,4,1.0,VP015,마곡,VP001,여의도,18,G7,F1,G4,F2,18:26:50,18:31:50,18:45:08,18:49:51,18:59:51,300.0,797.84,283.2,1381.04,609.22,106.04,ready,18:31:33,814.64,9,"[""마곡 F1"", ""하야동 2"", ""개화동"", ""덕은동"", ""상암동"", ""성산대교 중간지점"", ""선유도 17고지"", ""지점 11"", ""여의도 F2""]"
7b768b2566f7,2026-10-10,FPL001455,UAM0011,a4,4,4,1.0,VP001,여의도,VP014,가산,18,G4,F1,G5,F2,18:20:51,18:26:51,18:36:30,18:41:14,18:51:14,360.0,579.8,283.2,1223.0,246.16,0.0,ready,18:26:34,596.6,8,"[""여의도 F1"", ""영등포"", ""신도림동"", ""문래동5가"", ""신도림동 2"", ""신정6동"", ""구로동"", ""가산 F2""]"
7b768b2566f7,2026-10-10,FPL001456,UAM0047,a4,4,4,1.0,VP012,광화문,VP006,미아,18,G3,F1,G4,F2,18:21:48,18:32:39,18:47:46,18:52:29,19:02:29,651.14,906.4,283.2,1840.74,573.58,0.0,ready,18:32:23,923.2,19,"[""광화문 F1"", ""회현동2가"", ""후암동"", ""지점 39"", ""약수동"", ""신사동"", ""응봉동"", ""지점 12"", ""송정동"", ""중곡1동"", ""지점"", ""중랑천 제방길"", ""중랑철교"", ""중화동"", ""월릉교"", ""공릉1동 2"", ""월계3동"", ""월계동"", ""미아 F2""]"
7b768b2566f7,2026-10-10,FPL001457,UAM0051,a4,4,4,1.0,VP007,봉천,VP006,미아,18,G3,F1,G3,F2,18:18:14,18:23:14,18:41:14,18:45:58,18:55:58,300.0,1080.8,283.2,1664.0,0,0.0,ready,18:22:57,1097.6,29,"[""봉천 F1"", ""봉천동"", ""행운동"", ""인헌동"", ""남현동"", ""방배2동"", ""사당1동"", ""사당1동 2"", ""방배4동"", ""동작동"", ""동작동 2"", ""이촌동"", ""반포동"", ""잠원동 2"", ""신사동 2"", ""신사동"", ""응봉동"", ""지점 12"", ""송정동"", ""중곡1동"", ""지점"", ""중랑천 제방길"", ""중랑철교"", ""중화동"", ""월릉교"", ""공릉1동 2"", ""월계3동"", ""월계동"", ""미아 F2""]"
7b768b2566f7,2026-10-10,FPL001458,UAM0004,a4,4,4,1.0,VP011,천호,VP009,성수,18,G4,F1,G2,F2,18:29:48,18:59:38,19:13:59,19:18:56,19:28:56,1789.28,861.56,297.28,2948.12,2147.92,383.36,ready,18:59:21,878.36,8,"[""천호 F1"", ""천호대교 중간지점"", ""지점 4"", ""잠실대교 중간지점"", ""자양2동"", ""청담대교 중간지점"", ""지점 2"", ""성수 F2""]"
7b768b2566f7,2026-10-10,FPL001459,UAM0058,a4,4,4,1.0,VP002,잠실,VP003,상암,18,G5,F1,G4,F2,18:19:17,18:24:17,18:37:36,18:42:19,18:52:19,300.0,799.1,283.2,1382.3,0,0.0,ready,18:24:00,815.9,19,"[""잠실 F1"", ""지점 3"", ""청담대교 중간지점"", ""지점 2"", ""성수대교 남단"", ""신사동"", ""약수동"", ""지점 39"", ""후암동"", ""회현동2가"", ""남영동"", ""충정로3가"", ""아현동"", ""대현동"", ""20통"", ""동교동"", ""서교동"", ""합정동"", ""상암 F2""]"
7b768b2566f7,2026-10-10,FPL001460,UAM0039,a4,4,4,1.0,VP016,망우,VP009,성수,18,G1,F1,G2,F2,18:19:27,18:24:58,18:39:14,18:44:11,18:54:11,331.44,855.62,297.28,1484.34,17.36,252.62,ready,18:24:41,872.42,10,"[""망우 F1"", ""중랑철교"", ""중랑천 제방길"", ""지점"", ""중곡1동"", ""송정동"", ""건대입구"", ""청담대교 중간지점"", ""지점 2"", ""성수 F2""]"
7b768b2566f7,2026-10-10,FPL001461,UAM0009,a4,4,4,1.0,VP010,연신내,VP006,미아,18,G3,F1,G1,F2,18:19:43,18:29:35,18:54:59,18:59:57,19:09:57,592.08,1524.8,297.28,2414.16,278.0,0.0,ready,18:29:18,1541.6,35,"[""연신내 F1"", ""지점 23"", ""향동동"", ""지점 24"", ""수색교"", ""지점 25"", ""상암동"", ""성산대교 중간지점"", ""선유도 17고지"", ""합정동"", ""서교동"", ""동교동"", ""20통"", ""대현동"", ""아현동"", ""충정로3가"", ""남영동"", ""회현동2가"", ""후암동"", ""지점 39"", ""약수동"", ""신사동"", ""응봉동"", ""지점 12"", ""송정동"", ""중곡1동"", ""지점"", ""중랑천 제방길"", ""중랑철교"", ""중화동"", ""월릉교"", ""공릉1동 2"", ""월계3동"", ""월계동"", ""미아 F2""]"
7b768b2566f7,2026-10-10,FPL001462,UAM0010,a4,4,4,1.0,VP006,미아,VP013,강남,18,G4,F1,G1,F2,18:23:11,18:28:11,18:54:34,18:59:59,19:09:59,300.0,1582.76,325.44,2208.2,173.24,687.76,ready,18:27:54,1599.56,20,"[""미아 F1"", ""월계동"", ""월계3동"", ""공릉1동 2"", ""월릉교"", ""중화동"", ""중랑철교"", ""중랑천 제방길"", ""지점"", ""중곡1동"", ""송정동"", ""지점 12"", ""응봉동"", ""신사동"", ""신사동 2"", ""잠원동 2"", ""잠원동"", ""주흥교"", ""반포1동"", ""강남 F2""]"
7b768b2566f7,2026-10-10,FPL001463,UAM0063,a4,4,4,1.0,VP013,강남,VP008,사당,18,G7,F1,G2,F2,18:42:39,18:56:54,19:08:33,19:13:30,19:23:30,855.52,698.42,297.28,1851.22,1883.6,219.72,ready,18:56:37,715.22,7,"[""강남 F1"", ""서초2동 2"", ""지점 21"", ""경부고속도로 양재천 다리"", ""지점 19"", ""방배동"", ""사당 F2""]"
7b768b2566f7,2026-10-10,FPL001464,UAM0085,a4,4,4,1.0,VP008,사당,VP015,마곡,18,G3,F1,G7,F2,18:21:41,18:26:41,18:48:06,19:01:36,19:11:36,300.0,1284.96,809.6,2394.56,0,877.46,ready,18:26:24,1301.76,16,"[""사당 F1"", ""인헌동"", ""행운동"", ""봉천동"", ""은천동"", ""신림동"", ""신림동 2"", ""영등포"", ""지점 11"", ""선유도 17고지"", ""성산대교 중간지점"", ""상암동"", ""덕은동"", ""개화동"", ""하야동 2"", ""마곡 F2""]"
7b768b2566f7,2026-10-10,FPL001465,UAM0079,a4,4,4,1.0,VP001,여의도,VP002,잠실,18,G1,F1,G5,F2,18:22:19,18:32:11,18:44:44,18:49:27,18:59:27,592.08,752.4,283.2,1627.68,278.0,0.0,ready,18:31:55,769.2,15,"[""여의도 F1"", ""지점 32"", ""여의동 2"", ""이촌2동"", ""이촌동 2"", ""이촌동"", ""반포동"", ""잠원동 2"", ""신사동 2"", ""신사동"", ""성수대교 남단"", ""지점 2"", ""청담대교 중간지점"", ""지점 3"", ""잠실 F2""]"
7b768b2566f7,2026-10-10,FPL001466,UAM0026,a4,4,4,1.0,VP012,광화문,VP015,마곡,18,G4,F1,G3,F2,18:26:49,18:38:00,19:06:54,19:12:45,19:22:45,671.0,1733.82,351.36,2756.18,633.58,948.32,ready,18:37:43,1750.62,15,"[""광화문 F1"", ""충정로3가"", ""아현동"", ""대현동"", ""20통"", ""동교동"", ""서교동"", ""합정동"", ""선유도 17고지"", ""성산대교 중간지점"", ""상암동"", ""덕은동"", ""개화동"", ""하야동 2"", ""마곡 F2""]"
7b768b2566f7,2026-10-10,FPL001467,UAM0055,a4,4,4,1.0,VP007,봉천,VP016,망우,18,G4,F1,G3,F2,18:22:34,18:28:34,18:44:15,18:48:58,18:58:58,360.0,941.1,283.2,1584.3,60.0,0.0,ready,18:28:17,957.9,25,"[""봉천 F1"", ""봉천동"", ""행운동"", ""인헌동"", ""남현동"", ""방배2동"", ""사당1동"", ""사당1동 2"", ""방배4동"", ""동작동"", ""동작동 2"", ""이촌동"", ""반포동"", ""잠원동 2"", ""신사동 2"", ""신사동"", ""응봉동"", ""지점 12"", ""송정동"", ""중곡1동"", ""지점"", ""중랑천 제방길"", ""중랑철교"", ""중화동"", ""망우 F2""]"
7b768b2566f7,2026-10-10,FPL001468,UAM0087,a4,4,4,1.0,VP009,성수,VP011,천호,18,G3,F1,G8,F2,18:22:47,18:31:53,19:06:38,19:17:22,19:27:22,546.16,2084.54,643.84,3274.54,246.16,1954.88,ready,18:31:36,2101.34,8,"[""성수 F1"", ""지점 2"", ""청담대교 중간지점"", ""자양2동"", ""잠실대교 중간지점"", ""지점 4"", ""천호대교 중간지점"", ""천호 F2""]"
7b768b2566f7,2026-10-10,FPL001469,UAM0073,a4,4,4,1.0,VP017,수서,VP002,잠실,18,G6,F1,G1,F2,18:23:33,18:28:33,18:38:49,18:44:01,18:54:01,300.0,615.96,311.36,1227.32,0,293.66,ready,18:28:17,632.76,4,"[""수서 F1"", ""개포3동"", ""잠실7동"", ""잠실 F2""]"
7b768b2566f7,2026-10-10,FPL001470,UAM0002,a4,4,4,1.0,VP011,천호,VP006,미아,18,G3,F1,G3,F2,18:51:11,19:04:58,19:17:03,19:21:46,19:31:46,827.36,724.8,283.2,1835.36,2147.92,0.0,ready,19:04:41,741.6,15,"[""천호 F1"", ""천호대교 중간지점"", ""아차산 고가차도"", ""구의동"", ""능동"", ""중곡1동"", ""지점"", ""중랑천 제방길"", ""중랑철교"", ""중화동"", ""월릉교"", ""공릉1동 2"", ""월계3동"", ""월계동"", ""미아 F2""]"
7b768b2566f7,2026-10-10,FPL001471,UAM0096,a4,4,4,1.0,VP015,마곡,VP009,성수,18,G8,F1,G1,F2,18:44:12,18:49:12,19:09:39,19:14:36,19:24:36,300.0,1226.2,297.28,1823.48,1228.72,142.1,ready,18:48:56,1243.0,22,"[""마곡 F1"", ""하야동 2"", ""개화동"", ""덕은동"", ""상암동"", ""성산대교 중간지점"", ""선유도 17고지"", ""합정동"", ""서교동"", ""동교동"", ""20통"", ""대현동"", ""아현동"", ""충정로3가"", ""남영동"", ""회현동2가"", ""후암동"", ""지점 39"", ""약수동"", ""신사동"", ""성수대교 남단"", ""성수 F2""]"
7b768b2566f7,2026-10-10,FPL001472,UAM0046,a4,4,4,1.0,VP010,연신내,VP006,미아,18,G4,F1,G4,F2,18:24:32,18:34:55,19:08:01,19:12:45,19:22:45,623.32,1986.08,283.2,2892.6,338.0,461.28,ready,18:34:38,2002.88,35,"[""연신내 F1"", ""지점 23"", ""향동동"", ""지점 24"", ""수색교"", ""지점 25"", ""상암동"", ""성산대교 중간지점"", ""선유도 17고지"", ""합정동"", ""서교동"", ""동교동"", ""20통"", ""대현동"", ""아현동"", ""충정로3가"", ""남영동"", ""회현동2가"", ""후암동"", ""지점 39"", ""약수동"", ""신사동"", ""응봉동"", ""지점 12"", ""송정동"", ""중곡1동"", ""지점"", ""중랑천 제방길"", ""중랑철교"", ""중화동"", ""월릉교"", ""공릉1동 2"", ""월계3동"", ""월계동"", ""미아 F2""]"
7b768b2566f7,2026-10-10,FPL001473,UAM0100,a4,4,4,1.0,VP013,강남,VP002,잠실,18,G1,F1,G6,F2,18:26:33,19:02:15,19:12:21,19:17:04,19:27:04,2141.36,606.4,283.2,3030.96,1799.12,0.0,ready,19:01:58,623.2,12,"[""강남 F1"", ""서초2동 2"", ""지점 21"", ""경부고속도로 양재천 다리"", ""양재동"", ""지점 10"", ""지점 8"", ""지점 7"", ""지점 6"", ""대치교"", ""잠실7동"", ""잠실 F2""]"
7b768b2566f7,2026-10-10,FPL001474,UAM0083,a4,4,4,1.0,VP001,여의도,VP013,강남,18,G2,F1,G8,F2,18:29:46,18:37:32,19:03:15,19:07:58,19:17:58,465.92,1543.06,283.2,2292.18,338.0,912.26,ready,18:37:15,1559.86,12,"[""여의도 F1"", ""지점 32"", ""여의동 2"", ""이촌2동"", ""이촌동 2"", ""이촌동"", ""반포동"", ""잠원동 2"", ""잠원동"", ""주흥교"", ""반포1동"", ""강남 F2""]"
7b768b2566f7,2026-10-10,FPL001475,UAM0082,a4,4,4,1.0,VP012,광화문,VP017,수서,18,G2,F1,G5,F2,18:27:01,18:43:21,18:53:52,18:58:35,19:08:35,979.5,631.3,283.2,1894.0,665.42,0.0,ready,18:43:04,648.1,13,"[""광화문 F1"", ""회현동2가"", ""후암동"", ""지점 39"", ""약수동"", ""신사동"", ""성수대교 남단"", ""지점 2"", ""청담대교 중간지점"", ""지점 3"", ""잠실7동"", ""개포3동"", ""수서 F2""]"
7b768b2566f7,2026-10-10,FPL001476,UAM0027,a4,4,4,1.0,VP009,성수,VP007,봉천,18,G1,F1,G3,F2,18:27:22,18:37:14,18:48:01,18:52:44,19:02:44,592.08,647.1,283.2,1522.38,278.0,0.0,ready,18:36:57,663.9,18,"[""성수 F1"", ""성수대교 남단"", ""신사동"", ""신사동 2"", ""잠원동 2"", ""반포동"", ""이촌동"", ""동작동 2"", ""동작동"", ""방배4동"", ""사당1동 2"", ""사당1동"", ""방배2동"", ""남현동"", ""인헌동"", ""행운동"", ""봉천동"", ""봉천 F2""]"
7b768b2566f7,2026-10-10,FPL001477,UAM0067,a4,4,4,1.0,VP005,목동,VP014,가산,18,G7,F1,G6,F2,18:31:23,18:36:23,18:44:03,18:48:46,18:58:46,300.0,459.8,283.2,1043.0,200.2,0.0,ready,18:36:06,476.6,4,"[""목동 F1"", ""신정6동"", ""구로동"", ""가산 F2""]"
7b768b2566f7,2026-10-10,FPL001478,UAM0008,a4,4,4,1.0,VP010,연신내,VP018,인천,18,G5,F1,G7,F2,18:28:10,18:40:16,19:02:46,19:07:29,19:17:29,726.16,1349.7,283.2,2359.06,426.16,0.0,ready,18:39:59,1366.5,18,"[""연신내 F1"", ""지점 23"", ""향동동"", ""지점 24"", ""수색교"", ""지점 25"", ""덕은동"", ""개화동"", ""하야동 2"", ""하야동"", ""선주지동"", ""목상동"", ""시천동 아라로"", ""지점 22"", ""영종대교"", ""영종동"", ""운북동"", ""인천 F2""]"
7b768b2566f7,2026-10-10,FPL001479,UAM0056,a4,4,4,1.0,VP015,마곡,VP012,광화문,18,G5,F1,G1,F2,18:44:26,18:54:33,19:08:13,19:13:10,19:23:10,606.56,820.2,297.28,1724.04,1260.56,0.0,ready,18:54:16,837.0,15,"[""마곡 F1"", ""하야동 2"", ""개화동"", ""덕은동"", ""상암동"", ""성산대교 중간지점"", ""선유도 17고지"", ""합정동"", ""서교동"", ""동교동"", ""20통"", ""대현동"", ""아현동"", ""충정로3가"", ""광화문 F2""]"
7b768b2566f7,2026-10-10,FPL001480,UAM0014,a4,4,4,1.0,VP011,천호,VP017,수서,18,G7,F1,G6,F2,18:56:03,19:10:19,19:19:13,19:23:56,19:33:56,855.52,534.4,283.2,1673.12,2204.24,0.0,ready,19:10:02,551.2,9,"[""천호 F1"", ""천호대교 중간지점"", ""지점 4"", ""잠실대교 중간지점"", ""자양2동"", ""지점 3"", ""잠실7동"", ""개포3동"", ""수서 F2""]"
7b768b2566f7,2026-10-10,FPL001481,UAM0077,a4,4,4,1.0,VP001,여의도,VP004,용산,18,G3,F1,G3,F2,18:30:46,18:42:53,18:50:42,18:55:25,19:05:25,726.16,469.3,283.2,1478.66,426.16,0.0,ready,18:42:36,486.1,6,"[""여의도 F1"", ""지점 32"", ""여의동 2"", ""이촌2동"", ""한강로3가"", ""용산 F2""]"
7b768b2566f7,2026-10-10,FPL001482,UAM0049,a4,4,4,1.0,VP009,성수,VP010,연신내,18,G2,F1,G5,F2,18:31:42,18:42:35,19:00:24,19:05:07,19:15:07,652.08,1069.1,283.2,2004.38,338.0,0.0,ready,18:42:18,1085.9,24,"[""성수 F1"", ""성수대교 남단"", ""신사동"", ""약수동"", ""지점 39"", ""후암동"", ""회현동2가"", ""남영동"", ""충정로3가"", ""아현동"", ""대현동"", ""20통"", ""동교동"", ""서교동"", ""합정동"", ""선유도 17고지"", ""성산대교 중간지점"", ""상암동"", ""지점 25"", ""수색교"", ""지점 24"", ""향동동"", ""지점 23"", ""연신내 F2""]"
7b768b2566f7,2026-10-10,FPL001483,UAM0029,a4,4,4,1.0,VP012,광화문,VP001,여의도,18,G1,F1,G1,F2,18:36:44,18:48:41,19:01:12,19:06:09,19:16:09,717.7,750.56,297.28,1765.54,689.14,170.66,ready,18:48:24,767.36,10,"[""광화문 F1"", ""남영동"", ""청파동1가"", ""한강로1가"", ""한강로2가"", ""한강로3가"", ""이촌2동"", ""여의동 2"", ""지점 32"", ""여의도 F2""]"
7b768b2566f7,2026-10-10,FPL001484,UAM0092,a4,4,4,1.0,VP015,마곡,VP016,망우,18,G6,F1,G2,F2,18:44:46,18:59:54,19:25:39,19:30:36,19:40:36,907.2,1544.98,297.28,2749.46,1320.56,142.48,ready,18:59:37,1561.78,29,"[""마곡 F1"", ""하야동 2"", ""개화동"", ""덕은동"", ""상암동"", ""성산대교 중간지점"", ""선유도 17고지"", ""합정동"", ""서교동"", ""동교동"", ""20통"", ""대현동"", ""아현동"", ""충정로3가"", ""남영동"", ""회현동2가"", ""후암동"", ""지점 39"", ""약수동"", ""신사동"", ""응봉동"", ""지점 12"", ""송정동"", ""중곡1동"", ""지점"", ""중랑천 제방길"", ""중랑철교"", ""중화동"", ""망우 F2""]"
7b768b2566f7,2026-10-10,FPL001485,UAM0072,a4,4,4,1.0,VP006,미아,VP008,사당,18,G3,F1,G3,F2,18:33:07,18:38:07,18:55:31,19:00:14,19:10:14,300.0,1043.9,283.2,1627.1,0,0.0,ready,18:37:50,1060.7,25,"[""미아 F1"", ""월계동"", ""월계3동"", ""공릉1동 2"", ""월릉교"", ""중화동"", ""중랑철교"", ""중랑천 제방길"", ""지점"", ""중곡1동"", ""송정동"", ""건대입구"", ""청담대교 중간지점"", ""지점 3"", ""잠실7동"", ""대치교"", ""지점 6"", ""지점 7"", ""지점 8"", ""지점 10"", ""양재동"", ""경부고속도로 양재천 다리"", ""지점 19"", ""방배동"", ""사당 F2""]"
7b768b2566f7,2026-10-10,FPL001486,UAM0037,a4,4,4,1.0,VP004,용산,VP006,미아,18,G3,F1,G3,F2,18:34:47,18:39:47,18:59:20,19:04:03,19:14:03,300.0,1172.72,283.2,1755.92,89.04,138.32,ready,18:39:31,1189.52,23,"[""용산 F1"", ""한강로2가"", ""한강로1가"", ""청파동1가"", ""남영동"", ""회현동2가"", ""후암동"", ""지점 39"", ""약수동"", ""신사동"", ""응봉동"", ""지점 12"", ""송정동"", ""중곡1동"", ""지점"", ""중랑천 제방길"", ""중랑철교"", ""중화동"", ""월릉교"", ""공릉1동 2"", ""월계3동"", ""월계동"", ""미아 F2""]"
7b768b2566f7,2026-10-10,FPL001487,UAM0019,a4,4,4,1.0,VP014,가산,VP002,잠실,18,G5,F1,G3,F2,18:33:48,18:38:48,18:55:11,19:01:14,19:11:14,300.0,983.36,363.32,1646.68,0,97.4,ready,18:38:31,1000.16,23,"[""가산 F1"", ""가산동"", ""지점 9"", ""신사동 3"", ""신림동 2"", ""신림동"", ""은천동"", ""봉천동"", ""행운동"", ""인헌동"", ""남현동"", ""방배2동"", ""방배동"", ""지점 19"", ""경부고속도로 양재천 다리"", ""양재동"", ""지점 10"", ""지점 8"", ""지점 7"", ""지점 6"", ""대치교"", ""잠실7동"", ""잠실 F2""]"
7b768b2566f7,2026-10-10,FPL001488,UAM0036,a4,4,4,1.0,VP018,인천,VP017,수서,18,G7,F1,G5,F2,18:36:09,18:41:09,19:11:15,19:15:58,19:25:58,300.0,1806.0,283.2,2389.2,121.64,0.0,ready,18:40:52,1822.8,35,"[""인천 F1"", ""운북동"", ""영종동"", ""지점 26"", ""지점 27"", ""지점 28"", ""간석3동"", ""지점 37"", ""지점 29"", ""지점 30"", ""지점 31"", ""지점 17"", ""가산동"", ""지점 9"", ""신사동 3"", ""신림동 2"", ""신림동"", ""은천동"", ""봉천동"", ""행운동"", ""인헌동"", ""남현동"", ""방배2동"", ""방배동"", ""지점 19"", ""경부고속도로 양재천 다리"", ""양재동"", ""지점 10"", ""지점 8"", ""지점 7"", ""지점 6"", ""대치교"", ""잠실7동"", ""개포3동"", ""수서 F2""]"
7b768b2566f7,2026-10-10,FPL001489,UAM0069,a4,4,4,1.0,VP010,연신내,VP001,여의도,18,G6,F1,G3,F2,18:34:22,18:45:37,18:56:51,19:01:34,19:11:34,674.76,674.7,283.2,1632.66,374.76,0.0,ready,18:45:20,691.5,11,"[""연신내 F1"", ""지점 23"", ""향동동"", ""지점 24"", ""수색교"", ""지점 25"", ""상암동"", ""성산대교 중간지점"", ""선유도 17고지"", ""지점 11"", ""여의도 F2""]"
7b768b2566f7,2026-10-10,FPL001490,UAM0074,a4,4,4,1.0,VP011,천호,VP006,미아,18,G1,F1,G4,F2,18:34:38,19:15:40,19:27:44,19:32:28,19:42:28,2462.0,724.8,283.2,3470.0,2119.76,0.0,ready,19:15:23,741.6,15,"[""천호 F1"", ""천호대교 중간지점"", ""아차산 고가차도"", ""구의동"", ""능동"", ""중곡1동"", ""지점"", ""중랑천 제방길"", ""중랑철교"", ""중화동"", ""월릉교"", ""공릉1동 2"", ""월계3동"", ""월계동"", ""미아 F2""]"
7b768b2566f7,2026-10-10,FPL001491,UAM0052,a4,4,4,1.0,VP001,여의도,VP008,사당,18,G4,F1,G4,F2,18:35:07,18:48:13,18:59:51,19:04:34,19:14:34,786.16,698.04,283.2,1767.4,486.16,110.54,ready,18:47:56,714.84,9,"[""여의도 F1"", ""영등포"", ""신림동 2"", ""신림동"", ""은천동"", ""봉천동"", ""행운동"", ""인헌동"", ""사당 F2""]"
7b768b2566f7,2026-10-10,FPL001492,UAM0048,a4,4,4,1.0,VP002,잠실,VP013,강남,18,G5,F1,G7,F2,18:43:37,18:48:37,19:07:36,19:15:45,19:25:45,300.0,1138.86,488.96,1927.82,506.8,751.12,ready,18:48:20,1155.66,12,"[""잠실 F1"", ""잠실7동"", ""대치교"", ""지점 6"", ""지점 7"", ""지점 8"", ""지점 10"", ""양재동"", ""경부고속도로 양재천 다리"", ""지점 21"", ""서초2동 2"", ""강남 F2""]"
7b768b2566f7,2026-10-10,FPL001493,UAM0094,a4,4,4,1.0,VP012,광화문,VP009,성수,18,G3,F1,G4,F2,18:41:11,18:54:02,19:05:18,19:10:01,19:20:01,770.88,675.94,283.2,1730.02,737.16,227.54,ready,18:53:45,692.74,8,"[""광화문 F1"", ""회현동2가"", ""후암동"", ""지점 39"", ""약수동"", ""신사동"", ""성수대교 남단"", ""성수 F2""]"
7b768b2566f7,2026-10-10,FPL001494,UAM0042,a4,4,4,1.0,VP008,사당,VP006,미아,18,G3,F1,G2,F2,18:36:51,18:41:51,19:03:41,19:08:38,19:18:38,300.0,1309.74,297.28,1907.02,0,255.84,ready,18:41:34,1326.54,25,"[""사당 F1"", ""방배동"", ""지점 19"", ""경부고속도로 양재천 다리"", ""양재동"", ""지점 10"", ""지점 8"", ""지점 7"", ""지점 6"", ""대치교"", ""잠실7동"", ""지점 3"", ""청담대교 중간지점"", ""건대입구"", ""송정동"", ""중곡1동"", ""지점"", ""중랑천 제방길"", ""중랑철교"", ""중화동"", ""월릉교"", ""공릉1동 2"", ""월계3동"", ""월계동"", ""미아 F2""]"
7b768b2566f7,2026-10-10,FPL001495,UAM0005,a4,4,4,1.0,VP015,마곡,VP013,강남,18,G3,F1,G8,F2,18:44:40,19:05:14,19:22:51,19:42:28,19:52:28,1233.76,1056.4,1177.2,3467.36,1352.4,894.0,ready,19:04:57,1073.2,20,"[""마곡 F1"", ""하야동 2"", ""개화동"", ""덕은동"", ""상암동"", ""성산대교 중간지점"", ""선유도 17고지"", ""지점 5"", ""서강대교 중간지점"", ""지점 32"", ""여의동 2"", ""이촌2동"", ""이촌동 2"", ""이촌동"", ""반포동"", ""잠원동 2"", ""잠원동"", ""주흥교"", ""반포1동"", ""강남 F2""]"
7b768b2566f7,2026-10-10,FPL001496,UAM0028,a4,4,4,1.0,VP014,가산,VP009,성수,18,G6,F1,G3,F2,18:41:18,18:46:18,19:00:57,19:05:40,19:15:40,300.0,879.3,283.2,1462.5,189.64,0.0,ready,18:46:01,896.1,18,"[""가산 F1"", ""구로동"", ""신정6동"", ""신도림동 2"", ""문래동5가"", ""신도림동"", ""영등포"", ""지점 13"", ""지점 14"", ""이촌2동"", ""이촌동 2"", ""이촌동"", ""반포동"", ""잠원동 2"", ""신사동 2"", ""신사동"", ""성수대교 남단"", ""성수 F2""]"
7b768b2566f7,2026-10-10,FPL001497,UAM0070,a4,4,4,1.0,VP018,인천,VP005,목동,18,G8,F1,G7,F2,18:38:28,18:46:29,19:07:29,19:12:12,19:22:12,481.64,1259.2,283.2,2024.04,181.64,0.0,ready,18:46:13,1276.0,15,"[""인천 F1"", ""운북동"", ""영종동"", ""지점 26"", ""지점 27"", ""지점 28"", ""간석3동"", ""지점 37"", ""지점 29"", ""지점 30"", ""지점 31"", ""지점 17"", ""구로동"", ""신정6동"", ""목동 F2""]"
7b768b2566f7,2026-10-10,FPL001498,UAM0001,a4,4,4,1.0,VP003,상암,VP002,잠실,18,G3,F1,G5,F2,18:42:23,18:47:23,19:00:20,19:06:21,19:16:21,300.0,776.6,361.14,1437.74,211.62,77.94,ready,18:47:06,793.4,18,"[""상암 F1"", ""서교동"", ""동교동"", ""20통"", ""대현동"", ""아현동"", ""충정로3가"", ""남영동"", ""회현동2가"", ""후암동"", ""지점 39"", ""약수동"", ""신사동"", ""성수대교 남단"", ""지점 2"", ""청담대교 중간지점"", ""지점 3"", ""잠실 F2""]"
7b768b2566f7,2026-10-10,FPL001499,UAM0089,a4,4,4,1.0,VP001,여의도,VP016,망우,18,G1,F1,G3,F2,18:39:42,18:53:34,19:09:22,19:14:05,19:24:05,832.08,947.8,283.2,2063.08,518.0,0.0,ready,18:53:17,964.6,19,"[""여의도 F1"", ""지점 32"", ""여의동 2"", ""이촌2동"", ""이촌동 2"", ""이촌동"", ""반포동"", ""잠원동 2"", ""신사동 2"", ""신사동"", ""응봉동"", ""지점 12"", ""송정동"", ""중곡1동"", ""지점"", ""중랑천 제방길"", ""중랑철교"", ""중화동"", ""망우 F2""]"
7b768b2566f7,2026-10-10,FPL001500,UAM0031,a4,4,4,1.0,VP011,천호,VP009,성수,18,G2,F1,G1,F2,19:07:27,19:21:00,19:33:00,19:37:57,19:47:57,813.28,719.46,297.28,1830.02,2119.76,241.26,ready,19:20:43,736.26,8,"[""천호 F1"", ""천호대교 중간지점"", ""지점 4"", ""잠실대교 중간지점"", ""자양2동"", ""청담대교 중간지점"", ""지점 2"", ""성수 F2""]"
7b768b2566f7,2026-10-10,FPL001501,UAM0003,a4,4,4,1.0,VP002,잠실,VP008,사당,18,G6,F1,G1,F2,18:43:57,18:53:57,19:04:12,19:09:09,19:19:09,600.64,614.48,297.28,1512.4,506.8,77.58,ready,18:53:41,631.28,12,"[""잠실 F1"", ""잠실7동"", ""대치교"", ""지점 6"", ""지점 7"", ""지점 8"", ""지점 10"", ""양재동"", ""경부고속도로 양재천 다리"", ""지점 19"", ""방배동"", ""사당 F2""]"
7b768b2566f7,2026-10-10,FPL001502,UAM0080,a4,4,4,1.0,VP009,성수,VP012,광화문,18,G3,F1,G4,F2,18:44:01,18:49:01,18:56:26,19:01:09,19:11:09,300.0,444.6,283.2,1027.8,186.16,0.0,ready,18:48:44,461.4,8,"[""성수 F1"", ""성수대교 남단"", ""신사동"", ""약수동"", ""지점 39"", ""후암동"", ""회현동2가"", ""광화문 F2""]"
7b768b2566f7,2026-10-10,FPL001503,UAM0015,a4,4,4,1.0,VP015,마곡,VP009,성수,18,G7,F1,G4,F2,18:51:19,19:10:35,19:28:39,19:33:22,19:43:22,1156.16,1084.1,283.2,2523.46,1468.72,0.0,ready,19:10:18,1100.9,22,"[""마곡 F1"", ""하야동 2"", ""개화동"", ""덕은동"", ""상암동"", ""성산대교 중간지점"", ""선유도 17고지"", ""합정동"", ""서교동"", ""동교동"", ""20통"", ""대현동"", ""아현동"", ""충정로3가"", ""남영동"", ""회현동2가"", ""후암동"", ""지점 39"", ""약수동"", ""신사동"", ""성수대교 남단"", ""성수 F2""]"
7b768b2566f7,2026-10-10,FPL001504,UAM0020,a4,4,4,1.0,VP005,목동,VP014,가산,18,G8,F1,G5,F2,18:41:19,18:46:19,18:53:58,18:58:42,19:08:42,300.0,459.8,283.2,1043.0,0,0.0,ready,18:46:02,476.6,4,"[""목동 F1"", ""신정6동"", ""구로동"", ""가산 F2""]"
7b768b2566f7,2026-10-10,FPL001505,UAM0024,a4,4,4,1.0,VP012,광화문,VP007,봉천,18,G4,F1,G3,F2,18:49:17,18:59:23,19:10:08,19:14:51,19:24:51,605.74,645.6,283.2,1534.54,601.04,0.0,ready,18:59:06,662.4,13,"[""광화문 F1"", ""남영동"", ""청파동1가"", ""한강로1가"", ""한강로2가"", ""한강로3가"", ""이촌동 2"", ""상도터널"", ""상도1동"", ""상도1동 2"", ""지점 38"", ""봉천동"", ""봉천 F2""]"
7b768b2566f7,2026-10-10,FPL001506,UAM0062,a4,4,4,1.0,VP011,천호,VP013,강남,18,G8,F1,G5,F2,19:12:05,19:26:21,19:46:46,19:53:43,20:03:43,855.52,1225.12,417.28,2497.92,2204.24,554.12,ready,19:26:04,1241.92,17,"[""천호 F1"", ""천호대교 중간지점"", ""지점 4"", ""잠실대교 중간지점"", ""자양2동"", ""지점 3"", ""잠실7동"", ""대치교"", ""지점 6"", ""지점 7"", ""지점 8"", ""지점 10"", ""양재동"", ""경부고속도로 양재천 다리"", ""지점 21"", ""서초2동 2"", ""강남 F2""]"
7b768b2566f7,2026-10-10,FPL001507,UAM0007,a4,4,4,1.0,VP004,용산,VP017,수서,18,G4,F1,G3,F2,18:44:43,18:49:43,19:02:33,19:07:31,19:17:31,300.0,770.16,297.28,1367.44,0,10.86,ready,18:49:26,786.96,17,"[""용산 F1"", ""한강로2가"", ""한강로1가"", ""청파동1가"", ""남영동"", ""회현동2가"", ""후암동"", ""지점 39"", ""약수동"", ""신사동"", ""성수대교 남단"", ""지점 2"", ""청담대교 중간지점"", ""지점 3"", ""잠실7동"", ""개포3동"", ""수서 F2""]"
7b768b2566f7,2026-10-10,FPL001508,UAM0016,a4,4,4,1.0,VP002,잠실,VP011,천호,18,G3,F1,G7,F2,18:45:05,18:59:18,19:33:21,19:44:05,19:54:05,852.72,2042.94,643.84,3539.5,538.64,1960.98,ready,18:59:01,2059.74,7,"[""잠실 F1"", ""지점 3"", ""자양2동"", ""잠실대교 중간지점"", ""지점 4"", ""천호대교 중간지점"", ""천호 F2""]"
7b768b2566f7,2026-10-10,FPL001509,UAM0032,a4,4,4,1.0,VP009,성수,VP012,광화문,18,G4,F1,G3,F2,18:45:16,18:54:22,19:01:46,19:06:30,19:16:30,546.16,444.6,283.2,1273.96,246.16,0.0,ready,18:54:05,461.4,8,"[""성수 F1"", ""성수대교 남단"", ""신사동"", ""약수동"", ""지점 39"", ""후암동"", ""회현동2가"", ""광화문 F2""]"
7b768b2566f7,2026-10-10,FPL001510,UAM0081,a4,4,4,1.0,VP015,마곡,VP002,잠실,18,G4,F1,G6,F2,18:45:55,19:15:56,19:35:41,19:40:24,19:50:24,1800.56,1185.6,283.2,3269.36,1472.4,0.0,ready,19:15:39,1202.4,25,"[""마곡 F1"", ""하야동 2"", ""개화동"", ""덕은동"", ""상암동"", ""성산대교 중간지점"", ""선유도 17고지"", ""합정동"", ""서교동"", ""동교동"", ""20통"", ""대현동"", ""아현동"", ""충정로3가"", ""남영동"", ""회현동2가"", ""후암동"", ""지점 39"", ""약수동"", ""신사동"", ""성수대교 남단"", ""지점 2"", ""청담대교 중간지점"", ""지점 3"", ""잠실 F2""]"
7b768b2566f7,2026-10-10,FPL001511,UAM0086,a4,4,4,1.0,VP018,인천,VP007,봉천,18,G5,F1,G4,F2,18:46:19,18:51:50,19:14:35,19:19:19,19:29:19,331.44,1365.4,283.2,1980.04,17.36,0.0,ready,18:51:33,1382.2,18,"[""인천 F1"", ""운북동"", ""영종동"", ""지점 26"", ""지점 27"", ""지점 28"", ""간석3동"", ""지점 37"", ""지점 29"", ""지점 30"", ""지점 31"", ""지점 17"", ""가산동"", ""지점 9"", ""신사동 3"", ""신림동 2"", ""신림동"", ""봉천 F2""]"
7b768b2566f7,2026-10-10,FPL001512,UAM0095,a4,4,4,1.0,VP012,광화문,VP002,잠실,18,G2,F1,G4,F2,18:46:39,19:04:43,19:21:02,19:26:00,19:36:00,1083.86,979.26,297.28,2360.4,769.78,429.26,ready,19:04:26,996.06,11,"[""광화문 F1"", ""회현동2가"", ""후암동"", ""지점 39"", ""약수동"", ""신사동"", ""성수대교 남단"", ""지점 2"", ""청담대교 중간지점"", ""지점 3"", ""잠실 F2""]"
7b768b2566f7,2026-10-10,FPL001513,UAM0044,a4,4,4,1.0,VP013,강남,VP016,망우,18,G8,F1,G1,F2,19:03:42,19:08:42,19:21:18,19:26:15,19:36:15,300.0,756.1,297.28,1353.38,988.08,0.0,ready,19:08:25,772.9,16,"[""강남 F1"", ""반포1동"", ""주흥교"", ""잠원동"", ""잠원동 2"", ""신사동 2"", ""신사동"", ""응봉동"", ""지점 12"", ""송정동"", ""중곡1동"", ""지점"", ""중랑천 제방길"", ""중랑철교"", ""중화동"", ""망우 F2""]"
7b768b2566f7,2026-10-10,FPL001514,UAM0040,a4,4,4,1.0,VP007,봉천,VP010,연신내,18,G3,F1,G6,F2,18:47:27,18:52:27,19:06:38,19:11:21,19:21:21,300.0,851.0,283.2,1434.2,0,0.0,ready,18:52:10,867.8,14,"[""봉천 F1"", ""신림동"", ""신림동 2"", ""영등포"", ""지점 11"", ""선유도 17고지"", ""성산대교 중간지점"", ""상암동"", ""지점 25"", ""수색교"", ""지점 24"", ""향동동"", ""지점 23"", ""연신내 F2""]"
7b768b2566f7,2026-10-10,FPL001515,UAM0045,a4,4,4,1.0,VP013,강남,VP011,천호,18,G5,F1,,F2,19:03:56,19:14:02,,,,606.56,,,,1260.56,50570.72,arrival_unresolved,19:13:46,,17,"[""강남 F1"", ""서초2동 2"", ""지점 21"", ""경부고속도로 양재천 다리"", ""양재동"", ""지점 10"", ""지점 8"", ""지점 7"", ""지점 6"", ""대치교"", ""잠실7동"", ""지점 3"", ""자양2동"", ""잠실대교 중간지점"", ""지점 4"", ""천호대교 중간지점"", ""천호 F2""]"
7b768b2566f7,2026-10-10,FPL001516,UAM0030,a4,4,4,1.0,VP002,잠실,VP016,망우,18,G4,F1,G4,F2,18:49:37,19:04:39,19:15:01,19:19:44,19:29:44,901.64,622.5,283.2,1807.34,598.64,0.0,ready,19:04:22,639.3,11,"[""잠실 F1"", ""지점 3"", ""청담대교 중간지점"", ""건대입구"", ""송정동"", ""중곡1동"", ""지점"", ""중랑천 제방길"", ""중랑철교"", ""중화동"", ""망우 F2""]"
7b768b2566f7,2026-10-10,FPL001517,UAM0091,a4,4,4,1.0,VP009,성수,VP013,강남,18,G1,F1,G5,F2,18:49:50,18:59:42,19:11:56,19:26:40,19:36:40,592.08,733.82,883.68,2209.58,278.0,850.22,ready,18:59:26,750.62,9,"[""성수 F1"", ""성수대교 남단"", ""신사동"", ""신사동 2"", ""잠원동 2"", ""잠원동"", ""주흥교"", ""반포1동"", ""강남 F2""]"
7b768b2566f7,2026-10-10,FPL001518,UAM0066,a4,4,4,1.0,VP011,천호,VP008,사당,18,G5,F1,G1,F2,19:12:19,19:31:41,19:45:54,19:50:51,20:00:51,1162.08,852.5,297.28,2311.86,2176.08,118.1,ready,19:31:25,869.3,17,"[""천호 F1"", ""천호대교 중간지점"", ""지점 4"", ""잠실대교 중간지점"", ""자양2동"", ""지점 3"", ""잠실7동"", ""대치교"", ""지점 6"", ""지점 7"", ""지점 8"", ""지점 10"", ""양재동"", ""경부고속도로 양재천 다리"", ""지점 19"", ""방배동"", ""사당 F2""]"
7b768b2566f7,2026-10-10,FPL001519,UAM0097,a4,4,4,1.0,VP015,마곡,VP013,강남,18,G1,F1,G7,F2,18:50:30,19:21:16,19:42:25,19:53:09,20:03:09,1846.48,1269.12,643.84,3759.44,1504.24,573.36,ready,19:20:59,1285.92,20,"[""마곡 F1"", ""하야동 2"", ""개화동"", ""덕은동"", ""상암동"", ""성산대교 중간지점"", ""선유도 17고지"", ""지점 5"", ""서강대교 중간지점"", ""지점 32"", ""여의동 2"", ""이촌2동"", ""이촌동 2"", ""이촌동"", ""반포동"", ""잠원동 2"", ""잠원동"", ""주흥교"", ""반포1동"", ""강남 F2""]"
7b768b2566f7,2026-10-10,FPL001520,UAM0011,a4,4,4,1.0,VP014,가산,VP011,천호,18,G5,F1,G5,F2,18:51:14,18:56:14,19:54:44,20:05:42,20:15:42,300.0,3509.9,657.92,4467.82,0,2773.54,ready,18:55:57,3526.7,24,"[""가산 F1"", ""구로동"", ""신정6동"", ""신도림동 2"", ""문래동5가"", ""신도림동"", ""영등포"", ""지점 13"", ""지점 14"", ""이촌2동"", ""이촌동 2"", ""이촌동"", ""반포동"", ""잠원동 2"", ""신사동 2"", ""신사동"", ""성수대교 남단"", ""지점 2"", ""청담대교 중간지점"", ""자양2동"", ""잠실대교 중간지점"", ""지점 4"", ""천호대교 중간지점"", ""천호 F2""]"
7b768b2566f7,2026-10-10,FPL001521,UAM0043,a4,4,4,1.0,VP005,목동,VP018,인천,18,G7,F1,G6,F2,18:51:14,18:56:14,19:17:50,19:22:48,19:32:48,300.0,1295.9,297.28,1893.18,0,41.7,ready,18:55:58,1312.7,15,"[""목동 F1"", ""신정6동"", ""구로동"", ""지점 17"", ""지점 31"", ""지점 30"", ""지점 29"", ""지점 37"", ""간석3동"", ""지점 28"", ""지점 27"", ""지점 26"", ""영종동"", ""운북동"", ""인천 F2""]"
7b768b2566f7,2026-10-10,FPL001522,UAM0013,a4,4,4,1.0,VP012,광화문,VP008,사당,18,G1,F1,G4,F2,18:51:21,19:10:04,19:21:44,19:26:27,19:36:27,1122.96,699.9,283.2,2106.06,808.88,0.0,ready,19:09:47,716.7,15,"[""광화문 F1"", ""남영동"", ""청파동1가"", ""한강로1가"", ""한강로2가"", ""한강로3가"", ""이촌동 2"", ""상도터널"", ""상도1동"", ""상도1동 2"", ""지점 38"", ""봉천동"", ""행운동"", ""인헌동"", ""사당 F2""]"
7b768b2566f7,2026-10-10,FPL001523,UAM0058,a4,4,4,1.0,VP003,상암,VP008,사당,18,G4,F1,G3,F2,18:52:19,18:57:19,19:14:31,19:19:14,19:29:14,300.0,1032.3,283.2,1615.5,0,300.0,ready,18:57:02,1049.1,13,"[""상암 F1"", ""서교동"", ""합정동"", ""선유도 17고지"", ""지점 11"", ""영등포"", ""신림동 2"", ""신림동"", ""은천동"", ""봉천동"", ""행운동"", ""인헌동"", ""사당 F2""]"
7b768b2566f7,2026-10-10,FPL001524,UAM0034,a4,4,4,1.0,VP013,강남,VP015,마곡,18,G6,F1,G7,F2,19:08:08,19:19:23,19:37:04,19:44:21,19:54:21,674.72,1061.2,436.56,2172.48,1280.56,153.36,ready,19:19:06,1078.0,20,"[""강남 F1"", ""반포1동"", ""주흥교"", ""잠원동"", ""잠원동 2"", ""반포동"", ""이촌동"", ""이촌동 2"", ""이촌2동"", ""여의동 2"", ""지점 32"", ""서강대교 중간지점"", ""지점 5"", ""선유도 17고지"", ""성산대교 중간지점"", ""상암동"", ""덕은동"", ""개화동"", ""하야동 2"", ""마곡 F2""]"
7b768b2566f7,2026-10-10,FPL001525,UAM0073,a4,4,4,1.0,VP002,잠실,VP011,천호,18,G1,F1,G3,F2,18:54:01,19:09:59,20:53:31,21:04:43,21:14:43,958.64,6211.26,672.0,7841.9,630.48,6129.3,ready,19:09:43,6228.06,7,"[""잠실 F1"", ""지점 3"", ""자양2동"", ""잠실대교 중간지점"", ""지점 4"", ""천호대교 중간지점"", ""천호 F2""]"
7b768b2566f7,2026-10-10,FPL001526,UAM0039,a4,4,4,1.0,VP009,성수,VP010,연신내,18,G2,F1,G5,F2,18:54:11,19:05:03,19:22:52,19:27:35,19:37:35,652.08,1069.1,283.2,2004.38,338.0,0.0,ready,19:04:46,1085.9,24,"[""성수 F1"", ""성수대교 남단"", ""신사동"", ""약수동"", ""지점 39"", ""후암동"", ""회현동2가"", ""남영동"", ""충정로3가"", ""아현동"", ""대현동"", ""20통"", ""동교동"", ""서교동"", ""합정동"", ""선유도 17고지"", ""성산대교 중간지점"", ""상암동"", ""지점 25"", ""수색교"", ""지점 24"", ""향동동"", ""지점 23"", ""연신내 F2""]"
7b768b2566f7,2026-10-10,FPL001527,UAM0041,a4,4,4,1.0,VP015,마곡,VP003,상암,18,G2,F1,G4,F2,18:54:50,19:26:37,19:38:20,19:43:04,19:53:04,1906.48,703.6,283.2,2893.28,1564.24,123.7,ready,19:26:20,720.4,6,"[""마곡 F1"", ""하야동 2"", ""개화동"", ""덕은동"", ""상암동"", ""상암 F2""]"
7b768b2566f7,2026-10-10,FPL001528,UAM0060,a4,4,4,1.0,VP001,여의도,VP002,잠실,18,G3,F1,G3,F2,18:55:30,19:00:30,19:16:42,19:21:39,19:31:39,300.0,971.68,297.28,1568.96,0,219.28,ready,19:00:13,988.48,15,"[""여의도 F1"", ""지점 32"", ""여의동 2"", ""이촌2동"", ""이촌동 2"", ""이촌동"", ""반포동"", ""잠원동 2"", ""신사동 2"", ""신사동"", ""성수대교 남단"", ""지점 2"", ""청담대교 중간지점"", ""지점 3"", ""잠실 F2""]"
7b768b2566f7,2026-10-10,FPL001529,UAM0050,a4,4,4,1.0,VP011,천호,VP007,봉천,18,G6,F1,G1,F2,19:23:01,19:37:02,19:51:14,19:56:11,20:06:11,841.44,851.6,297.28,1990.32,2176.08,0.0,ready,19:36:45,868.4,22,"[""천호 F1"", ""천호대교 중간지점"", ""지점 4"", ""잠실대교 중간지점"", ""자양2동"", ""지점 3"", ""잠실7동"", ""대치교"", ""지점 6"", ""지점 7"", ""지점 8"", ""지점 10"", ""양재동"", ""경부고속도로 양재천 다리"", ""지점 19"", ""방배동"", ""방배2동"", ""남현동"", ""인헌동"", ""행운동"", ""봉천동"", ""봉천 F2""]"
7b768b2566f7,2026-10-10,FPL001530,UAM0051,a4,4,4,1.0,VP006,미아,VP011,천호,18,G3,F1,,F2,18:59:47,19:04:47,,,,300.0,,,,229.32,51204.76,arrival_unresolved,19:04:30,,15,"[""미아 F1"", ""월계동"", ""월계3동"", ""공릉1동 2"", ""월릉교"", ""중화동"", ""중랑철교"", ""중랑천 제방길"", ""지점"", ""중곡1동"", ""능동"", ""구의동"", ""아차산 고가차도"", ""천호대교 중간지점"", ""천호 F2""]"
7b768b2566f7,2026-10-10,FPL001531,UAM0035,a4,4,4,1.0,VP013,강남,VP012,광화문,18,G7,F1,G2,F2,19:08:42,19:24:44,19:37:28,19:42:25,19:52:25,961.28,764.28,297.28,2022.84,1308.72,226.48,ready,19:24:27,781.08,12,"[""강남 F1"", ""반포1동"", ""주흥교"", ""잠원동"", ""잠원동 2"", ""신사동 2"", ""신사동"", ""약수동"", ""지점 39"", ""후암동"", ""회현동2가"", ""광화문 F2""]"
7b768b2566f7,2026-10-10,FPL001532,UAM0067,a4,4,4,1.0,VP014,가산,VP005,목동,18,G6,F1,G8,F2,18:58:46,19:03:46,19:11:49,19:16:32,19:26:32,300.0,483.28,283.2,1066.48,0,18.98,ready,19:03:29,500.08,4,"[""가산 F1"", ""구로동"", ""신정6동"", ""목동 F2""]"
7b768b2566f7,2026-10-10,FPL001533,UAM0055,a4,4,4,1.0,VP016,망우,VP002,잠실,18,G3,F1,G5,F2,19:04:39,19:09:39,19:25:23,19:30:06,19:40:06,300.0,944.58,283.2,1527.78,340.08,366.18,ready,19:09:22,961.38,10,"[""망우 F1"", ""중랑철교"", ""중랑천 제방길"", ""지점"", ""중곡1동"", ""송정동"", ""건대입구"", ""청담대교 중간지점"", ""지점 3"", ""잠실 F2""]"
7b768b2566f7,2026-10-10,FPL001534,UAM0065,a4,4,4,1.0,VP012,광화문,VP013,강남,18,G3,F1,G6,F2,19:01:13,19:15:24,19:27:11,19:43:02,19:53:02,851.24,706.78,950.64,2508.66,671.9,819.54,ready,19:15:08,723.58,12,"[""광화문 F1"", ""회현동2가"", ""후암동"", ""지점 39"", ""약수동"", ""신사동"", ""신사동 2"", ""잠원동 2"", ""잠원동"", ""주흥교"", ""반포1동"", ""강남 F2""]"
7b768b2566f7,2026-10-10,FPL001535,UAM0079,a4,4,4,1.0,VP002,잠실,VP012,광화문,18,G5,F1,G3,F2,19:01:04,19:15:20,19:24:26,19:29:09,19:39:09,855.52,546.1,283.2,1684.82,653.08,0.0,ready,19:15:03,562.9,11,"[""잠실 F1"", ""지점 3"", ""청담대교 중간지점"", ""지점 2"", ""성수대교 남단"", ""신사동"", ""약수동"", ""지점 39"", ""후암동"", ""회현동2가"", ""광화문 F2""]"
7b768b2566f7,2026-10-10,FPL001536,UAM0006,a4,4,4,1.0,VP001,여의도,VP017,수서,18,G4,F1,G3,F2,19:05:59,19:10:59,19:24:53,19:29:50,19:39:50,300.0,833.7,297.28,1430.98,368.5,0.0,ready,19:10:42,850.5,17,"[""여의도 F1"", ""지점 32"", ""여의동 2"", ""이촌2동"", ""이촌동 2"", ""이촌동"", ""반포동"", ""잠원동 2"", ""신사동 2"", ""신사동"", ""성수대교 남단"", ""지점 2"", ""청담대교 중간지점"", ""지점 3"", ""잠실7동"", ""개포3동"", ""수서 F2""]"
7b768b2566f7,2026-10-10,FPL001537,UAM0093,a4,4,4,1.0,VP015,마곡,VP017,수서,19,G8,F1,G5,F2,19:13:38,19:31:57,19:53:04,19:57:48,20:07:48,1099.84,1267.0,283.2,2650.04,1562.96,0.0,ready,19:31:41,1283.8,27,"[""마곡 F1"", ""하야동 2"", ""개화동"", ""덕은동"", ""상암동"", ""성산대교 중간지점"", ""선유도 17고지"", ""합정동"", ""서교동"", ""동교동"", ""20통"", ""대현동"", ""아현동"", ""충정로3가"", ""남영동"", ""회현동2가"", ""후암동"", ""지점 39"", ""약수동"", ""신사동"", ""성수대교 남단"", ""지점 2"", ""청담대교 중간지점"", ""지점 3"", ""잠실7동"", ""개포3동"", ""수서 F2""]"
7b768b2566f7,2026-10-10,FPL001538,UAM0038,a4,4,4,1.0,VP011,천호,VP003,상암,19,G4,F1,G3,F2,19:12:33,19:42:23,19:57:25,20:02:09,20:12:09,1789.28,902.6,283.2,2975.08,2147.92,0.0,ready,19:42:06,919.4,22,"[""천호 F1"", ""천호대교 중간지점"", ""지점 4"", ""잠실대교 중간지점"", ""자양2동"", ""청담대교 중간지점"", ""지점 2"", ""성수대교 남단"", ""신사동"", ""약수동"", ""지점 39"", ""후암동"", ""회현동2가"", ""남영동"", ""충정로3가"", ""아현동"", ""대현동"", ""20통"", ""동교동"", ""서교동"", ""합정동"", ""상암 F2""]"
7b768b2566f7,2026-10-10,FPL001539,UAM0047,a4,4,4,1.0,VP006,미아,VP014,가산,19,G4,F1,G3,F2,19:08:28,19:13:28,19:40:16,19:45:13,19:55:13,300.0,1608.02,297.28,2205.3,359.14,294.32,ready,19:13:11,1624.82,29,"[""미아 F1"", ""월계동"", ""월계3동"", ""공릉1동 2"", ""월릉교"", ""중화동"", ""중랑철교"", ""중랑천 제방길"", ""지점"", ""중곡1동"", ""송정동"", ""지점 12"", ""응봉동"", ""신사동"", ""신사동 2"", ""잠원동 2"", ""반포동"", ""이촌동"", ""이촌동 2"", ""이촌2동"", ""지점 14"", ""지점 13"", ""영등포"", ""신도림동"", ""문래동5가"", ""신도림동 2"", ""신정6동"", ""구로동"", ""가산 F2""]"
7b768b2566f7,2026-10-10,FPL001540,UAM0027,a4,4,4,1.0,VP007,봉천,VP018,인천,19,G3,F1,G7,F2,19:02:44,19:07:44,19:30:21,19:35:04,19:45:04,300.0,1356.9,283.2,1940.1,0,0.0,ready,19:07:27,1373.7,18,"[""봉천 F1"", ""신림동"", ""신림동 2"", ""신사동 3"", ""지점 9"", ""가산동"", ""지점 17"", ""지점 31"", ""지점 30"", ""지점 29"", ""지점 37"", ""간석3동"", ""지점 28"", ""지점 27"", ""지점 26"", ""영종동"", ""운북동"", ""인천 F2""]"
7b768b2566f7,2026-10-10,FPL001541,UAM0017,a4,4,4,1.0,VP013,강남,VP012,광화문,19,G3,F1,G3,F2,19:04:10,19:30:04,19:44:02,19:48:45,19:58:45,1554.4,837.8,283.2,2675.4,1252.4,300.0,ready,19:29:48,854.6,12,"[""강남 F1"", ""반포1동"", ""주흥교"", ""잠원동"", ""잠원동 2"", ""신사동 2"", ""신사동"", ""약수동"", ""지점 39"", ""후암동"", ""회현동2가"", ""광화문 F2""]"
7b768b2566f7,2026-10-10,FPL001542,UAM0053,a4,4,4,1.0,VP013,강남,VP011,천호,19,G4,F1,G2,F2,19:08:34,19:35:25,21:09:33,21:20:59,21:30:59,1610.72,5647.52,686.08,7944.32,1472.4,5204.56,ready,19:35:08,5664.32,17,"[""강남 F1"", ""서초2동 2"", ""지점 21"", ""경부고속도로 양재천 다리"", ""양재동"", ""지점 10"", ""지점 8"", ""지점 7"", ""지점 6"", ""대치교"", ""잠실7동"", ""지점 3"", ""자양2동"", ""잠실대교 중간지점"", ""지점 4"", ""천호대교 중간지점"", ""천호 F2""]"
7b768b2566f7,2026-10-10,FPL001543,UAM0077,a4,4,4,1.0,VP004,용산,VP011,천호,19,G3,F1,G8,F2,19:05:25,19:10:25,19:49:23,20:00:07,20:10:07,300.0,2337.84,643.84,3281.68,0,1905.48,ready,19:10:08,2354.64,18,"[""용산 F1"", ""한강로2가"", ""한강로1가"", ""청파동1가"", ""남영동"", ""회현동2가"", ""후암동"", ""지점 39"", ""약수동"", ""신사동"", ""성수대교 남단"", ""지점 2"", ""청담대교 중간지점"", ""자양2동"", ""잠실대교 중간지점"", ""지점 4"", ""천호대교 중간지점"", ""천호 F2""]"
7b768b2566f7,2026-10-10,FPL001544,UAM0064,a4,4,4,1.0,VP002,잠실,VP003,상암,19,G6,F1,G3,F2,19:06:25,19:20:41,19:34:00,19:38:43,19:48:43,855.52,799.1,283.2,1937.82,601.04,0.0,ready,19:20:24,815.9,19,"[""잠실 F1"", ""지점 3"", ""청담대교 중간지점"", ""지점 2"", ""성수대교 남단"", ""신사동"", ""약수동"", ""지점 39"", ""후암동"", ""회현동2가"", ""남영동"", ""충정로3가"", ""아현동"", ""대현동"", ""20통"", ""동교동"", ""서교동"", ""합정동"", ""상암 F2""]"
7b768b2566f7,2026-10-10,FPL001545,UAM0023,a4,4,4,1.0,VP011,천호,VP008,사당,19,G3,F1,G3,F2,19:33:56,19:47:43,19:59:58,20:04:41,20:14:41,827.36,734.4,283.2,1844.96,2147.92,0.0,ready,19:47:27,751.2,17,"[""천호 F1"", ""천호대교 중간지점"", ""지점 4"", ""잠실대교 중간지점"", ""자양2동"", ""지점 3"", ""잠실7동"", ""대치교"", ""지점 6"", ""지점 7"", ""지점 8"", ""지점 10"", ""양재동"", ""경부고속도로 양재천 다리"", ""지점 19"", ""방배동"", ""사당 F2""]"
7b768b2566f7,2026-10-10,FPL001546,UAM0082,a4,4,4,1.0,VP017,수서,VP009,성수,19,G5,F1,G3,F2,19:08:35,19:13:35,19:21:09,19:25:53,19:35:53,300.0,454.2,283.2,1037.4,0,0.0,ready,19:13:18,471.0,7,"[""수서 F1"", ""개포3동"", ""잠실7동"", ""지점 3"", ""청담대교 중간지점"", ""지점 2"", ""성수 F2""]"
7b768b2566f7,2026-10-10,FPL001547,UAM0020,a4,4,4,1.0,VP014,가산,VP012,광화문,19,G5,F1,G4,F2,19:08:42,19:13:42,19:28:47,19:33:30,19:43:30,300.0,905.1,283.2,1488.3,0,101.0,ready,19:13:25,921.9,16,"[""가산 F1"", ""구로동"", ""신정6동"", ""신도림동 2"", ""문래동5가"", ""신도림동"", ""영등포"", ""지점 13"", ""지점 14"", ""이촌2동"", ""한강로3가"", ""한강로2가"", ""한강로1가"", ""청파동1가"", ""남영동"", ""광화문 F2""]"
7b768b2566f7,2026-10-10,FPL001548,UAM0009,a4,4,4,1.0,VP006,미아,VP010,연신내,19,G1,F1,G5,F2,19:09:57,19:18:49,19:44:04,19:48:47,19:58:47,532.08,1515.4,283.2,2330.68,218.0,0.0,ready,19:18:32,1532.2,35,"[""미아 F1"", ""월계동"", ""월계3동"", ""공릉1동 2"", ""월릉교"", ""중화동"", ""중랑철교"", ""중랑천 제방길"", ""지점"", ""중곡1동"", ""송정동"", ""지점 12"", ""응봉동"", ""신사동"", ""약수동"", ""지점 39"", ""후암동"", ""회현동2가"", ""남영동"", ""충정로3가"", ""아현동"", ""대현동"", ""20통"", ""동교동"", ""서교동"", ""합정동"", ""선유도 17고지"", ""성산대교 중간지점"", ""상암동"", ""지점 25"", ""수색교"", ""지점 24"", ""향동동"", ""지점 23"", ""연신내 F2""]"
7b768b2566f7,2026-10-10,FPL001549,UAM0010,a4,4,4,1.0,VP013,강남,VP016,망우,19,G1,F1,G3,F2,19:09:59,19:40:46,19:53:22,19:58:05,20:08:05,1846.48,756.1,283.2,2885.78,1504.24,0.0,ready,19:40:29,772.9,16,"[""강남 F1"", ""반포1동"", ""주흥교"", ""잠원동"", ""잠원동 2"", ""신사동 2"", ""신사동"", ""응봉동"", ""지점 12"", ""송정동"", ""중곡1동"", ""지점"", ""중랑천 제방길"", ""중랑철교"", ""중화동"", ""망우 F2""]"
7b768b2566f7,2026-10-10,FPL001550,UAM0018,a4,4,4,1.0,VP016,망우,VP012,광화문,19,G4,F1,G1,F2,19:14:09,19:19:09,19:33:07,19:38:05,19:48:05,300.0,838.26,297.28,1435.54,235.48,132.16,ready,19:18:52,855.06,14,"[""망우 F1"", ""중랑철교"", ""중랑천 제방길"", ""지점"", ""중곡1동"", ""송정동"", ""지점 12"", ""응봉동"", ""신사동"", ""약수동"", ""지점 39"", ""후암동"", ""회현동2가"", ""광화문 F2""]"
7b768b2566f7,2026-10-10,FPL001551,UAM0072,a4,4,4,1.0,VP008,사당,VP011,천호,19,G3,F1,G3,F2,19:13:20,19:18:20,20:10:46,20:21:58,20:31:58,300.0,3145.5,672.0,4117.5,186.16,2761.94,ready,19:18:03,3162.3,17,"[""사당 F1"", ""방배동"", ""지점 19"", ""경부고속도로 양재천 다리"", ""양재동"", ""지점 10"", ""지점 8"", ""지점 7"", ""지점 6"", ""대치교"", ""잠실7동"", ""지점 3"", ""자양2동"", ""잠실대교 중간지점"", ""지점 4"", ""천호대교 중간지점"", ""천호 F2""]"
7b768b2566f7,2026-10-10,FPL001552,UAM0080,a4,4,4,1.0,VP012,광화문,VP008,사당,19,G4,F1,G3,F2,19:13:01,19:20:45,19:32:25,19:37:08,19:47:08,464.54,699.9,283.2,1447.64,276.12,0.0,ready,19:20:28,716.7,15,"[""광화문 F1"", ""남영동"", ""청파동1가"", ""한강로1가"", ""한강로2가"", ""한강로3가"", ""이촌동 2"", ""상도터널"", ""상도1동"", ""상도1동 2"", ""지점 38"", ""봉천동"", ""행운동"", ""인헌동"", ""사당 F2""]"
7b768b2566f7,2026-10-10,FPL001553,UAM0019,a4,4,4,1.0,VP002,잠실,VP010,연신내,19,G3,F1,G6,F2,19:11:14,19:26:01,19:48:25,19:53:08,20:03:08,886.96,1343.5,283.2,2513.66,572.88,172.9,ready,19:25:44,1360.3,27,"[""잠실 F1"", ""지점 3"", ""청담대교 중간지점"", ""지점 2"", ""성수대교 남단"", ""신사동"", ""약수동"", ""지점 39"", ""후암동"", ""회현동2가"", ""남영동"", ""충정로3가"", ""아현동"", ""대현동"", ""20통"", ""동교동"", ""서교동"", ""합정동"", ""선유도 17고지"", ""성산대교 중간지점"", ""상암동"", ""지점 25"", ""수색교"", ""지점 24"", ""향동동"", ""지점 23"", ""연신내 F2""]"
7b768b2566f7,2026-10-10,FPL001554,UAM0099,a4,4,4,1.0,VP011,천호,VP014,가산,19,G7,F1,G4,F2,19:38:48,19:53:04,20:16:03,20:21:00,20:31:00,855.52,1378.64,297.28,2531.44,2204.24,284.74,ready,19:52:47,1395.44,24,"[""천호 F1"", ""천호대교 중간지점"", ""지점 4"", ""잠실대교 중간지점"", ""자양2동"", ""청담대교 중간지점"", ""지점 2"", ""성수대교 남단"", ""신사동"", ""신사동 2"", ""잠원동 2"", ""반포동"", ""이촌동"", ""이촌동 2"", ""이촌2동"", ""지점 14"", ""지점 13"", ""영등포"", ""신도림동"", ""문래동5가"", ""신도림동 2"", ""신정6동"", ""구로동"", ""가산 F2""]"
7b768b2566f7,2026-10-10,FPL001555,UAM0069,a4,4,4,1.0,VP001,여의도,VP011,천호,19,G3,F1,G7,F2,19:11:34,19:16:34,20:16:06,20:26:50,20:36:50,300.0,3571.74,643.84,4515.58,0,3064.98,ready,19:16:18,3588.54,18,"[""여의도 F1"", ""지점 32"", ""여의동 2"", ""이촌2동"", ""이촌동 2"", ""이촌동"", ""반포동"", ""잠원동 2"", ""신사동 2"", ""신사동"", ""성수대교 남단"", ""지점 2"", ""청담대교 중간지점"", ""자양2동"", ""잠실대교 중간지점"", ""지점 4"", ""천호대교 중간지점"", ""천호 F2""]"
7b768b2566f7,2026-10-10,FPL001556,UAM0085,a4,4,4,1.0,VP015,마곡,VP002,잠실,19,G7,F1,G6,F2,19:17:16,19:37:18,19:57:04,20:01:47,20:11:47,1201.92,1185.6,283.2,2670.72,1242.32,0.0,ready,19:37:01,1202.4,25,"[""마곡 F1"", ""하야동 2"", ""개화동"", ""덕은동"", ""상암동"", ""성산대교 중간지점"", ""선유도 17고지"", ""합정동"", ""서교동"", ""동교동"", ""20통"", ""대현동"", ""아현동"", ""충정로3가"", ""남영동"", ""회현동2가"", ""후암동"", ""지점 39"", ""약수동"", ""신사동"", ""성수대교 남단"", ""지점 2"", ""청담대교 중간지점"", ""지점 3"", ""잠실 F2""]"
7b768b2566f7,2026-10-10,FPL001557,UAM0071,a4,4,4,1.0,VP017,수서,VP002,잠실,19,G6,F1,G1,F2,19:16:02,19:21:02,19:29:44,19:34:55,19:44:55,300.0,521.62,311.36,1132.98,186.34,199.32,ready,19:20:45,538.42,4,"[""수서 F1"", ""개포3동"", ""잠실7동"", ""잠실 F2""]"
7b768b2566f7,2026-10-10,FPL001558,UAM0037,a4,4,4,1.0,VP006,미아,VP008,사당,19,G3,F1,G4,F2,19:17:09,19:24:09,19:41:33,19:46:16,19:56:16,420.0,1043.9,283.2,1747.1,306.16,0.0,ready,19:23:53,1060.7,25,"[""미아 F1"", ""월계동"", ""월계3동"", ""공릉1동 2"", ""월릉교"", ""중화동"", ""중랑철교"", ""중랑천 제방길"", ""지점"", ""중곡1동"", ""송정동"", ""건대입구"", ""청담대교 중간지점"", ""지점 3"", ""잠실7동"", ""대치교"", ""지점 6"", ""지점 7"", ""지점 8"", ""지점 10"", ""양재동"", ""경부고속도로 양재천 다리"", ""지점 19"", ""방배동"", ""사당 F2""]"
7b768b2566f7,2026-10-10,FPL001559,UAM0090,a4,4,4,1.0,VP013,강남,VP015,마곡,19,G2,F1,G7,F2,19:16:07,19:46:06,20:03:48,20:08:31,20:18:31,1799.68,1061.2,283.2,3144.08,1564.24,0.0,ready,19:45:50,1078.0,20,"[""강남 F1"", ""반포1동"", ""주흥교"", ""잠원동"", ""잠원동 2"", ""반포동"", ""이촌동"", ""이촌동 2"", ""이촌2동"", ""여의동 2"", ""지점 32"", ""서강대교 중간지점"", ""지점 5"", ""선유도 17고지"", ""성산대교 중간지점"", ""상암동"", ""덕은동"", ""개화동"", ""하야동 2"", ""마곡 F2""]"
7b768b2566f7,2026-10-10,FPL001560,UAM0052,a4,4,4,1.0,VP008,사당,VP011,천호,19,G4,F1,G1,F2,19:19:19,19:24:19,21:46:57,21:58:23,22:08:23,300.0,8558.38,686.08,9544.46,284.16,8174.82,ready,19:24:02,8575.18,17,"[""사당 F1"", ""방배동"", ""지점 19"", ""경부고속도로 양재천 다리"", ""양재동"", ""지점 10"", ""지점 8"", ""지점 7"", ""지점 6"", ""대치교"", ""잠실7동"", ""지점 3"", ""자양2동"", ""잠실대교 중간지점"", ""지점 4"", ""천호대교 중간지점"", ""천호 F2""]"
7b768b2566f7,2026-10-10,FPL001561,UAM0025,a4,4,4,1.0,VP016,망우,VP009,성수,19,G1,F1,G4,F2,19:14:48,19:24:49,19:46:02,19:50:45,20:00:45,600.3,1272.86,283.2,2156.36,286.22,669.86,ready,19:24:32,1289.66,10,"[""망우 F1"", ""중랑철교"", ""중랑천 제방길"", ""지점"", ""중곡1동"", ""송정동"", ""건대입구"", ""청담대교 중간지점"", ""지점 2"", ""성수 F2""]"
7b768b2566f7,2026-10-10,FPL001562,UAM0049,a4,4,4,1.0,VP010,연신내,VP011,천호,19,G5,F1,G2,F2,19:15:07,19:20:07,20:26:47,20:38:14,20:48:14,300.0,4000.56,686.08,4986.64,0,3077.9,ready,19:19:50,4017.36,30,"[""연신내 F1"", ""지점 23"", ""향동동"", ""지점 24"", ""수색교"", ""지점 25"", ""상암동"", ""성산대교 중간지점"", ""선유도 17고지"", ""합정동"", ""서교동"", ""동교동"", ""20통"", ""대현동"", ""아현동"", ""충정로3가"", ""남영동"", ""회현동2가"", ""후암동"", ""지점 39"", ""약수동"", ""신사동"", ""성수대교 남단"", ""지점 2"", ""청담대교 중간지점"", ""자양2동"", ""잠실대교 중간지점"", ""지점 4"", ""천호대교 중간지점"", ""천호 F2""]"
7b768b2566f7,2026-10-10,FPL001563,UAM0028,a4,4,4,1.0,VP009,성수,VP011,천호,19,G3,F1,,F2,19:18:47,19:23:47,,,,300.0,,,,186.16,50299.9,arrival_unresolved,19:23:30,,8,"[""성수 F1"", ""지점 2"", ""청담대교 중간지점"", ""자양2동"", ""잠실대교 중간지점"", ""지점 4"", ""천호대교 중간지점"", ""천호 F2""]"
7b768b2566f7,2026-10-10,FPL001564,UAM0029,a4,4,4,1.0,VP001,여의도,VP014,가산,19,G1,F1,G5,F2,19:16:09,19:21:55,19:31:35,19:36:18,19:46:18,345.92,579.8,283.2,1208.92,31.84,0.0,ready,19:21:38,596.6,8,"[""여의도 F1"", ""영등포"", ""신도림동"", ""문래동5가"", ""신도림동 2"", ""신정6동"", ""구로동"", ""가산 F2""]"
7b768b2566f7,2026-10-10,FPL001565,UAM0001,a4,4,4,1.0,VP002,잠실,VP006,미아,19,G5,F1,G3,F2,19:25:50,19:31:22,19:44:04,19:48:47,19:58:47,332.02,762.1,283.2,1377.32,601.04,0.0,ready,19:31:05,778.9,15,"[""잠실 F1"", ""지점 3"", ""청담대교 중간지점"", ""건대입구"", ""송정동"", ""중곡1동"", ""지점"", ""중랑천 제방길"", ""중랑철교"", ""중화동"", ""월릉교"", ""공릉1동 2"", ""월계3동"", ""월계동"", ""미아 F2""]"
7b768b2566f7,2026-10-10,FPL001566,UAM0032,a4,4,4,1.0,VP012,광화문,VP009,성수,19,G3,F1,G2,F2,19:16:30,19:26:06,19:37:20,19:42:18,19:52:18,576.12,674.48,297.28,1547.88,276.12,226.08,ready,19:25:49,691.28,8,"[""광화문 F1"", ""회현동2가"", ""후암동"", ""지점 39"", ""약수동"", ""신사동"", ""성수대교 남단"", ""성수 F2""]"
7b768b2566f7,2026-10-10,FPL001567,UAM0054,a4,4,4,1.0,VP015,마곡,VP014,가산,19,G5,F1,G6,F2,19:17:10,19:42:39,19:58:35,20:03:19,20:13:19,1528.24,956.74,283.2,2768.18,1214.16,135.04,ready,19:42:22,973.54,12,"[""마곡 F1"", ""하야동 2"", ""개화동"", ""덕은동"", ""상암동"", ""지점 18"", ""양평동"", ""목1동"", ""신도림동 2"", ""신정6동"", ""구로동"", ""가산 F2""]"
7b768b2566f7,2026-10-10,FPL001568,UAM0012,a4,4,4,1.0,VP011,천호,VP009,성수,19,G1,F1,G4,F2,19:17:23,19:58:25,20:06:23,20:11:06,20:21:06,2462.0,478.2,283.2,3223.4,2119.76,0.0,ready,19:58:08,495.0,8,"[""천호 F1"", ""천호대교 중간지점"", ""지점 4"", ""잠실대교 중간지점"", ""자양2동"", ""청담대교 중간지점"", ""지점 2"", ""성수 F2""]"
7b768b2566f7,2026-10-10,FPL001569,UAM0008,a4,4,4,1.0,VP018,인천,VP011,천호,19,G7,F1,G8,F2,19:22:38,19:27:38,20:32:08,20:42:52,20:52:52,300.0,3870.32,643.84,4814.16,308.98,2255.06,ready,19:27:21,3887.12,36,"[""인천 F1"", ""운북동"", ""영종동"", ""영종대교"", ""지점 22"", ""시천동 아라로"", ""목상동"", ""선주지동"", ""하야동"", ""하야동 2"", ""개화동"", ""덕은동"", ""상암동"", ""성산대교 중간지점"", ""선유도 17고지"", ""합정동"", ""서교동"", ""동교동"", ""20통"", ""대현동"", ""아현동"", ""충정로3가"", ""남영동"", ""회현동2가"", ""후암동"", ""지점 39"", ""약수동"", ""신사동"", ""성수대교 남단"", ""지점 2"", ""청담대교 중간지점"", ""자양2동"", ""잠실대교 중간지점"", ""지점 4"", ""천호대교 중간지점"", ""천호 F2""]"
7b768b2566f7,2026-10-10,FPL001570,UAM0084,a4,4,4,1.0,VP015,마곡,VP013,강남,19,G6,F1,G5,F2,19:22:43,19:47:59,20:10:29,20:15:26,20:25:26,1516.64,1349.76,297.28,3163.68,1514.8,293.36,ready,19:47:43,1366.56,20,"[""마곡 F1"", ""하야동 2"", ""개화동"", ""덕은동"", ""상암동"", ""성산대교 중간지점"", ""선유도 17고지"", ""지점 5"", ""서강대교 중간지점"", ""지점 32"", ""여의동 2"", ""이촌2동"", ""이촌동 2"", ""이촌동"", ""반포동"", ""잠원동 2"", ""잠원동"", ""주흥교"", ""반포1동"", ""강남 F2""]"
7b768b2566f7,2026-10-10,FPL001571,UAM0007,a4,4,4,1.0,VP017,수서,VP011,천호,19,G3,F1,G4,F2,19:17:31,19:26:23,20:05:25,20:16:37,20:26:37,532.26,2342.1,672.0,3546.36,218.18,2169.84,ready,19:26:06,2358.9,9,"[""수서 F1"", ""개포3동"", ""잠실7동"", ""지점 3"", ""자양2동"", ""잠실대교 중간지점"", ""지점 4"", ""천호대교 중간지점"", ""천호 F2""]"
7b768b2566f7,2026-10-10,FPL001572,UAM0083,a4,4,4,1.0,VP013,강남,VP009,성수,19,G8,F1,G3,F2,19:31:25,19:51:27,20:00:56,20:05:39,20:15:39,1201.92,568.96,283.2,2054.08,1708.72,110.86,ready,19:51:10,585.76,9,"[""강남 F1"", ""반포1동"", ""주흥교"", ""잠원동"", ""잠원동 2"", ""신사동 2"", ""신사동"", ""성수대교 남단"", ""성수 F2""]"
7b768b2566f7,2026-10-10,FPL001573,UAM0042,a4,4,4,1.0,VP006,미아,VP002,잠실,19,G2,F1,G5,F2,19:18:38,19:29:30,19:42:13,19:46:57,19:56:57,652.08,763.3,283.2,1698.58,338.0,0.0,ready,19:29:13,780.1,15,"[""미아 F1"", ""월계동"", ""월계3동"", ""공릉1동 2"", ""월릉교"", ""중화동"", ""중랑철교"", ""중랑천 제방길"", ""지점"", ""중곡1동"", ""송정동"", ""건대입구"", ""청담대교 중간지점"", ""지점 3"", ""잠실 F2""]"
7b768b2566f7,2026-10-10,FPL001574,UAM0003,a4,4,4,1.0,VP008,사당,VP001,여의도,19,G1,F1,G3,F2,19:19:09,19:29:39,19:39:24,19:44:07,19:54:07,630.08,584.3,283.2,1497.58,316.0,0.0,ready,19:29:22,601.1,9,"[""사당 F1"", ""인헌동"", ""행운동"", ""봉천동"", ""은천동"", ""신림동"", ""신림동 2"", ""영등포"", ""여의도 F2""]"
7b768b2566f7,2026-10-10,FPL001575,UAM0094,a4,4,4,1.0,VP009,성수,VP017,수서,19,G4,F1,G5,F2,19:20:01,19:29:07,19:36:44,19:41:27,19:51:27,546.16,456.6,283.2,1285.96,246.16,0.0,ready,19:28:50,473.4,7,"[""성수 F1"", ""지점 2"", ""청담대교 중간지점"", ""지점 3"", ""잠실7동"", ""개포3동"", ""수서 F2""]"
7b768b2566f7,2026-10-10,FPL001576,UAM0040,a4,4,4,1.0,VP010,연신내,VP007,봉천,19,G6,F1,G3,F2,19:21:21,19:26:21,19:40:43,19:45:26,19:55:26,300.0,862.2,283.2,1445.4,0,0.0,ready,19:26:04,879.0,14,"[""연신내 F1"", ""지점 23"", ""향동동"", ""지점 24"", ""수색교"", ""지점 25"", ""상암동"", ""성산대교 중간지점"", ""선유도 17고지"", ""지점 11"", ""영등포"", ""신림동 2"", ""신림동"", ""봉천 F2""]"
7b768b2566f7,2026-10-10,FPL001577,UAM0070,a4,4,4,1.0,VP005,목동,VP014,가산,19,G7,F1,G6,F2,19:22:12,19:27:12,19:35:55,19:40:39,19:50:39,300.0,523.76,283.2,1106.96,0,63.96,ready,19:26:55,540.56,4,"[""목동 F1"", ""신정6동"", ""구로동"", ""가산 F2""]"
7b768b2566f7,2026-10-10,FPL001578,UAM0098,a4,4,4,1.0,VP011,천호,VP013,강남,19,G2,F1,G4,F2,19:50:12,20:03:45,20:23:31,20:28:42,20:38:42,813.28,1185.76,311.36,2310.4,2119.76,394.76,ready,20:03:28,1202.56,17,"[""천호 F1"", ""천호대교 중간지점"", ""지점 4"", ""잠실대교 중간지점"", ""자양2동"", ""지점 3"", ""잠실7동"", ""대치교"", ""지점 6"", ""지점 7"", ""지점 8"", ""지점 10"", ""양재동"", ""경부고속도로 양재천 다리"", ""지점 21"", ""서초2동 2"", ""강남 F2""]"
7b768b2566f7,2026-10-10,FPL001579,UAM0046,a4,4,4,1.0,VP006,미아,VP009,성수,19,G4,F1,G2,F2,19:22:45,19:34:51,19:56:35,20:01:33,20:11:33,726.16,1304.6,297.28,2328.04,426.16,516.7,ready,19:34:34,1321.4,15,"[""미아 F1"", ""월계동"", ""월계3동"", ""공릉1동 2"", ""월릉교"", ""중화동"", ""중랑철교"", ""중랑천 제방길"", ""지점"", ""중곡1동"", ""송정동"", ""건대입구"", ""청담대교 중간지점"", ""지점 2"", ""성수 F2""]"
7b768b2566f7,2026-10-10,FPL001580,UAM0026,a4,4,4,1.0,VP015,마곡,VP003,상암,19,G3,F1,G4,F2,19:22:45,19:53:20,20:03:00,20:07:43,20:17:43,1834.8,579.9,283.2,2697.9,1506.64,0.0,ready,19:53:03,596.7,6,"[""마곡 F1"", ""하야동 2"", ""개화동"", ""덕은동"", ""상암동"", ""상암 F2""]"
7b768b2566f7,2026-10-10,FPL001581,UAM0056,a4,4,4,1.0,VP012,광화문,VP009,성수,19,G1,F1,G3,F2,19:23:10,19:31:26,19:41:41,19:46:24,19:56:24,495.98,614.48,283.2,1393.66,181.9,166.08,ready,19:31:10,631.28,8,"[""광화문 F1"", ""회현동2가"", ""후암동"", ""지점 39"", ""약수동"", ""신사동"", ""성수대교 남단"", ""성수 F2""]"
7b768b2566f7,2026-10-10,FPL001582,UAM0063,a4,4,4,1.0,VP008,사당,VP002,잠실,19,G2,F1,G3,F2,19:23:30,19:35:00,19:46:34,19:51:31,20:01:31,690.08,694.04,297.28,1681.4,376.0,147.04,ready,19:34:43,710.84,12,"[""사당 F1"", ""방배동"", ""지점 19"", ""경부고속도로 양재천 다리"", ""양재동"", ""지점 10"", ""지점 8"", ""지점 7"", ""지점 6"", ""대치교"", ""잠실7동"", ""잠실 F2""]"
7b768b2566f7,2026-10-10,FPL001583,UAM0033,a4,4,4,1.0,VP018,인천,VP004,용산,19,G8,F1,G3,F2,19:23:52,19:32:58,19:57:48,20:02:31,20:12:31,546.16,1489.9,283.2,2319.26,246.16,0.0,ready,19:32:42,1506.7,23,"[""인천 F1"", ""운북동"", ""영종동"", ""지점 26"", ""지점 27"", ""지점 28"", ""간석3동"", ""지점 37"", ""지점 29"", ""지점 30"", ""지점 31"", ""지점 17"", ""구로동"", ""신정6동"", ""신도림동 2"", ""문래동5가"", ""신도림동"", ""영등포"", ""지점 13"", ""지점 14"", ""이촌2동"", ""한강로3가"", ""용산 F2""]"
7b768b2566f7,2026-10-10,FPL001584,UAM0089,a4,4,4,1.0,VP016,망우,VP014,가산,19,G3,F1,G5,F2,19:30:26,19:35:26,19:54:15,19:58:58,20:08:58,300.0,1128.8,283.2,1712.0,381.12,0.0,ready,19:35:09,1145.6,24,"[""망우 F1"", ""중랑철교"", ""중랑천 제방길"", ""지점"", ""중곡1동"", ""송정동"", ""지점 12"", ""응봉동"", ""신사동"", ""신사동 2"", ""잠원동 2"", ""반포동"", ""이촌동"", ""이촌동 2"", ""이촌2동"", ""지점 14"", ""지점 13"", ""영등포"", ""신도림동"", ""문래동5가"", ""신도림동 2"", ""신정6동"", ""구로동"", ""가산 F2""]"
7b768b2566f7,2026-10-10,FPL001585,UAM0096,a4,4,4,1.0,VP009,성수,VP007,봉천,19,G1,F1,G4,F2,19:24:36,19:34:28,19:45:15,19:49:58,19:59:58,592.08,647.1,283.2,1522.38,278.0,0.0,ready,19:34:11,663.9,18,"[""성수 F1"", ""성수대교 남단"", ""신사동"", ""신사동 2"", ""잠원동 2"", ""반포동"", ""이촌동"", ""동작동 2"", ""동작동"", ""방배4동"", ""사당1동 2"", ""사당1동"", ""방배2동"", ""남현동"", ""인헌동"", ""행운동"", ""봉천동"", ""봉천 F2""]"
7b768b2566f7,2026-10-10,FPL001586,UAM0024,a4,4,4,1.0,VP007,봉천,VP013,강남,19,G3,F1,G3,F2,19:24:51,19:29:51,19:53:07,19:58:18,20:08:18,300.0,1395.18,311.36,2006.54,0,798.48,ready,19:29:35,1411.98,12,"[""봉천 F1"", ""봉천동"", ""행운동"", ""인헌동"", ""남현동"", ""방배2동"", ""방배동"", ""지점 19"", ""경부고속도로 양재천 다리"", ""지점 21"", ""서초2동 2"", ""강남 F2""]"
7b768b2566f7,2026-10-10,FPL001587,UAM0048,a4,4,4,1.0,VP013,강남,VP012,광화문,19,G7,F1,G3,F2,19:42:52,19:56:48,20:05:45,20:10:29,20:20:29,835.52,537.8,283.2,1656.52,1562.96,0.0,ready,19:56:31,554.6,12,"[""강남 F1"", ""반포1동"", ""주흥교"", ""잠원동"", ""잠원동 2"", ""신사동 2"", ""신사동"", ""약수동"", ""지점 39"", ""후암동"", ""회현동2가"", ""광화문 F2""]"
7b768b2566f7,2026-10-10,FPL001588,UAM0036,a4,4,4,1.0,VP017,수서,VP009,성수,19,G5,F1,G1,F2,19:29:40,19:34:40,19:52:15,19:57:12,20:07:12,300.0,1054.2,297.28,1651.48,222.54,600.0,ready,19:34:24,1071.0,7,"[""수서 F1"", ""개포3동"", ""잠실7동"", ""지점 3"", ""청담대교 중간지점"", ""지점 2"", ""성수 F2""]"
7b768b2566f7,2026-10-10,FPL001589,UAM0100,a4,4,4,1.0,VP002,잠실,VP011,천호,19,G6,F1,G4,F2,19:34:31,19:39:31,20:48:10,20:59:22,21:09:22,300.0,4118.8,672.0,5090.8,446.8,4036.84,ready,19:39:14,4135.6,7,"[""잠실 F1"", ""지점 3"", ""자양2동"", ""잠실대교 중간지점"", ""지점 4"", ""천호대교 중간지점"", ""천호 F2""]"
7b768b2566f7,2026-10-10,FPL001590,UAM0088,a4,4,4,1.0,VP014,가산,VP005,목동,19,G5,F1,G7,F2,19:27:14,19:32:14,19:39:58,19:44:42,19:54:42,300.0,464.3,283.2,1047.5,0,0.0,ready,19:31:57,481.1,4,"[""가산 F1"", ""구로동"", ""신정6동"", ""목동 F2""]"
7b768b2566f7,2026-10-10,FPL001591,UAM0021,a4,4,4,1.0,VP006,미아,VP013,강남,19,G1,F1,G8,F2,19:27:19,19:40:11,19:57:27,20:03:50,20:13:50,772.08,1035.88,383.2,2191.16,458.0,240.88,ready,19:39:55,1052.68,20,"[""미아 F1"", ""월계동"", ""월계3동"", ""공릉1동 2"", ""월릉교"", ""중화동"", ""중랑철교"", ""중랑천 제방길"", ""지점"", ""중곡1동"", ""송정동"", ""지점 12"", ""응봉동"", ""신사동"", ""신사동 2"", ""잠원동 2"", ""잠원동"", ""주흥교"", ""반포1동"", ""강남 F2""]"
7b768b2566f7,2026-10-10,FPL001592,UAM0087,a4,4,4,1.0,VP011,천호,VP001,여의도,19,G8,F1,G1,F2,19:54:50,20:09:06,20:23:24,20:28:21,20:38:21,855.52,858.0,297.28,2010.8,2204.24,0.0,ready,20:08:49,874.8,18,"[""천호 F1"", ""천호대교 중간지점"", ""지점 4"", ""잠실대교 중간지점"", ""자양2동"", ""청담대교 중간지점"", ""지점 2"", ""성수대교 남단"", ""신사동"", ""신사동 2"", ""잠원동 2"", ""반포동"", ""이촌동"", ""이촌동 2"", ""이촌2동"", ""여의동 2"", ""지점 32"", ""여의도 F2""]"
7b768b2566f7,2026-10-10,FPL001593,UAM0059,a4,4,4,1.0,VP018,인천,VP011,천호,19,G5,F1,G5,F2,19:28:27,19:38:19,20:37:29,20:48:27,20:58:27,592.08,3549.68,657.92,4799.68,278.0,1934.42,ready,19:38:02,3566.48,36,"[""인천 F1"", ""운북동"", ""영종동"", ""영종대교"", ""지점 22"", ""시천동 아라로"", ""목상동"", ""선주지동"", ""하야동"", ""하야동 2"", ""개화동"", ""덕은동"", ""상암동"", ""성산대교 중간지점"", ""선유도 17고지"", ""합정동"", ""서교동"", ""동교동"", ""20통"", ""대현동"", ""아현동"", ""충정로3가"", ""남영동"", ""회현동2가"", ""후암동"", ""지점 39"", ""약수동"", ""신사동"", ""성수대교 남단"", ""지점 2"", ""청담대교 중간지점"", ""자양2동"", ""잠실대교 중간지점"", ""지점 4"", ""천호대교 중간지점"", ""천호 F2""]"
7b768b2566f7,2026-10-10,FPL001594,UAM0004,a4,4,4,1.0,VP009,성수,VP018,인천,19,G2,F1,G7,F2,19:38:01,19:43:15,20:12:38,20:17:22,20:27:22,314.08,1763.1,283.2,2360.38,544.7,0.0,ready,19:42:58,1779.9,30,"[""성수 F1"", ""성수대교 남단"", ""신사동"", ""약수동"", ""지점 39"", ""후암동"", ""회현동2가"", ""남영동"", ""충정로3가"", ""아현동"", ""대현동"", ""20통"", ""동교동"", ""서교동"", ""합정동"", ""선유도 17고지"", ""성산대교 중간지점"", ""상암동"", ""덕은동"", ""개화동"", ""하야동 2"", ""하야동"", ""선주지동"", ""목상동"", ""시천동 아라로"", ""지점 22"", ""영종대교"", ""영종동"", ""운북동"", ""인천 F2""]"
7b768b2566f7,2026-10-10,FPL001595,UAM0058,a4,4,4,1.0,VP008,사당,VP010,연신내,19,G3,F1,G3,F2,19:29:14,19:40:21,19:55:33,20:00:30,20:10:30,666.16,912.0,297.28,1875.44,366.16,0.0,ready,19:40:04,928.8,18,"[""사당 F1"", ""인헌동"", ""행운동"", ""봉천동"", ""은천동"", ""신림동"", ""신림동 2"", ""영등포"", ""지점 11"", ""선유도 17고지"", ""성산대교 중간지점"", ""상암동"", ""지점 25"", ""수색교"", ""지점 24"", ""향동동"", ""지점 23"", ""연신내 F2""]"
7b768b2566f7,2026-10-10,FPL001596,UAM0086,a4,4,4,1.0,VP007,봉천,VP012,광화문,19,G4,F1,G4,F2,19:29:19,19:35:12,19:48:23,19:53:06,20:03:06,353.44,790.82,283.2,1427.46,53.44,143.92,ready,19:34:55,807.62,13,"[""봉천 F1"", ""봉천동"", ""지점 38"", ""상도1동 2"", ""상도1동"", ""상도터널"", ""이촌동 2"", ""한강로3가"", ""한강로2가"", ""한강로1가"", ""청파동1가"", ""남영동"", ""광화문 F2""]"
7b768b2566f7,2026-10-10,FPL001597,UAM0030,a4,4,4,1.0,VP016,망우,VP018,인천,19,G4,F1,G8,F2,19:30:46,19:40:47,20:16:59,20:21:42,20:31:42,600.64,2172.3,283.2,3056.14,362.22,148.0,ready,19:40:30,2189.1,36,"[""망우 F1"", ""중랑철교"", ""중랑천 제방길"", ""지점"", ""중곡1동"", ""송정동"", ""지점 12"", ""응봉동"", ""신사동"", ""약수동"", ""지점 39"", ""후암동"", ""회현동2가"", ""남영동"", ""충정로3가"", ""아현동"", ""대현동"", ""20통"", ""동교동"", ""서교동"", ""합정동"", ""선유도 17고지"", ""성산대교 중간지점"", ""상암동"", ""덕은동"", ""개화동"", ""하야동 2"", ""하야동"", ""선주지동"", ""목상동"", ""시천동 아라로"", ""지점 22"", ""영종대교"", ""영종동"", ""운북동"", ""인천 F2""]"
7b768b2566f7,2026-10-10,FPL001598,UAM0067,a4,4,4,1.0,VP005,목동,VP014,가산,19,G8,F1,G4,F2,19:31:32,19:36:32,19:44:37,19:49:34,19:59:34,300.0,484.4,297.28,1081.68,0,24.6,ready,19:36:16,501.2,4,"[""목동 F1"", ""신정6동"", ""구로동"", ""가산 F2""]"
7b768b2566f7,2026-10-10,FPL001599,UAM0060,a4,4,4,1.0,VP002,잠실,VP007,봉천,19,G3,F1,G3,F2,19:34:45,19:44:52,19:55:46,20:00:29,20:10:29,606.56,654.1,283.2,1543.86,478.64,0.0,ready,19:44:35,670.9,17,"[""잠실 F1"", ""잠실7동"", ""대치교"", ""지점 6"", ""지점 7"", ""지점 8"", ""지점 10"", ""양재동"", ""경부고속도로 양재천 다리"", ""지점 19"", ""방배동"", ""방배2동"", ""남현동"", ""인헌동"", ""행운동"", ""봉천동"", ""봉천 F2""]"
7b768b2566f7,2026-10-10,FPL001600,UAM0002,a4,4,4,1.0,VP006,미아,VP017,수서,19,G3,F1,G3,F2,19:32:32,19:45:32,20:01:46,20:06:43,20:16:43,780.2,973.76,297.28,2051.24,525.72,129.66,ready,19:45:15,990.56,17,"[""미아 F1"", ""월계동"", ""월계3동"", ""공릉1동 2"", ""월릉교"", ""중화동"", ""중랑철교"", ""중랑천 제방길"", ""지점"", ""중곡1동"", ""송정동"", ""건대입구"", ""청담대교 중간지점"", ""지점 3"", ""잠실7동"", ""개포3동"", ""수서 F2""]"
7b768b2566f7,2026-10-10,FPL001601,UAM0043,a4,4,4,1.0,VP018,인천,VP012,광화문,19,G6,F1,G4,F2,19:32:48,19:43:40,20:10:06,20:14:49,20:24:49,652.08,1586.36,283.2,2521.64,338.0,91.16,ready,19:43:23,1603.16,23,"[""인천 F1"", ""운북동"", ""영종동"", ""영종대교"", ""지점 22"", ""시천동 아라로"", ""목상동"", ""선주지동"", ""하야동"", ""하야동 2"", ""개화동"", ""덕은동"", ""상암동"", ""성산대교 중간지점"", ""선유도 17고지"", ""합정동"", ""서교동"", ""동교동"", ""20통"", ""대현동"", ""아현동"", ""충정로3가"", ""광화문 F2""]"
7b768b2566f7,2026-10-10,FPL001602,UAM0061,a4,4,4,1.0,VP011,천호,VP001,여의도,19,G5,F1,G4,F2,19:55:04,20:14:27,20:28:45,20:33:28,20:43:28,1162.08,858.0,283.2,2303.28,2176.08,0.0,ready,20:14:10,874.8,18,"[""천호 F1"", ""천호대교 중간지점"", ""지점 4"", ""잠실대교 중간지점"", ""자양2동"", ""청담대교 중간지점"", ""지점 2"", ""성수대교 남단"", ""신사동"", ""신사동 2"", ""잠원동 2"", ""반포동"", ""이촌동"", ""이촌동 2"", ""이촌2동"", ""여의동 2"", ""지점 32"", ""여의도 F2""]"
7b768b2566f7,2026-10-10,FPL001603,UAM0014,a4,4,4,1.0,VP017,수서,VP002,잠실,19,G6,F1,G4,F2,19:33:56,19:40:01,19:50:55,19:55:52,20:05:52,364.6,653.54,297.28,1315.42,64.6,331.24,ready,19:39:44,670.34,4,"[""수서 F1"", ""개포3동"", ""잠실7동"", ""잠실 F2""]"
7b768b2566f7,2026-10-10,FPL001604,UAM0082,a4,4,4,1.0,VP009,성수,VP001,여의도,19,G3,F1,G3,F2,19:42:08,19:48:36,19:59:29,20:04:12,20:14:12,388.16,652.9,283.2,1324.26,463.3,0.0,ready,19:48:19,669.7,12,"[""성수 F1"", ""성수대교 남단"", ""신사동"", ""신사동 2"", ""잠원동 2"", ""반포동"", ""이촌동"", ""이촌동 2"", ""이촌2동"", ""여의동 2"", ""지점 32"", ""여의도 F2""]"
7b768b2566f7,2026-10-10,FPL001605,UAM0095,a4,4,4,1.0,VP002,잠실,VP007,봉천,19,G4,F1,G2,F2,19:36:00,19:50:12,20:05:15,20:10:12,20:20:12,852.72,902.56,297.28,2052.56,538.64,248.46,ready,19:49:56,919.36,17,"[""잠실 F1"", ""잠실7동"", ""대치교"", ""지점 6"", ""지점 7"", ""지점 8"", ""지점 10"", ""양재동"", ""경부고속도로 양재천 다리"", ""지점 19"", ""방배동"", ""방배2동"", ""남현동"", ""인헌동"", ""행운동"", ""봉천동"", ""봉천 F2""]"
7b768b2566f7,2026-10-10,FPL001606,UAM0044,a4,4,4,1.0,VP016,망우,VP007,봉천,19,G1,F1,G4,F2,19:36:15,19:46:07,20:00:54,20:05:38,20:15:38,592.08,887.1,283.2,1762.38,278.0,0.0,ready,19:45:50,903.9,24,"[""망우 F1"", ""중랑철교"", ""중랑천 제방길"", ""지점"", ""중곡1동"", ""송정동"", ""지점 12"", ""응봉동"", ""신사동"", ""신사동 2"", ""잠원동 2"", ""반포동"", ""이촌동"", ""동작동 2"", ""동작동"", ""방배4동"", ""사당1동 2"", ""사당1동"", ""방배2동"", ""남현동"", ""인헌동"", ""행운동"", ""봉천동"", ""봉천 F2""]"
7b768b2566f7,2026-10-10,FPL001607,UAM0013,a4,4,4,1.0,VP008,사당,VP017,수서,19,G4,F1,G6,F2,19:37:12,19:45:41,19:57:25,20:02:08,20:12:08,508.74,703.86,283.2,1495.8,254.26,120.16,ready,19:45:24,720.66,13,"[""사당 F1"", ""방배동"", ""지점 19"", ""경부고속도로 양재천 다리"", ""양재동"", ""지점 10"", ""지점 8"", ""지점 7"", ""지점 6"", ""대치교"", ""잠실7동"", ""개포3동"", ""수서 F2""]"
7b768b2566f7,2026-10-10,FPL001608,UAM0091,a4,4,4,1.0,VP013,강남,VP017,수서,19,G5,F1,G6,F2,19:43:06,20:02:08,20:13:02,20:17:45,20:27:45,1142.08,653.98,283.2,2079.26,1214.16,10.88,ready,20:01:51,670.78,13,"[""강남 F1"", ""서초2동 2"", ""지점 21"", ""경부고속도로 양재천 다리"", ""양재동"", ""지점 10"", ""지점 8"", ""지점 7"", ""지점 6"", ""대치교"", ""잠실7동"", ""개포3동"", ""수서 F2""]"
7b768b2566f7,2026-10-10,FPL001609,UAM0039,a4,4,4,1.0,VP010,연신내,VP001,여의도,19,G5,F1,G4,F2,19:37:35,19:42:35,19:53:50,19:58:33,20:08:33,300.0,674.7,283.2,1257.9,0,0.0,ready,19:42:19,691.5,11,"[""연신내 F1"", ""지점 23"", ""향동동"", ""지점 24"", ""수색교"", ""지점 25"", ""상암동"", ""성산대교 중간지점"", ""선유도 17고지"", ""지점 11"", ""여의도 F2""]"
7b768b2566f7,2026-10-10,FPL001610,UAM0075,a4,4,4,1.0,VP011,천호,VP006,미아,19,G6,F1,G4,F2,20:05:46,20:19:47,20:31:52,20:36:35,20:46:35,841.44,724.8,283.2,1849.44,2176.08,0.0,ready,20:19:30,741.6,15,"[""천호 F1"", ""천호대교 중간지점"", ""아차산 고가차도"", ""구의동"", ""능동"", ""중곡1동"", ""지점"", ""중랑천 제방길"", ""중랑철교"", ""중화동"", ""월릉교"", ""공릉1동 2"", ""월계3동"", ""월계동"", ""미아 F2""]"
7b768b2566f7,2026-10-10,FPL001611,UAM0079,a4,4,4,1.0,VP012,광화문,VP016,망우,19,G3,F1,G4,F2,19:42:15,19:47:15,20:00:02,20:04:45,20:14:45,300.0,766.8,283.2,1350.0,186.16,0.0,ready,19:46:59,783.6,15,"[""광화문 F1"", ""회현동2가"", ""후암동"", ""지점 39"", ""약수동"", ""신사동"", ""응봉동"", ""지점 12"", ""송정동"", ""중곡1동"", ""지점"", ""중랑천 제방길"", ""중랑철교"", ""중화동"", ""망우 F2""]"
7b768b2566f7,2026-10-10,FPL001612,UAM0006,a4,4,4,1.0,VP017,수서,VP010,연신내,19,G3,F1,G5,F2,19:39:50,19:46:31,20:07:22,20:12:05,20:22:05,401.0,1250.7,283.2,1934.9,86.92,0.0,ready,19:46:14,1267.5,29,"[""수서 F1"", ""개포3동"", ""잠실7동"", ""지점 3"", ""청담대교 중간지점"", ""지점 2"", ""성수대교 남단"", ""신사동"", ""약수동"", ""지점 39"", ""후암동"", ""회현동2가"", ""남영동"", ""충정로3가"", ""아현동"", ""대현동"", ""20통"", ""동교동"", ""서교동"", ""합정동"", ""선유도 17고지"", ""성산대교 중간지점"", ""상암동"", ""지점 25"", ""수색교"", ""지점 24"", ""향동동"", ""지점 23"", ""연신내 F2""]"
7b768b2566f7,2026-10-10,FPL001613,UAM0055,a4,4,4,1.0,VP002,잠실,VP010,연신내,19,G5,F1,G6,F2,19:40:49,19:55:33,20:15:04,20:19:47,20:29:47,884.56,1170.6,283.2,2338.36,626.8,0.0,ready,19:55:16,1187.4,27,"[""잠실 F1"", ""지점 3"", ""청담대교 중간지점"", ""지점 2"", ""성수대교 남단"", ""신사동"", ""약수동"", ""지점 39"", ""후암동"", ""회현동2가"", ""남영동"", ""충정로3가"", ""아현동"", ""대현동"", ""20통"", ""동교동"", ""서교동"", ""합정동"", ""선유도 17고지"", ""성산대교 중간지점"", ""상암동"", ""지점 25"", ""수색교"", ""지점 24"", ""향동동"", ""지점 23"", ""연신내 F2""]"
7b768b2566f7,2026-10-10,FPL001614,UAM0092,a4,4,4,1.0,VP016,망우,VP011,천호,19,G2,F1,G1,F2,19:40:36,19:51:28,20:21:27,20:32:53,20:42:53,652.08,1798.86,686.08,3137.02,338.0,1619.2,ready,19:51:11,1815.66,10,"[""망우 F1"", ""중랑철교"", ""중랑천 제방길"", ""지점"", ""중곡1동"", ""능동"", ""구의동"", ""아차산 고가차도"", ""천호대교 중간지점"", ""천호 F2""]"
7b768b2566f7,2026-10-10,FPL001615,UAM0074,a4,4,4,1.0,VP006,미아,VP011,천호,19,G4,F1,,F2,19:42:28,19:50:53,,,,505.08,,,,205.08,48439.0,arrival_unresolved,19:50:36,,15,"[""미아 F1"", ""월계동"", ""월계3동"", ""공릉1동 2"", ""월릉교"", ""중화동"", ""중랑철교"", ""중랑천 제방길"", ""지점"", ""중곡1동"", ""능동"", ""구의동"", ""아차산 고가차도"", ""천호대교 중간지점"", ""천호 F2""]"
7b768b2566f7,2026-10-10,FPL001616,UAM0015,a4,4,4,1.0,VP009,성수,VP007,봉천,19,G4,F1,G3,F2,19:46:28,19:53:56,20:14:44,20:19:27,20:29:27,448.16,1247.1,283.2,1978.46,334.32,600.0,ready,19:53:40,1263.9,18,"[""성수 F1"", ""성수대교 남단"", ""신사동"", ""신사동 2"", ""잠원동 2"", ""반포동"", ""이촌동"", ""동작동 2"", ""동작동"", ""방배4동"", ""사당1동 2"", ""사당1동"", ""방배2동"", ""남현동"", ""인헌동"", ""행운동"", ""봉천동"", ""봉천 F2""]"
7b768b2566f7,2026-10-10,FPL001617,UAM0020,a4,4,4,1.0,VP012,광화문,VP013,강남,19,G4,F1,G6,F2,19:43:30,19:52:36,20:01:48,20:06:45,20:16:45,546.16,551.72,297.28,1395.16,246.16,11.12,ready,19:52:19,568.52,12,"[""광화문 F1"", ""회현동2가"", ""후암동"", ""지점 39"", ""약수동"", ""신사동"", ""신사동 2"", ""잠원동 2"", ""잠원동"", ""주흥교"", ""반포1동"", ""강남 F2""]"
7b768b2566f7,2026-10-10,FPL001618,UAM0068,a4,4,4,1.0,VP011,천호,VP006,미아,19,G4,F1,G2,F2,19:55:19,20:25:08,20:40:33,20:45:31,20:55:31,1789.28,925.44,297.28,3012.0,2147.92,200.64,ready,20:24:51,942.24,15,"[""천호 F1"", ""천호대교 중간지점"", ""아차산 고가차도"", ""구의동"", ""능동"", ""중곡1동"", ""지점"", ""중랑천 제방길"", ""중랑철교"", ""중화동"", ""월릉교"", ""공릉1동 2"", ""월계3동"", ""월계동"", ""미아 F2""]"
7b768b2566f7,2026-10-10,FPL001619,UAM0071,a4,4,4,1.0,VP002,잠실,VP009,성수,19,G1,F1,G1,F2,19:44:55,20:00:54,20:12:08,20:17:15,20:27:15,958.64,674.2,307.34,1940.18,630.48,310.06,ready,20:00:37,691.0,5,"[""잠실 F1"", ""지점 3"", ""청담대교 중간지점"", ""지점 2"", ""성수 F2""]"
7b768b2566f7,2026-10-10,FPL001620,UAM0027,a4,4,4,1.0,VP018,인천,VP006,미아,19,G7,F1,G3,F2,19:45:04,19:50:04,20:27:02,20:31:45,20:41:45,300.0,2217.4,283.2,2800.6,0,0.0,ready,19:49:48,2234.2,41,"[""인천 F1"", ""운북동"", ""영종동"", ""영종대교"", ""지점 22"", ""시천동 아라로"", ""목상동"", ""선주지동"", ""하야동"", ""하야동 2"", ""개화동"", ""덕은동"", ""상암동"", ""성산대교 중간지점"", ""선유도 17고지"", ""합정동"", ""서교동"", ""동교동"", ""20통"", ""대현동"", ""아현동"", ""충정로3가"", ""남영동"", ""회현동2가"", ""후암동"", ""지점 39"", ""약수동"", ""신사동"", ""응봉동"", ""지점 12"", ""송정동"", ""중곡1동"", ""지점"", ""중랑천 제방길"", ""중랑철교"", ""중화동"", ""월릉교"", ""공릉1동 2"", ""월계3동"", ""월계동"", ""미아 F2""]"
7b768b2566f7,2026-10-10,FPL001621,UAM0029,a4,4,4,1.0,VP014,가산,VP007,봉천,19,G5,F1,G1,F2,19:49:24,19:54:24,20:09:36,20:14:33,20:24:33,300.0,911.46,297.28,1508.74,186.16,363.26,ready,19:54:07,928.26,7,"[""가산 F1"", ""가산동"", ""지점 9"", ""신사동 3"", ""신림동 2"", ""신림동"", ""봉천 F2""]"
7b768b2566f7,2026-10-10,FPL001622,UAM0080,a4,4,4,1.0,VP008,사당,VP013,강남,19,G3,F1,G7,F2,19:50:41,19:55:41,20:06:08,20:10:52,20:20:52,300.0,627.1,283.2,1210.3,213.14,147.4,ready,19:55:25,643.9,7,"[""사당 F1"", ""방배동"", ""지점 19"", ""경부고속도로 양재천 다리"", ""지점 21"", ""서초2동 2"", ""강남 F2""]"
7b768b2566f7,2026-10-10,FPL001623,UAM0031,a4,4,4,1.0,VP009,성수,VP002,잠실,19,G1,F1,G5,F2,19:47:57,19:59:17,20:05:32,20:10:16,20:20:16,680.24,375.3,283.2,1338.74,366.16,0.0,ready,19:59:00,392.1,5,"[""성수 F1"", ""지점 2"", ""청담대교 중간지점"", ""지점 3"", ""잠실 F2""]"
7b768b2566f7,2026-10-10,FPL001624,UAM0018,a4,4,4,1.0,VP012,광화문,VP017,수서,19,G1,F1,G5,F2,19:48:05,19:58:10,20:08:42,20:13:25,20:23:25,605.6,631.3,283.2,1520.1,291.52,0.0,ready,19:57:53,648.1,13,"[""광화문 F1"", ""회현동2가"", ""후암동"", ""지점 39"", ""약수동"", ""신사동"", ""성수대교 남단"", ""지점 2"", ""청담대교 중간지점"", ""지점 3"", ""잠실7동"", ""개포3동"", ""수서 F2""]"
7b768b2566f7,2026-10-10,FPL001625,UAM0064,a4,4,4,1.0,VP003,상암,VP001,여의도,19,G3,F1,G1,F2,19:48:43,19:53:43,20:03:49,20:08:47,20:18:47,300.0,606.44,297.28,1203.72,0,113.44,ready,19:53:26,623.24,6,"[""상암 F1"", ""서교동"", ""합정동"", ""선유도 17고지"", ""지점 11"", ""여의도 F2""]"
7b768b2566f7,2026-10-10,FPL001626,UAM0078,a4,4,4,1.0,VP011,천호,VP012,광화문,19,G3,F1,G1,F2,20:16:41,20:30:28,20:41:18,20:46:15,20:56:15,827.36,649.6,297.28,1774.24,2147.92,0.0,ready,20:30:12,666.4,14,"[""천호 F1"", ""천호대교 중간지점"", ""지점 4"", ""잠실대교 중간지점"", ""자양2동"", ""청담대교 중간지점"", ""지점 2"", ""성수대교 남단"", ""신사동"", ""약수동"", ""지점 39"", ""후암동"", ""회현동2가"", ""광화문 F2""]"
7b768b2566f7,2026-10-10,FPL001627,UAM0081,a4,4,4,1.0,VP002,잠실,VP013,강남,19,G6,F1,G8,F2,19:55:42,20:06:14,20:19:10,20:25:13,20:35:13,632.34,776.0,362.56,1770.9,650.08,261.86,ready,20:05:58,792.8,12,"[""잠실 F1"", ""잠실7동"", ""대치교"", ""지점 6"", ""지점 7"", ""지점 8"", ""지점 10"", ""양재동"", ""경부고속도로 양재천 다리"", ""지점 21"", ""서초2동 2"", ""강남 F2""]"
7b768b2566f7,2026-10-10,FPL001628,UAM0070,a4,4,4,1.0,VP014,가산,VP002,잠실,19,G6,F1,G6,F2,19:50:39,19:59:45,20:15:37,20:20:20,20:30:20,546.16,952.0,283.2,1781.36,246.16,0.0,ready,19:59:28,968.8,23,"[""가산 F1"", ""가산동"", ""지점 9"", ""신사동 3"", ""신림동 2"", ""신림동"", ""은천동"", ""봉천동"", ""행운동"", ""인헌동"", ""남현동"", ""방배2동"", ""방배동"", ""지점 19"", ""경부고속도로 양재천 다리"", ""양재동"", ""지점 10"", ""지점 8"", ""지점 7"", ""지점 6"", ""대치교"", ""잠실7동"", ""잠실 F2""]"
7b768b2566f7,2026-10-10,FPL001629,UAM0094,a4,4,4,1.0,VP017,수서,VP001,여의도,19,G5,F1,G4,F2,19:51:27,19:56:27,20:10:22,20:15:05,20:25:05,300.0,834.5,283.2,1417.7,0,0.0,ready,19:56:10,851.3,17,"[""수서 F1"", ""개포3동"", ""잠실7동"", ""지점 3"", ""청담대교 중간지점"", ""지점 2"", ""성수대교 남단"", ""신사동"", ""신사동 2"", ""잠원동 2"", ""반포동"", ""이촌동"", ""이촌동 2"", ""이촌2동"", ""여의동 2"", ""지점 32"", ""여의도 F2""]"
7b768b2566f7,2026-10-10,FPL001630,UAM0032,a4,4,4,1.0,VP009,성수,VP004,용산,19,G2,F1,G3,F2,19:57:16,20:04:38,20:14:20,20:19:03,20:29:03,441.62,582.4,283.2,1307.22,426.16,0.0,ready,20:04:21,599.2,12,"[""성수 F1"", ""성수대교 남단"", ""신사동"", ""약수동"", ""지점 39"", ""후암동"", ""회현동2가"", ""남영동"", ""청파동1가"", ""한강로1가"", ""한강로2가"", ""용산 F2""]"
7b768b2566f7,2026-10-10,FPL001631,UAM0035,a4,4,4,1.0,VP012,광화문,VP001,여의도,19,G2,F1,G2,F2,19:53:16,20:03:31,20:14:42,20:19:39,20:29:39,614.72,671.26,297.28,1583.26,351.52,91.36,ready,20:03:14,688.06,10,"[""광화문 F1"", ""남영동"", ""청파동1가"", ""한강로1가"", ""한강로2가"", ""한강로3가"", ""이촌2동"", ""여의동 2"", ""지점 32"", ""여의도 F2""]"
7b768b2566f7,2026-10-10,FPL001632,UAM0005,a4,4,4,1.0,VP013,강남,VP012,광화문,19,G8,F1,G1,F2,19:57:54,20:07:29,20:16:27,20:21:24,20:31:24,574.88,537.8,297.28,1409.96,601.04,0.0,ready,20:07:12,554.6,12,"[""강남 F1"", ""반포1동"", ""주흥교"", ""잠원동"", ""잠원동 2"", ""신사동 2"", ""신사동"", ""약수동"", ""지점 39"", ""후암동"", ""회현동2가"", ""광화문 F2""]"
7b768b2566f7,2026-10-10,FPL001633,UAM0065,a4,4,4,1.0,VP013,강남,VP016,망우,19,G6,F1,G4,F2,19:58:08,20:12:50,20:25:26,20:30:09,20:40:09,881.44,756.1,283.2,1920.74,873.52,0.0,ready,20:12:33,772.9,16,"[""강남 F1"", ""반포1동"", ""주흥교"", ""잠원동"", ""잠원동 2"", ""신사동 2"", ""신사동"", ""응봉동"", ""지점 12"", ""송정동"", ""중곡1동"", ""지점"", ""중랑천 제방길"", ""중랑철교"", ""중화동"", ""망우 F2""]"
7b768b2566f7,2026-10-10,FPL001634,UAM0041,a4,4,4,1.0,VP003,상암,VP011,천호,19,G4,F1,G8,F2,19:53:04,19:59:04,21:14:53,21:25:37,21:35:37,360.0,4549.6,643.84,5553.44,60.0,4018.74,ready,19:58:47,4566.4,21,"[""상암 F1"", ""서교동"", ""동교동"", ""20통"", ""대현동"", ""아현동"", ""충정로3가"", ""남영동"", ""회현동2가"", ""후암동"", ""지점 39"", ""약수동"", ""신사동"", ""성수대교 남단"", ""지점 2"", ""청담대교 중간지점"", ""자양2동"", ""잠실대교 중간지점"", ""지점 4"", ""천호대교 중간지점"", ""천호 F2""]"
7b768b2566f7,2026-10-10,FPL001635,UAM0016,a4,4,4,1.0,VP011,천호,VP013,강남,19,G7,F1,G7,F2,20:21:34,20:35:49,20:51:54,21:02:37,21:12:37,855.52,964.48,643.84,2463.84,2204.24,534.12,ready,20:35:32,981.28,17,"[""천호 F1"", ""천호대교 중간지점"", ""지점 4"", ""잠실대교 중간지점"", ""자양2동"", ""지점 3"", ""잠실7동"", ""대치교"", ""지점 6"", ""지점 7"", ""지점 8"", ""지점 10"", ""양재동"", ""경부고속도로 양재천 다리"", ""지점 21"", ""서초2동 2"", ""강남 F2""]"
7b768b2566f7,2026-10-10,FPL001636,UAM0003,a4,4,4,1.0,VP001,여의도,VP018,인천,19,G3,F1,G5,F2,19:58:38,20:03:38,20:26:30,20:31:28,20:41:28,300.0,1372.7,297.28,1969.98,270.78,0.0,ready,20:03:21,1389.5,19,"[""여의도 F1"", ""영등포"", ""신도림동"", ""문래동5가"", ""신도림동 2"", ""신정6동"", ""구로동"", ""지점 17"", ""지점 31"", ""지점 30"", ""지점 29"", ""지점 37"", ""간석3동"", ""지점 28"", ""지점 27"", ""지점 26"", ""영종동"", ""운북동"", ""인천 F2""]"
7b768b2566f7,2026-10-10,FPL001637,UAM0034,a4,4,4,1.0,VP015,마곡,VP002,잠실,19,G7,F1,G3,F2,19:54:21,19:59:21,20:19:57,20:24:55,20:34:55,300.0,1236.62,297.28,1833.9,0,51.02,ready,19:59:04,1253.42,25,"[""마곡 F1"", ""하야동 2"", ""개화동"", ""덕은동"", ""상암동"", ""성산대교 중간지점"", ""선유도 17고지"", ""합정동"", ""서교동"", ""동교동"", ""20통"", ""대현동"", ""아현동"", ""충정로3가"", ""남영동"", ""회현동2가"", ""후암동"", ""지점 39"", ""약수동"", ""신사동"", ""성수대교 남단"", ""지점 2"", ""청담대교 중간지점"", ""지점 3"", ""잠실 F2""]"
7b768b2566f7,2026-10-10,FPL001638,UAM0088,a4,4,4,1.0,VP005,목동,VP014,가산,19,G7,F1,G3,F2,19:54:42,19:59:42,20:07:21,20:12:19,20:22:19,300.0,459.8,297.28,1057.08,0,0.0,ready,19:59:25,476.6,4,"[""목동 F1"", ""신정6동"", ""구로동"", ""가산 F2""]"
7b768b2566f7,2026-10-10,FPL001639,UAM0047,a4,4,4,1.0,VP014,가산,VP011,천호,19,G3,F1,G1,F2,19:55:13,20:05:05,21:04:12,21:15:38,21:25:38,592.08,3546.42,686.08,4824.58,278.0,2810.06,ready,20:04:49,3563.22,24,"[""가산 F1"", ""구로동"", ""신정6동"", ""신도림동 2"", ""문래동5가"", ""신도림동"", ""영등포"", ""지점 13"", ""지점 14"", ""이촌2동"", ""이촌동 2"", ""이촌동"", ""반포동"", ""잠원동 2"", ""신사동 2"", ""신사동"", ""성수대교 남단"", ""지점 2"", ""청담대교 중간지점"", ""자양2동"", ""잠실대교 중간지점"", ""지점 4"", ""천호대교 중간지점"", ""천호 F2""]"
7b768b2566f7,2026-10-10,FPL001640,UAM0040,a4,4,4,1.0,VP007,봉천,VP014,가산,19,G3,F1,G5,F2,19:56:01,20:01:01,20:11:42,20:16:25,20:26:25,300.0,640.88,283.2,1224.08,34.62,99.58,ready,20:00:44,657.68,7,"[""봉천 F1"", ""신림동"", ""신림동 2"", ""신사동 3"", ""지점 9"", ""가산동"", ""가산 F2""]"
7b768b2566f7,2026-10-10,FPL001641,UAM0037,a4,4,4,1.0,VP008,사당,VP013,강남,19,G4,F1,G3,F2,19:56:16,20:01:16,20:14:50,20:20:20,20:30:20,300.0,813.26,330.72,1443.98,0,352.92,ready,20:01:00,830.06,7,"[""사당 F1"", ""방배동"", ""지점 19"", ""경부고속도로 양재천 다리"", ""지점 21"", ""서초2동 2"", ""강남 F2""]"
7b768b2566f7,2026-10-10,FPL001642,UAM0056,a4,4,4,1.0,VP009,성수,VP018,인천,19,G3,F1,G7,F2,20:01:23,20:09:58,20:39:22,20:44:05,20:54:05,515.7,1763.1,283.2,2562.0,514.32,0.0,ready,20:09:42,1779.9,30,"[""성수 F1"", ""성수대교 남단"", ""신사동"", ""약수동"", ""지점 39"", ""후암동"", ""회현동2가"", ""남영동"", ""충정로3가"", ""아현동"", ""대현동"", ""20통"", ""동교동"", ""서교동"", ""합정동"", ""선유도 17고지"", ""성산대교 중간지점"", ""상암동"", ""덕은동"", ""개화동"", ""하야동 2"", ""하야동"", ""선주지동"", ""목상동"", ""시천동 아라로"", ""지점 22"", ""영종대교"", ""영종동"", ""운북동"", ""인천 F2""]"
7b768b2566f7,2026-10-10,FPL001643,UAM0042,a4,4,4,1.0,VP002,잠실,VP017,수서,19,G5,F1,G3,F2,20:01:51,20:11:35,20:17:23,20:22:20,20:32:20,583.92,347.82,297.28,1229.02,578.5,22.82,ready,20:11:18,364.62,4,"[""잠실 F1"", ""잠실7동"", ""개포3동"", ""수서 F2""]"
7b768b2566f7,2026-10-10,FPL001644,UAM0017,a4,4,4,1.0,VP012,광화문,VP010,연신내,19,G3,F1,G3,F2,19:58:45,20:08:52,20:22:15,20:27:13,20:37:13,606.16,803.9,297.28,1707.34,306.16,0.0,ready,20:08:35,820.7,17,"[""광화문 F1"", ""충정로3가"", ""아현동"", ""대현동"", ""20통"", ""동교동"", ""서교동"", ""합정동"", ""선유도 17고지"", ""성산대교 중간지점"", ""상암동"", ""지점 25"", ""수색교"", ""지점 24"", ""향동동"", ""지점 23"", ""연신내 F2""]"
7b768b2566f7,2026-10-10,FPL001645,UAM0001,a4,4,4,1.0,VP006,미아,VP016,망우,19,G3,F1,G3,F2,19:58:47,20:03:47,20:10:54,20:15:37,20:25:37,300.0,426.6,283.2,1009.8,0,0.0,ready,20:03:30,443.4,7,"[""미아 F1"", ""월계동"", ""월계3동"", ""공릉1동 2"", ""월릉교"", ""중화동"", ""망우 F2""]"
7b768b2566f7,2026-10-10,FPL001646,UAM0009,a4,4,4,1.0,VP010,연신내,VP015,마곡,19,G5,F1,G8,F2,20:00:20,20:05:20,20:16:38,20:21:21,20:31:21,300.0,677.8,283.2,1261.0,92.66,0.0,ready,20:05:03,694.6,10,"[""연신내 F1"", ""지점 23"", ""향동동"", ""지점 24"", ""수색교"", ""지점 25"", ""덕은동"", ""개화동"", ""하야동 2"", ""마곡 F2""]"
7b768b2566f7,2026-10-10,FPL001647,UAM0067,a4,4,4,1.0,VP014,가산,VP009,성수,19,G4,F1,G2,F2,19:59:34,20:10:26,20:30:22,20:35:19,20:45:19,652.08,1195.74,297.28,2145.1,338.0,316.44,ready,20:10:09,1212.54,18,"[""가산 F1"", ""구로동"", ""신정6동"", ""신도림동 2"", ""문래동5가"", ""신도림동"", ""영등포"", ""지점 13"", ""지점 14"", ""이촌2동"", ""이촌동 2"", ""이촌동"", ""반포동"", ""잠원동 2"", ""신사동 2"", ""신사동"", ""성수대교 남단"", ""성수 F2""]"
7b768b2566f7,2026-10-10,FPL001648,UAM0096,a4,4,4,1.0,VP007,봉천,VP001,여의도,19,G4,F1,G3,F2,20:00:33,20:06:22,20:19:03,20:23:46,20:33:46,348.38,761.06,283.2,1392.64,83.58,237.76,ready,20:06:05,777.86,5,"[""봉천 F1"", ""신림동"", ""신림동 2"", ""영등포"", ""여의도 F2""]"
7b768b2566f7,2026-10-10,FPL001649,UAM0022,a4,4,4,1.0,VP011,천호,VP008,사당,20,G1,F1,G1,F2,20:00:08,20:41:10,20:58:13,21:03:11,21:13:11,2462.0,1023.58,297.28,3782.86,2119.76,289.18,ready,20:40:53,1040.38,17,"[""천호 F1"", ""천호대교 중간지점"", ""지점 4"", ""잠실대교 중간지점"", ""자양2동"", ""지점 3"", ""잠실7동"", ""대치교"", ""지점 6"", ""지점 7"", ""지점 8"", ""지점 10"", ""양재동"", ""경부고속도로 양재천 다리"", ""지점 19"", ""방배동"", ""사당 F2""]"
7b768b2566f7,2026-10-10,FPL001650,UAM0025,a4,4,4,1.0,VP009,성수,VP013,강남,20,G4,F1,G7,F2,20:05:43,20:15:19,20:27:52,20:35:54,20:45:54,575.7,752.62,482.56,1810.88,574.32,481.98,ready,20:15:02,769.42,9,"[""성수 F1"", ""성수대교 남단"", ""신사동"", ""신사동 2"", ""잠원동 2"", ""잠원동"", ""주흥교"", ""반포1동"", ""강남 F2""]"
7b768b2566f7,2026-10-10,FPL001651,UAM0066,a4,4,4,1.0,VP008,사당,VP011,천호,20,G1,F1,G7,F2,20:00:51,20:09:45,20:58:51,21:09:35,21:19:35,533.98,2946.08,643.84,4123.9,219.9,2562.52,ready,20:09:28,2962.88,17,"[""사당 F1"", ""방배동"", ""지점 19"", ""경부고속도로 양재천 다리"", ""양재동"", ""지점 10"", ""지점 8"", ""지점 7"", ""지점 6"", ""대치교"", ""잠실7동"", ""지점 3"", ""자양2동"", ""잠실대교 중간지점"", ""지점 4"", ""천호대교 중간지점"", ""천호 F2""]"
7b768b2566f7,2026-10-10,FPL001652,UAM0063,a4,4,4,1.0,VP002,잠실,VP010,연신내,20,G3,F1,G6,F2,20:01:31,20:16:56,20:36:26,20:41:09,20:51:09,924.42,1170.6,283.2,2378.22,610.34,0.0,ready,20:16:39,1187.4,27,"[""잠실 F1"", ""지점 3"", ""청담대교 중간지점"", ""지점 2"", ""성수대교 남단"", ""신사동"", ""약수동"", ""지점 39"", ""후암동"", ""회현동2가"", ""남영동"", ""충정로3가"", ""아현동"", ""대현동"", ""20통"", ""동교동"", ""서교동"", ""합정동"", ""선유도 17고지"", ""성산대교 중간지점"", ""상암동"", ""지점 25"", ""수색교"", ""지점 24"", ""향동동"", ""지점 23"", ""연신내 F2""]"
7b768b2566f7,2026-10-10,FPL001653,UAM0086,a4,4,4,1.0,VP012,광화문,VP009,성수,20,G4,F1,G3,F2,20:03:06,20:14:12,20:21:41,20:27:42,20:37:42,666.16,448.4,361.9,1476.46,366.16,78.7,ready,20:13:55,465.2,8,"[""광화문 F1"", ""회현동2가"", ""후암동"", ""지점 39"", ""약수동"", ""신사동"", ""성수대교 남단"", ""성수 F2""]"
7b768b2566f7,2026-10-10,FPL001654,UAM0019,a4,4,4,1.0,VP010,연신내,VP008,사당,20,G6,F1,G3,F2,20:03:08,20:10:41,20:25:55,20:30:38,20:40:38,452.66,914.6,283.2,1650.46,152.66,0.0,ready,20:10:24,931.4,18,"[""연신내 F1"", ""지점 23"", ""향동동"", ""지점 24"", ""수색교"", ""지점 25"", ""상암동"", ""성산대교 중간지점"", ""선유도 17고지"", ""지점 11"", ""영등포"", ""신림동 2"", ""신림동"", ""은천동"", ""봉천동"", ""행운동"", ""인헌동"", ""사당 F2""]"
7b768b2566f7,2026-10-10,FPL001655,UAM0097,a4,4,4,1.0,VP013,강남,VP007,봉천,20,G7,F1,G1,F2,20:06:35,20:18:10,20:30:38,20:35:35,20:45:35,694.88,747.48,297.28,1739.64,601.04,151.58,ready,20:17:53,764.28,12,"[""강남 F1"", ""서초2동 2"", ""지점 21"", ""경부고속도로 양재천 다리"", ""지점 19"", ""방배동"", ""방배2동"", ""남현동"", ""인헌동"", ""행운동"", ""봉천동"", ""봉천 F2""]"
7b768b2566f7,2026-10-10,FPL001656,UAM0062,a4,4,4,1.0,VP013,강남,VP015,마곡,20,G5,F1,G7,F2,20:06:49,20:23:31,20:41:12,20:45:55,20:55:55,1001.44,1061.2,283.2,2345.84,873.52,0.0,ready,20:23:14,1078.0,20,"[""강남 F1"", ""반포1동"", ""주흥교"", ""잠원동"", ""잠원동 2"", ""반포동"", ""이촌동"", ""이촌동 2"", ""이촌2동"", ""여의동 2"", ""지점 32"", ""서강대교 중간지점"", ""지점 5"", ""선유도 17고지"", ""성산대교 중간지점"", ""상암동"", ""덕은동"", ""개화동"", ""하야동 2"", ""마곡 F2""]"
7b768b2566f7,2026-10-10,FPL001657,UAM0076,a4,4,4,1.0,VP011,천호,VP001,여의도,20,G2,F1,G1,F2,20:32:57,20:46:30,21:00:48,21:05:46,21:15:46,813.28,858.0,297.28,1968.56,2119.76,0.0,ready,20:46:14,874.8,18,"[""천호 F1"", ""천호대교 중간지점"", ""지점 4"", ""잠실대교 중간지점"", ""자양2동"", ""청담대교 중간지점"", ""지점 2"", ""성수대교 남단"", ""신사동"", ""신사동 2"", ""잠원동 2"", ""반포동"", ""이촌동"", ""이촌동 2"", ""이촌2동"", ""여의동 2"", ""지점 32"", ""여의도 F2""]"
7b768b2566f7,2026-10-10,FPL001658,UAM0014,a4,4,4,1.0,VP002,잠실,VP011,천호,20,G4,F1,G6,F2,20:05:52,20:22:16,21:25:34,21:36:32,21:46:32,984.42,3798.16,657.92,5440.5,670.34,3716.2,ready,20:22:00,3814.96,7,"[""잠실 F1"", ""지점 3"", ""자양2동"", ""잠실대교 중간지점"", ""지점 4"", ""천호대교 중간지점"", ""천호 F2""]"
7b768b2566f7,2026-10-10,FPL001659,UAM0050,a4,4,4,1.0,VP007,봉천,VP014,가산,20,G1,F1,G6,F2,20:10:17,20:15:31,20:24:32,20:29:15,20:39:15,314.08,541.3,283.2,1138.58,245.6,0.0,ready,20:15:14,558.1,7,"[""봉천 F1"", ""신림동"", ""신림동 2"", ""신사동 3"", ""지점 9"", ""가산동"", ""가산 F2""]"
7b768b2566f7,2026-10-10,FPL001660,UAM0036,a4,4,4,1.0,VP009,성수,VP012,광화문,20,G1,F1,G3,F2,20:07:12,20:20:40,20:28:04,20:32:47,20:42:47,807.78,444.6,283.2,1535.58,493.7,0.0,ready,20:20:23,461.4,8,"[""성수 F1"", ""성수대교 남단"", ""신사동"", ""약수동"", ""지점 39"", ""후암동"", ""회현동2가"", ""광화문 F2""]"
7b768b2566f7,2026-10-10,FPL001661,UAM0093,a4,4,4,1.0,VP017,수서,VP011,천호,20,G5,F1,G6,F2,20:07:48,20:12:48,20:42:49,20:53:47,21:03:47,300.0,1801.72,657.92,2759.64,0,1629.46,ready,20:12:31,1818.52,9,"[""수서 F1"", ""개포3동"", ""잠실7동"", ""지점 3"", ""자양2동"", ""잠실대교 중간지점"", ""지점 4"", ""천호대교 중간지점"", ""천호 F2""]"
7b768b2566f7,2026-10-10,FPL001662,UAM0010,a4,4,4,1.0,VP016,망우,VP002,잠실,20,G3,F1,G5,F2,20:08:05,20:13:05,20:24:18,20:29:01,20:39:01,300.0,673.16,283.2,1256.36,0,94.76,ready,20:12:48,689.96,10,"[""망우 F1"", ""중랑철교"", ""중랑천 제방길"", ""지점"", ""중곡1동"", ""송정동"", ""건대입구"", ""청담대교 중간지점"", ""지점 3"", ""잠실 F2""]"
7b768b2566f7,2026-10-10,FPL001663,UAM0024,a4,4,4,1.0,VP013,강남,VP009,성수,20,G3,F1,G1,F2,20:08:18,20:28:51,20:36:30,20:41:27,20:51:27,1233.52,458.1,297.28,1988.9,905.36,0.0,ready,20:28:35,474.9,9,"[""강남 F1"", ""반포1동"", ""주흥교"", ""잠원동"", ""잠원동 2"", ""신사동 2"", ""신사동"", ""성수대교 남단"", ""성수 F2""]"
7b768b2566f7,2026-10-10,FPL001664,UAM0039,a4,4,4,1.0,VP001,여의도,VP009,성수,20,G4,F1,G4,F2,20:08:37,20:13:37,20:26:01,20:30:44,20:40:44,300.0,744.4,283.2,1327.6,3.5,94.6,ready,20:13:20,761.2,12,"[""여의도 F1"", ""지점 32"", ""여의동 2"", ""이촌2동"", ""이촌동 2"", ""이촌동"", ""반포동"", ""잠원동 2"", ""신사동 2"", ""신사동"", ""성수대교 남단"", ""성수 F2""]"
7b768b2566f7,2026-10-10,FPL001665,UAM0089,a4,4,4,1.0,VP014,가산,VP007,봉천,20,G5,F1,G4,F2,20:12:09,20:17:09,20:26:17,20:31:00,20:41:00,300.0,548.2,283.2,1131.4,190.78,0.0,ready,20:16:52,565.0,7,"[""가산 F1"", ""가산동"", ""지점 9"", ""신사동 3"", ""신림동 2"", ""신림동"", ""봉천 F2""]"
7b768b2566f7,2026-10-10,FPL001666,UAM0077,a4,4,4,1.0,VP011,천호,VP017,수서,20,G8,F1,G6,F2,20:37:36,20:51:51,21:00:45,21:05:29,21:15:29,855.52,534.4,283.2,1673.12,2204.24,0.0,ready,20:51:34,551.2,9,"[""천호 F1"", ""천호대교 중간지점"", ""지점 4"", ""잠실대교 중간지점"", ""자양2동"", ""지점 3"", ""잠실7동"", ""개포3동"", ""수서 F2""]"
7b768b2566f7,2026-10-10,FPL001667,UAM0060,a4,4,4,1.0,VP007,봉천,VP001,여의도,20,G3,F1,G3,F2,20:14:23,20:20:51,20:37:26,20:42:09,20:52:09,388.16,994.56,283.2,1665.92,322.14,471.26,ready,20:20:34,1011.36,5,"[""봉천 F1"", ""신림동"", ""신림동 2"", ""영등포"", ""여의도 F2""]"
7b768b2566f7,2026-10-10,FPL001668,UAM0058,a4,4,4,1.0,VP010,연신내,VP018,인천,20,G3,F1,G8,F2,20:10:30,20:17:09,20:43:42,20:48:25,20:58:25,399.56,1592.74,283.2,2275.5,85.48,243.04,ready,20:16:53,1609.54,18,"[""연신내 F1"", ""지점 23"", ""향동동"", ""지점 24"", ""수색교"", ""지점 25"", ""덕은동"", ""개화동"", ""하야동 2"", ""하야동"", ""선주지동"", ""목상동"", ""시천동 아라로"", ""지점 22"", ""영종대교"", ""영종동"", ""운북동"", ""인천 F2""]"
7b768b2566f7,2026-10-10,FPL001669,UAM0046,a4,4,4,1.0,VP009,성수,VP018,인천,20,G2,F1,G7,F2,20:11:33,20:26:00,20:55:23,21:00:07,21:10:07,867.78,1763.1,283.2,2914.08,553.7,0.0,ready,20:25:44,1779.9,30,"[""성수 F1"", ""성수대교 남단"", ""신사동"", ""약수동"", ""지점 39"", ""후암동"", ""회현동2가"", ""남영동"", ""충정로3가"", ""아현동"", ""대현동"", ""20통"", ""동교동"", ""서교동"", ""합정동"", ""선유도 17고지"", ""성산대교 중간지점"", ""상암동"", ""덕은동"", ""개화동"", ""하야동 2"", ""하야동"", ""선주지동"", ""목상동"", ""시천동 아라로"", ""지점 22"", ""영종대교"", ""영종동"", ""운북동"", ""인천 F2""]"
7b768b2566f7,2026-10-10,FPL001670,UAM0085,a4,4,4,1.0,VP002,잠실,VP012,광화문,20,G6,F1,G4,F2,20:11:47,20:27:37,20:36:43,20:41:26,20:51:26,950.08,546.1,283.2,1779.38,650.08,0.0,ready,20:27:20,562.9,11,"[""잠실 F1"", ""지점 3"", ""청담대교 중간지점"", ""지점 2"", ""성수대교 남단"", ""신사동"", ""약수동"", ""지점 39"", ""후암동"", ""회현동2가"", ""광화문 F2""]"
7b768b2566f7,2026-10-10,FPL001671,UAM0013,a4,4,4,1.0,VP017,수서,VP001,여의도,20,G6,F1,G1,F2,20:13:29,20:18:29,20:42:24,20:47:21,20:57:21,300.0,1434.5,297.28,2031.78,80.74,600.0,ready,20:18:12,1451.3,17,"[""수서 F1"", ""개포3동"", ""잠실7동"", ""지점 3"", ""청담대교 중간지점"", ""지점 2"", ""성수대교 남단"", ""신사동"", ""신사동 2"", ""잠원동 2"", ""반포동"", ""이촌동"", ""이촌동 2"", ""이촌2동"", ""여의동 2"", ""지점 32"", ""여의도 F2""]"
7b768b2566f7,2026-10-10,FPL001672,UAM0038,a4,4,4,1.0,VP003,상암,VP010,연신내,20,G3,F1,G5,F2,20:12:09,20:17:09,20:26:36,20:31:19,20:41:19,300.0,567.58,283.2,1150.78,0,160.88,ready,20:16:52,584.38,7,"[""상암 F1"", ""지점 25"", ""수색교"", ""지점 24"", ""향동동"", ""지점 23"", ""연신내 F2""]"
7b768b2566f7,2026-10-10,FPL001673,UAM0033,a4,4,4,1.0,VP004,용산,VP006,미아,20,G3,F1,G1,F2,20:12:31,20:17:31,20:36:13,20:41:10,20:51:10,300.0,1121.14,297.28,1718.42,0,86.74,ready,20:17:15,1137.94,23,"[""용산 F1"", ""한강로2가"", ""한강로1가"", ""청파동1가"", ""남영동"", ""회현동2가"", ""후암동"", ""지점 39"", ""약수동"", ""신사동"", ""응봉동"", ""지점 12"", ""송정동"", ""중곡1동"", ""지점"", ""중랑천 제방길"", ""중랑철교"", ""중화동"", ""월릉교"", ""공릉1동 2"", ""월계3동"", ""월계동"", ""미아 F2""]"
7b768b2566f7,2026-10-10,FPL001674,UAM0054,a4,4,4,1.0,VP014,가산,VP011,천호,20,G6,F1,G5,F2,20:20:50,20:25:50,21:20:14,21:31:12,21:41:12,300.0,3263.76,657.92,4221.68,451.42,2527.4,ready,20:25:33,3280.56,24,"[""가산 F1"", ""구로동"", ""신정6동"", ""신도림동 2"", ""문래동5가"", ""신도림동"", ""영등포"", ""지점 13"", ""지점 14"", ""이촌2동"", ""이촌동 2"", ""이촌동"", ""반포동"", ""잠원동 2"", ""신사동 2"", ""신사동"", ""성수대교 남단"", ""지점 2"", ""청담대교 중간지점"", ""자양2동"", ""잠실대교 중간지점"", ""지점 4"", ""천호대교 중간지점"", ""천호 F2""]"
7b768b2566f7,2026-10-10,FPL001675,UAM0021,a4,4,4,1.0,VP013,강남,VP006,미아,20,G8,F1,G4,F2,20:19:57,20:34:12,20:52:54,20:57:37,21:07:37,855.52,1122.2,283.2,2260.92,921.68,226.4,ready,20:33:55,1139.0,20,"[""강남 F1"", ""반포1동"", ""주흥교"", ""잠원동"", ""잠원동 2"", ""신사동 2"", ""신사동"", ""응봉동"", ""지점 12"", ""송정동"", ""중곡1동"", ""지점"", ""중랑천 제방길"", ""중랑철교"", ""중화동"", ""월릉교"", ""공릉1동 2"", ""월계3동"", ""월계동"", ""미아 F2""]"
7b768b2566f7,2026-10-10,FPL001676,UAM0082,a4,4,4,1.0,VP001,여의도,VP016,망우,20,G3,F1,G3,F2,20:19:30,20:24:30,20:40:17,20:45:01,20:55:01,300.0,947.8,283.2,1531.0,317.66,0.0,ready,20:24:13,964.6,19,"[""여의도 F1"", ""지점 32"", ""여의동 2"", ""이촌2동"", ""이촌동 2"", ""이촌동"", ""반포동"", ""잠원동 2"", ""신사동 2"", ""신사동"", ""응봉동"", ""지점 12"", ""송정동"", ""중곡1동"", ""지점"", ""중랑천 제방길"", ""중랑철교"", ""중화동"", ""망우 F2""]"
7b768b2566f7,2026-10-10,FPL001677,UAM0023,a4,4,4,1.0,VP008,사당,VP013,강남,20,G3,F1,G5,F2,20:14:41,20:19:41,20:32:12,20:41:29,20:51:29,300.0,751.36,556.64,1608.0,0,531.02,ready,20:19:24,768.16,7,"[""사당 F1"", ""방배동"", ""지점 19"", ""경부고속도로 양재천 다리"", ""지점 21"", ""서초2동 2"", ""강남 F2""]"
7b768b2566f7,2026-10-10,FPL001678,UAM0079,a4,4,4,1.0,VP016,망우,VP015,마곡,20,G4,F1,G8,F2,20:15:41,20:20:41,20:45:33,20:50:16,21:00:16,300.0,1491.36,283.2,2074.56,55.8,139.06,ready,20:20:24,1508.16,28,"[""망우 F1"", ""중랑철교"", ""중랑천 제방길"", ""지점"", ""중곡1동"", ""송정동"", ""지점 12"", ""응봉동"", ""신사동"", ""약수동"", ""지점 39"", ""후암동"", ""회현동2가"", ""남영동"", ""충정로3가"", ""아현동"", ""대현동"", ""20통"", ""동교동"", ""서교동"", ""합정동"", ""선유도 17고지"", ""성산대교 중간지점"", ""상암동"", ""덕은동"", ""개화동"", ""하야동 2"", ""마곡 F2""]"
7b768b2566f7,2026-10-10,FPL001679,UAM0044,a4,4,4,1.0,VP007,봉천,VP013,강남,20,G4,F1,G8,F2,20:19:31,20:26:12,20:36:33,20:51:56,21:01:56,400.88,621.04,923.2,1945.12,334.32,664.34,ready,20:25:55,637.84,12,"[""봉천 F1"", ""봉천동"", ""행운동"", ""인헌동"", ""남현동"", ""방배2동"", ""방배동"", ""지점 19"", ""경부고속도로 양재천 다리"", ""지점 21"", ""서초2동 2"", ""강남 F2""]"
7b768b2566f7,2026-10-10,FPL001680,UAM0083,a4,4,4,1.0,VP009,성수,VP003,상암,20,G3,F1,G3,F2,20:17:05,20:31:21,20:42:59,20:47:42,20:57:42,855.52,697.6,283.2,1836.32,641.86,0.0,ready,20:31:04,714.4,16,"[""성수 F1"", ""성수대교 남단"", ""신사동"", ""약수동"", ""지점 39"", ""후암동"", ""회현동2가"", ""남영동"", ""충정로3가"", ""아현동"", ""대현동"", ""20통"", ""동교동"", ""서교동"", ""합정동"", ""상암 F2""]"
7b768b2566f7,2026-10-10,FPL001681,UAM0011,a4,4,4,1.0,VP011,천호,VP012,광화문,20,G5,F1,G4,F2,20:37:50,20:57:12,21:08:01,21:12:44,21:22:44,1162.08,649.6,283.2,2094.88,2176.08,0.0,ready,20:56:55,666.4,14,"[""천호 F1"", ""천호대교 중간지점"", ""지점 4"", ""잠실대교 중간지점"", ""자양2동"", ""청담대교 중간지점"", ""지점 2"", ""성수대교 남단"", ""신사동"", ""약수동"", ""지점 39"", ""후암동"", ""회현동2가"", ""광화문 F2""]"
7b768b2566f7,2026-10-10,FPL001682,UAM0002,a4,4,4,1.0,VP017,수서,VP001,여의도,20,G3,F1,G4,F2,20:16:43,20:23:50,20:47:44,20:52:27,21:02:27,426.66,1434.5,283.2,2144.36,112.58,600.0,ready,20:23:33,1451.3,17,"[""수서 F1"", ""개포3동"", ""잠실7동"", ""지점 3"", ""청담대교 중간지점"", ""지점 2"", ""성수대교 남단"", ""신사동"", ""신사동 2"", ""잠원동 2"", ""반포동"", ""이촌동"", ""이촌동 2"", ""이촌2동"", ""여의동 2"", ""지점 32"", ""여의도 F2""]"
7b768b2566f7,2026-10-10,FPL001683,UAM0020,a4,4,4,1.0,VP013,강남,VP009,성수,20,G6,F1,G2,F2,20:28:33,20:39:33,20:54:01,20:58:59,21:08:59,660.16,868.7,297.28,1826.14,1053.52,410.6,ready,20:39:16,885.5,9,"[""강남 F1"", ""반포1동"", ""주흥교"", ""잠원동"", ""잠원동 2"", ""신사동 2"", ""신사동"", ""성수대교 남단"", ""성수 F2""]"
7b768b2566f7,2026-10-10,FPL001684,UAM0026,a4,4,4,1.0,VP003,상암,VP001,여의도,20,G4,F1,G2,F2,20:17:43,20:22:43,20:33:05,20:38:02,20:48:02,300.0,622.1,297.28,1219.38,0,129.1,ready,20:22:26,638.9,6,"[""상암 F1"", ""서교동"", ""합정동"", ""선유도 17고지"", ""지점 11"", ""여의도 F2""]"
7b768b2566f7,2026-10-10,FPL001685,UAM0090,a4,4,4,1.0,VP015,마곡,VP007,봉천,20,G7,F1,G3,F2,20:21:25,20:26:25,20:41:05,20:45:48,20:55:48,300.0,879.3,283.2,1462.5,174.54,0.0,ready,20:26:08,896.1,12,"[""마곡 F1"", ""하야동 2"", ""개화동"", ""덕은동"", ""상암동"", ""성산대교 중간지점"", ""선유도 17고지"", ""지점 11"", ""영등포"", ""신림동 2"", ""신림동"", ""봉천 F2""]"
7b768b2566f7,2026-10-10,FPL001686,UAM0064,a4,4,4,1.0,VP001,여의도,VP014,가산,20,G1,F1,G5,F2,20:19:44,20:29:50,20:39:30,20:44:13,20:54:13,606.56,579.8,283.2,1469.56,349.5,0.0,ready,20:29:33,596.6,8,"[""여의도 F1"", ""영등포"", ""신도림동"", ""문래동5가"", ""신도림동 2"", ""신정6동"", ""구로동"", ""가산 F2""]"
7b768b2566f7,2026-10-10,FPL001687,UAM0095,a4,4,4,1.0,VP007,봉천,VP008,사당,20,G2,F1,G4,F2,20:20:12,20:31:33,20:36:45,20:41:28,20:51:28,680.24,312.5,283.2,1275.94,366.16,0.0,ready,20:31:16,329.3,5,"[""봉천 F1"", ""봉천동"", ""행운동"", ""인헌동"", ""사당 F2""]"
7b768b2566f7,2026-10-10,FPL001688,UAM0031,a4,4,4,1.0,VP002,잠실,VP013,강남,20,G5,F1,G6,F2,20:24:45,20:32:58,20:42:51,20:57:31,21:07:31,492.66,593.5,879.78,1965.94,461.96,582.5,ready,20:32:41,610.3,12,"[""잠실 F1"", ""잠실7동"", ""대치교"", ""지점 6"", ""지점 7"", ""지점 8"", ""지점 10"", ""양재동"", ""경부고속도로 양재천 다리"", ""지점 21"", ""서초2동 2"", ""강남 F2""]"
7b768b2566f7,2026-10-10,FPL001689,UAM0048,a4,4,4,1.0,VP012,광화문,VP014,가산,20,G3,F1,G6,F2,20:21:14,20:26:14,20:43:51,20:48:34,20:58:34,300.0,1056.58,283.2,1639.78,45.52,250.78,ready,20:25:57,1073.38,16,"[""광화문 F1"", ""남영동"", ""청파동1가"", ""한강로1가"", ""한강로2가"", ""한강로3가"", ""이촌2동"", ""지점 14"", ""지점 13"", ""영등포"", ""신도림동"", ""문래동5가"", ""신도림동 2"", ""신정6동"", ""구로동"", ""가산 F2""]"
7b768b2566f7,2026-10-10,FPL001690,UAM0080,a4,4,4,1.0,VP013,강남,VP006,미아,20,G7,F1,G1,F2,20:29:07,20:44:53,20:59:49,21:04:46,21:14:46,946.72,895.8,297.28,2139.8,1141.68,0.0,ready,20:44:37,912.6,20,"[""강남 F1"", ""반포1동"", ""주흥교"", ""잠원동"", ""잠원동 2"", ""신사동 2"", ""신사동"", ""응봉동"", ""지점 12"", ""송정동"", ""중곡1동"", ""지점"", ""중랑천 제방길"", ""중랑철교"", ""중화동"", ""월릉교"", ""공릉1동 2"", ""월계3동"", ""월계동"", ""미아 F2""]"
7b768b2566f7,2026-10-10,FPL001691,UAM0057,a4,4,4,1.0,VP011,천호,VP012,광화문,20,G6,F1,G1,F2,20:48:31,21:02:32,21:13:22,21:18:19,21:28:19,841.44,649.6,297.28,1788.32,2176.08,0.0,ready,21:02:16,666.4,14,"[""천호 F1"", ""천호대교 중간지점"", ""지점 4"", ""잠실대교 중간지점"", ""자양2동"", ""청담대교 중간지점"", ""지점 2"", ""성수대교 남단"", ""신사동"", ""약수동"", ""지점 39"", ""후암동"", ""회현동2가"", ""광화문 F2""]"
7b768b2566f7,2026-10-10,FPL001692,UAM0012,a4,4,4,1.0,VP009,성수,VP015,마곡,20,G4,F1,G3,F2,20:21:06,20:36:42,20:59:04,21:04:15,21:14:15,935.58,1342.46,311.36,2589.4,635.58,251.66,ready,20:36:25,1359.26,22,"[""성수 F1"", ""성수대교 남단"", ""신사동"", ""약수동"", ""지점 39"", ""후암동"", ""회현동2가"", ""남영동"", ""충정로3가"", ""아현동"", ""대현동"", ""20통"", ""동교동"", ""서교동"", ""합정동"", ""선유도 17고지"", ""성산대교 중간지점"", ""상암동"", ""덕은동"", ""개화동"", ""하야동 2"", ""마곡 F2""]"
7b768b2566f7,2026-10-10,FPL001693,UAM0006,a4,4,4,1.0,VP010,연신내,VP002,잠실,20,G5,F1,G5,F2,20:27:03,20:32:03,20:51:31,20:56:14,21:06:14,300.0,1168.3,283.2,1751.5,297.72,0.0,ready,20:31:46,1185.1,27,"[""연신내 F1"", ""지점 23"", ""향동동"", ""지점 24"", ""수색교"", ""지점 25"", ""상암동"", ""성산대교 중간지점"", ""선유도 17고지"", ""합정동"", ""서교동"", ""동교동"", ""20통"", ""대현동"", ""아현동"", ""충정로3가"", ""남영동"", ""회현동2가"", ""후암동"", ""지점 39"", ""약수동"", ""신사동"", ""성수대교 남단"", ""지점 2"", ""청담대교 중간지점"", ""지점 3"", ""잠실 F2""]"
7b768b2566f7,2026-10-10,FPL001694,UAM0088,a4,4,4,1.0,VP014,가산,VP012,광화문,20,G3,F1,G3,F2,20:22:19,20:31:11,20:45:39,20:50:22,21:00:22,532.08,868.0,283.2,1683.28,218.0,63.9,ready,20:30:54,884.8,16,"[""가산 F1"", ""구로동"", ""신정6동"", ""신도림동 2"", ""문래동5가"", ""신도림동"", ""영등포"", ""지점 13"", ""지점 14"", ""이촌2동"", ""한강로3가"", ""한강로2가"", ""한강로1가"", ""청파동1가"", ""남영동"", ""광화문 F2""]"
7b768b2566f7,2026-10-10,FPL001695,UAM0018,a4,4,4,1.0,VP017,수서,VP015,마곡,20,G5,F1,G5,F2,20:23:25,20:29:10,20:50:23,20:55:20,21:05:20,345.52,1272.5,297.28,1915.3,45.52,0.0,ready,20:28:53,1289.3,27,"[""수서 F1"", ""개포3동"", ""잠실7동"", ""지점 3"", ""청담대교 중간지점"", ""지점 2"", ""성수대교 남단"", ""신사동"", ""약수동"", ""지점 39"", ""후암동"", ""회현동2가"", ""남영동"", ""충정로3가"", ""아현동"", ""대현동"", ""20통"", ""동교동"", ""서교동"", ""합정동"", ""선유도 17고지"", ""성산대교 중간지점"", ""상암동"", ""덕은동"", ""개화동"", ""하야동 2"", ""마곡 F2""]"
7b768b2566f7,2026-10-10,FPL001696,UAM0029,a4,4,4,1.0,VP007,봉천,VP016,망우,20,G1,F1,G3,F2,20:24:33,20:36:53,20:57:40,21:02:23,21:12:23,740.24,1246.78,283.2,2270.22,426.16,305.68,ready,20:36:36,1263.58,25,"[""봉천 F1"", ""봉천동"", ""행운동"", ""인헌동"", ""남현동"", ""방배2동"", ""사당1동"", ""사당1동 2"", ""방배4동"", ""동작동"", ""동작동 2"", ""이촌동"", ""반포동"", ""잠원동 2"", ""신사동 2"", ""신사동"", ""응봉동"", ""지점 12"", ""송정동"", ""중곡1동"", ""지점"", ""중랑천 제방길"", ""중랑철교"", ""중화동"", ""망우 F2""]"
7b768b2566f7,2026-10-10,FPL001697,UAM0043,a4,4,4,1.0,VP012,광화문,VP016,망우,20,G4,F1,G4,F2,20:24:49,20:31:35,20:44:38,20:49:21,20:59:21,405.52,783.3,283.2,1472.02,105.52,16.5,ready,20:31:18,800.1,15,"[""광화문 F1"", ""회현동2가"", ""후암동"", ""지점 39"", ""약수동"", ""신사동"", ""응봉동"", ""지점 12"", ""송정동"", ""중곡1동"", ""지점"", ""중랑천 제방길"", ""중랑철교"", ""중화동"", ""망우 F2""]"
7b768b2566f7,2026-10-10,FPL001698,UAM0094,a4,4,4,1.0,VP001,여의도,VP009,성수,20,G4,F1,G4,F2,20:28:11,20:35:11,20:49:41,20:54:24,21:04:24,419.54,869.88,283.2,1572.62,306.16,220.08,ready,20:34:54,886.68,12,"[""여의도 F1"", ""지점 32"", ""여의동 2"", ""이촌2동"", ""이촌동 2"", ""이촌동"", ""반포동"", ""잠원동 2"", ""신사동 2"", ""신사동"", ""성수대교 남단"", ""성수 F2""]"
7b768b2566f7,2026-10-10,FPL001699,UAM0084,a4,4,4,1.0,VP013,강남,VP006,미아,20,G5,F1,G3,F2,20:28:53,20:50:14,21:05:10,21:09:53,21:19:53,1281.44,895.8,283.2,2460.44,1173.52,0.0,ready,20:49:57,912.6,20,"[""강남 F1"", ""반포1동"", ""주흥교"", ""잠원동"", ""잠원동 2"", ""신사동 2"", ""신사동"", ""응봉동"", ""지점 12"", ""송정동"", ""중곡1동"", ""지점"", ""중랑천 제방길"", ""중랑철교"", ""중화동"", ""월릉교"", ""공릉1동 2"", ""월계3동"", ""월계동"", ""미아 F2""]"
7b768b2566f7,2026-10-10,FPL001700,UAM0001,a4,4,4,1.0,VP016,망우,VP008,사당,20,G3,F1,G3,F2,20:30:13,20:35:13,20:49:32,20:54:15,21:04:15,300.0,859.0,283.2,1442.2,276.02,0.0,ready,20:34:56,875.8,20,"[""망우 F1"", ""중랑철교"", ""중랑천 제방길"", ""지점"", ""중곡1동"", ""송정동"", ""건대입구"", ""청담대교 중간지점"", ""지점 3"", ""잠실7동"", ""대치교"", ""지점 6"", ""지점 7"", ""지점 8"", ""지점 10"", ""양재동"", ""경부고속도로 양재천 다리"", ""지점 19"", ""방배동"", ""사당 F2""]"
7b768b2566f7,2026-10-10,FPL001701,UAM0040,a4,4,4,1.0,VP014,가산,VP005,목동,20,G5,F1,G7,F2,20:29:19,20:36:31,20:44:16,20:48:59,20:58:59,431.98,464.3,283.2,1179.48,306.16,0.0,ready,20:36:15,481.1,4,"[""가산 F1"", ""구로동"", ""신정6동"", ""목동 F2""]"
7b768b2566f7,2026-10-10,FPL001702,UAM0007,a4,4,4,1.0,VP011,천호,VP001,여의도,20,G4,F1,G1,F2,20:38:04,21:07:53,21:22:11,21:27:08,21:37:08,1789.28,858.0,297.28,2944.56,2147.92,0.0,ready,21:07:36,874.8,18,"[""천호 F1"", ""천호대교 중간지점"", ""지점 4"", ""잠실대교 중간지점"", ""자양2동"", ""청담대교 중간지점"", ""지점 2"", ""성수대교 남단"", ""신사동"", ""신사동 2"", ""잠원동 2"", ""반포동"", ""이촌동"", ""이촌동 2"", ""이촌2동"", ""여의동 2"", ""지점 32"", ""여의도 F2""]"
7b768b2566f7,2026-10-10,FPL001703,UAM0071,a4,4,4,1.0,VP009,성수,VP018,인천,20,G1,F1,G7,F2,20:35:23,20:42:02,21:11:25,21:16:09,21:26:09,398.86,1763.1,283.2,2445.16,572.88,0.0,ready,20:41:45,1779.9,30,"[""성수 F1"", ""성수대교 남단"", ""신사동"", ""약수동"", ""지점 39"", ""후암동"", ""회현동2가"", ""남영동"", ""충정로3가"", ""아현동"", ""대현동"", ""20통"", ""동교동"", ""서교동"", ""합정동"", ""선유도 17고지"", ""성산대교 중간지점"", ""상암동"", ""덕은동"", ""개화동"", ""하야동 2"", ""하야동"", ""선주지동"", ""목상동"", ""시천동 아라로"", ""지점 22"", ""영종대교"", ""영종동"", ""운북동"", ""인천 F2""]"
7b768b2566f7,2026-10-10,FPL001704,UAM0004,a4,4,4,1.0,VP018,인천,VP013,강남,20,G7,F1,G4,F2,20:31:18,20:36:18,21:13:35,21:18:47,21:28:47,300.0,2237.74,311.36,2849.1,236.2,535.74,ready,20:36:01,2254.54,29,"[""인천 F1"", ""운북동"", ""영종동"", ""지점 26"", ""지점 27"", ""지점 28"", ""간석3동"", ""지점 37"", ""지점 29"", ""지점 30"", ""지점 31"", ""지점 17"", ""가산동"", ""지점 9"", ""신사동 3"", ""신림동 2"", ""신림동"", ""은천동"", ""봉천동"", ""행운동"", ""인헌동"", ""남현동"", ""방배2동"", ""방배동"", ""지점 19"", ""경부고속도로 양재천 다리"", ""지점 21"", ""서초2동 2"", ""강남 F2""]"
7b768b2566f7,2026-10-10,FPL001705,UAM0091,a4,4,4,1.0,VP017,수서,VP006,미아,20,G6,F1,G3,F2,20:27:45,20:34:31,20:48:34,20:53:17,21:03:17,405.52,842.7,283.2,1531.42,105.52,0.0,ready,20:34:14,859.5,17,"[""수서 F1"", ""개포3동"", ""잠실7동"", ""지점 3"", ""청담대교 중간지점"", ""건대입구"", ""송정동"", ""중곡1동"", ""지점"", ""중랑천 제방길"", ""중랑철교"", ""중화동"", ""월릉교"", ""공릉1동 2"", ""월계3동"", ""월계동"", ""미아 F2""]"
7b768b2566f7,2026-10-10,FPL001706,UAM0032,a4,4,4,1.0,VP004,용산,VP016,망우,20,G3,F1,G1,F2,20:29:03,20:34:03,20:48:59,20:53:56,21:03:56,300.0,895.32,297.28,1492.6,0,0.52,ready,20:33:47,912.12,19,"[""용산 F1"", ""한강로2가"", ""한강로1가"", ""청파동1가"", ""남영동"", ""회현동2가"", ""후암동"", ""지점 39"", ""약수동"", ""신사동"", ""응봉동"", ""지점 12"", ""송정동"", ""중곡1동"", ""지점"", ""중랑천 제방길"", ""중랑철교"", ""중화동"", ""망우 F2""]"
7b768b2566f7,2026-10-10,FPL001707,UAM0015,a4,4,4,1.0,VP007,봉천,VP017,수서,20,G3,F1,G5,F2,20:35:25,20:42:14,20:53:55,20:58:38,21:08:38,408.76,700.7,283.2,1392.66,467.04,0.0,ready,20:41:57,717.5,18,"[""봉천 F1"", ""봉천동"", ""행운동"", ""인헌동"", ""남현동"", ""방배2동"", ""방배동"", ""지점 19"", ""경부고속도로 양재천 다리"", ""양재동"", ""지점 10"", ""지점 8"", ""지점 7"", ""지점 6"", ""대치교"", ""잠실7동"", ""개포3동"", ""수서 F2""]"
7b768b2566f7,2026-10-10,FPL001708,UAM0035,a4,4,4,1.0,VP001,여의도,VP015,마곡,20,G2,F1,G6,F2,20:29:39,20:40:32,20:54:43,20:59:41,21:09:41,652.08,851.9,297.28,1801.26,338.0,152.5,ready,20:40:15,868.7,9,"[""여의도 F1"", ""지점 11"", ""선유도 17고지"", ""성산대교 중간지점"", ""상암동"", ""덕은동"", ""개화동"", ""하야동 2"", ""마곡 F2""]"
7b768b2566f7,2026-10-10,FPL001709,UAM0055,a4,4,4,1.0,VP010,연신내,VP001,여의도,20,G6,F1,G2,F2,20:31:24,20:37:24,20:52:05,20:57:02,21:07:02,360.0,881.26,297.28,1538.54,156.62,206.56,ready,20:37:07,898.06,11,"[""연신내 F1"", ""지점 23"", ""향동동"", ""지점 24"", ""수색교"", ""지점 25"", ""상암동"", ""성산대교 중간지점"", ""선유도 17고지"", ""지점 11"", ""여의도 F2""]"
7b768b2566f7,2026-10-10,FPL001710,UAM0070,a4,4,4,1.0,VP002,잠실,VP014,가산,20,G6,F1,G3,F2,20:30:20,20:38:18,20:53:58,20:58:55,21:08:55,478.18,939.4,297.28,1714.86,178.18,0.0,ready,20:38:01,956.2,23,"[""잠실 F1"", ""잠실7동"", ""대치교"", ""지점 6"", ""지점 7"", ""지점 8"", ""지점 10"", ""양재동"", ""경부고속도로 양재천 다리"", ""지점 19"", ""방배동"", ""방배2동"", ""남현동"", ""인헌동"", ""행운동"", ""봉천동"", ""은천동"", ""신림동"", ""신림동 2"", ""신사동 3"", ""지점 9"", ""가산동"", ""가산 F2""]"
7b768b2566f7,2026-10-10,FPL001711,UAM0037,a4,4,4,1.0,VP013,강남,VP007,봉천,20,G3,F1,G3,F2,20:30:20,20:55:35,21:05:31,21:10:14,21:20:14,1514.16,595.9,283.2,2393.26,1186.0,0.0,ready,20:55:18,612.7,12,"[""강남 F1"", ""서초2동 2"", ""지점 21"", ""경부고속도로 양재천 다리"", ""지점 19"", ""방배동"", ""방배2동"", ""남현동"", ""인헌동"", ""행운동"", ""봉천동"", ""봉천 F2""]"
7b768b2566f7,2026-10-10,FPL001712,UAM0099,a4,4,4,1.0,VP014,가산,VP008,사당,20,G4,F1,G4,F2,20:31:00,20:41:52,20:53:53,20:58:36,21:08:36,652.08,720.7,283.2,1655.98,338.0,120.0,ready,20:41:35,737.5,11,"[""가산 F1"", ""가산동"", ""지점 9"", ""신사동 3"", ""신림동 2"", ""신림동"", ""은천동"", ""봉천동"", ""행운동"", ""인헌동"", ""사당 F2""]"
7b768b2566f7,2026-10-10,FPL001713,UAM0009,a4,4,4,1.0,VP015,마곡,VP001,여의도,20,G8,F1,G3,F2,20:31:21,20:36:21,20:56:25,21:01:09,21:11:09,300.0,1204.42,283.2,1787.62,0,512.62,ready,20:36:04,1221.22,9,"[""마곡 F1"", ""하야동 2"", ""개화동"", ""덕은동"", ""상암동"", ""성산대교 중간지점"", ""선유도 17고지"", ""지점 11"", ""여의도 F2""]"
7b768b2566f7,2026-10-10,FPL001714,UAM0005,a4,4,4,1.0,VP012,광화문,VP009,성수,20,G1,F1,G3,F2,20:31:24,20:37:52,20:45:20,20:50:03,21:00:03,387.78,448.4,283.2,1119.38,73.7,0.0,ready,20:37:35,465.2,8,"[""광화문 F1"", ""회현동2가"", ""후암동"", ""지점 39"", ""약수동"", ""신사동"", ""성수대교 남단"", ""성수 F2""]"
7b768b2566f7,2026-10-10,FPL001715,UAM0030,a4,4,4,1.0,VP018,인천,VP009,성수,20,G8,F1,G4,F2,20:31:42,20:41:38,21:10:58,21:15:41,21:25:41,596.2,1759.2,283.2,2638.6,296.2,0.0,ready,20:41:22,1776.0,30,"[""인천 F1"", ""운북동"", ""영종동"", ""영종대교"", ""지점 22"", ""시천동 아라로"", ""목상동"", ""선주지동"", ""하야동"", ""하야동 2"", ""개화동"", ""덕은동"", ""상암동"", ""성산대교 중간지점"", ""선유도 17고지"", ""합정동"", ""서교동"", ""동교동"", ""20통"", ""대현동"", ""아현동"", ""충정로3가"", ""남영동"", ""회현동2가"", ""후암동"", ""지점 39"", ""약수동"", ""신사동"", ""성수대교 남단"", ""성수 F2""]"
7b768b2566f7,2026-10-10,FPL001716,UAM0072,a4,4,4,1.0,VP011,천호,VP017,수서,20,G3,F1,G3,F2,20:59:26,21:13:14,21:27:29,21:32:27,21:42:27,827.36,855.8,297.28,1980.44,2147.92,321.4,ready,21:12:57,872.6,9,"[""천호 F1"", ""천호대교 중간지점"", ""지점 4"", ""잠실대교 중간지점"", ""자양2동"", ""지점 3"", ""잠실7동"", ""개포3동"", ""수서 F2""]"
7b768b2566f7,2026-10-10,FPL001717,UAM0042,a4,4,4,1.0,VP017,수서,VP016,망우,20,G3,F1,G2,F2,20:32:20,20:39:52,20:53:19,20:58:17,21:08:17,451.44,807.76,297.28,1556.48,137.36,104.76,ready,20:39:35,824.56,13,"[""수서 F1"", ""개포3동"", ""잠실7동"", ""지점 3"", ""청담대교 중간지점"", ""건대입구"", ""송정동"", ""중곡1동"", ""지점"", ""중랑천 제방길"", ""중랑철교"", ""중화동"", ""망우 F2""]"
7b768b2566f7,2026-10-10,FPL001718,UAM0096,a4,4,4,1.0,VP001,여의도,VP011,천호,20,G3,F1,G4,F2,20:37:53,20:45:52,21:30:55,21:42:07,21:52:07,479.54,2702.94,672.0,3854.48,426.16,2196.18,ready,20:45:35,2719.74,18,"[""여의도 F1"", ""지점 32"", ""여의동 2"", ""이촌2동"", ""이촌동 2"", ""이촌동"", ""반포동"", ""잠원동 2"", ""신사동 2"", ""신사동"", ""성수대교 남단"", ""지점 2"", ""청담대교 중간지점"", ""자양2동"", ""잠실대교 중간지점"", ""지점 4"", ""천호대교 중간지점"", ""천호 F2""]"
7b768b2566f7,2026-10-10,FPL001719,UAM0034,a4,4,4,1.0,VP002,잠실,VP018,인천,20,G3,F1,G8,F2,20:34:55,20:43:39,21:15:46,21:20:29,21:30:29,524.1,1927.12,283.2,2734.42,210.02,172.32,ready,20:43:22,1943.92,34,"[""잠실 F1"", ""잠실7동"", ""대치교"", ""지점 6"", ""지점 7"", ""지점 8"", ""지점 10"", ""양재동"", ""경부고속도로 양재천 다리"", ""지점 19"", ""방배동"", ""방배2동"", ""남현동"", ""인헌동"", ""행운동"", ""봉천동"", ""은천동"", ""신림동"", ""신림동 2"", ""신사동 3"", ""지점 9"", ""가산동"", ""지점 17"", ""지점 31"", ""지점 30"", ""지점 29"", ""지점 37"", ""간석3동"", ""지점 28"", ""지점 27"", ""지점 26"", ""영종동"", ""운북동"", ""인천 F2""]"
7b768b2566f7,2026-10-10,FPL001720,UAM0081,a4,4,4,1.0,VP013,강남,VP014,가산,20,G8,F1,G2,F2,20:42:07,21:00:55,21:23:03,21:28:14,21:38:14,1128.0,1327.44,311.36,2766.8,1242.32,446.24,ready,21:00:38,1344.24,18,"[""강남 F1"", ""서초2동 2"", ""지점 21"", ""경부고속도로 양재천 다리"", ""지점 19"", ""방배동"", ""방배2동"", ""남현동"", ""인헌동"", ""행운동"", ""봉천동"", ""은천동"", ""신림동"", ""신림동 2"", ""신사동 3"", ""지점 9"", ""가산동"", ""가산 F2""]"
7b768b2566f7,2026-10-10,FPL001721,UAM0069,a4,4,4,1.0,VP011,천호,VP006,미아,20,G7,F1,G3,F2,21:04:19,21:18:34,21:30:39,21:35:22,21:45:22,855.52,724.8,283.2,1863.52,2204.24,0.0,ready,21:18:17,741.6,15,"[""천호 F1"", ""천호대교 중간지점"", ""아차산 고가차도"", ""구의동"", ""능동"", ""중곡1동"", ""지점"", ""중랑천 제방길"", ""중랑철교"", ""중화동"", ""월릉교"", ""공릉1동 2"", ""월계3동"", ""월계동"", ""미아 F2""]"
7b768b2566f7,2026-10-10,FPL001722,UAM0017,a4,4,4,1.0,VP010,연신내,VP013,강남,20,G3,F1,G8,F2,20:37:13,20:46:14,21:09:15,21:13:58,21:23:58,540.98,1381.1,283.2,2205.28,226.9,341.9,ready,20:45:57,1397.9,22,"[""연신내 F1"", ""지점 23"", ""향동동"", ""지점 24"", ""수색교"", ""지점 25"", ""상암동"", ""성산대교 중간지점"", ""선유도 17고지"", ""지점 5"", ""서강대교 중간지점"", ""지점 32"", ""여의동 2"", ""이촌2동"", ""이촌동 2"", ""이촌동"", ""반포동"", ""잠원동 2"", ""잠원동"", ""주흥교"", ""반포1동"", ""강남 F2""]"
7b768b2566f7,2026-10-10,FPL001723,UAM0086,a4,4,4,1.0,VP009,성수,VP014,가산,20,G3,F1,G6,F2,20:41:17,20:47:23,21:05:13,21:09:56,21:19:56,365.92,1070.36,283.2,1719.48,280.4,181.56,ready,20:47:06,1087.16,18,"[""성수 F1"", ""성수대교 남단"", ""신사동"", ""신사동 2"", ""잠원동 2"", ""반포동"", ""이촌동"", ""이촌동 2"", ""이촌2동"", ""지점 14"", ""지점 13"", ""영등포"", ""신도림동"", ""문래동5가"", ""신도림동 2"", ""신정6동"", ""구로동"", ""가산 F2""]"
7b768b2566f7,2026-10-10,FPL001724,UAM0087,a4,4,4,1.0,VP001,여의도,VP014,가산,20,G1,F1,G5,F2,20:38:21,20:51:13,21:00:53,21:05:36,21:15:36,771.62,579.8,283.2,1634.62,457.54,0.0,ready,20:50:56,596.6,8,"[""여의도 F1"", ""영등포"", ""신도림동"", ""문래동5가"", ""신도림동 2"", ""신정6동"", ""구로동"", ""가산 F2""]"
7b768b2566f7,2026-10-10,FPL001725,UAM0098,a4,4,4,1.0,VP013,강남,VP012,광화문,20,G4,F1,G2,F2,20:41:39,21:06:16,21:17:43,21:22:40,21:32:40,1476.8,686.64,297.28,2460.72,1325.36,148.84,ready,21:05:59,703.44,12,"[""강남 F1"", ""반포1동"", ""주흥교"", ""잠원동"", ""잠원동 2"", ""신사동 2"", ""신사동"", ""약수동"", ""지점 39"", ""후암동"", ""회현동2가"", ""광화문 F2""]"
7b768b2566f7,2026-10-10,FPL001726,UAM0010,a4,4,4,1.0,VP002,잠실,VP011,천호,20,G5,F1,G7,F2,20:39:01,20:49:00,21:41:36,21:52:20,22:02:20,598.18,3156.88,643.84,4398.9,298.18,3074.92,ready,20:48:43,3173.68,7,"[""잠실 F1"", ""지점 3"", ""자양2동"", ""잠실대교 중간지점"", ""지점 4"", ""천호대교 중간지점"", ""천호 F2""]"
7b768b2566f7,2026-10-10,FPL001727,UAM0050,a4,4,4,1.0,VP014,가산,VP017,수서,20,G6,F1,G3,F2,20:44:17,20:49:17,21:05:46,21:10:43,21:20:43,300.0,988.7,297.28,1585.98,302.36,0.0,ready,20:49:01,1005.5,24,"[""가산 F1"", ""가산동"", ""지점 9"", ""신사동 3"", ""신림동 2"", ""신림동"", ""은천동"", ""봉천동"", ""행운동"", ""인헌동"", ""남현동"", ""방배2동"", ""방배동"", ""지점 19"", ""경부고속도로 양재천 다리"", ""양재동"", ""지점 10"", ""지점 8"", ""지점 7"", ""지점 6"", ""대치교"", ""잠실7동"", ""개포3동"", ""수서 F2""]"
7b768b2566f7,2026-10-10,FPL001728,UAM0065,a4,4,4,1.0,VP016,망우,VP013,강남,20,G4,F1,G3,F2,20:45:05,20:50:05,21:04:54,21:10:06,21:20:06,300.0,889.32,311.36,1500.68,296.04,179.22,ready,20:49:48,906.12,15,"[""망우 F1"", ""중랑철교"", ""중랑천 제방길"", ""지점"", ""중곡1동"", ""송정동"", ""지점 12"", ""응봉동"", ""신사동"", ""신사동 2"", ""잠원동 2"", ""잠원동"", ""주흥교"", ""반포1동"", ""강남 F2""]"
7b768b2566f7,2026-10-10,FPL001729,UAM0019,a4,4,4,1.0,VP008,사당,VP015,마곡,20,G3,F1,G7,F2,20:41:32,20:46:32,21:03:25,21:08:08,21:18:08,300.0,1012.22,283.2,1595.42,54.04,78.32,ready,20:46:16,1029.02,16,"[""사당 F1"", ""인헌동"", ""행운동"", ""봉천동"", ""은천동"", ""신림동"", ""신림동 2"", ""영등포"", ""지점 11"", ""선유도 17고지"", ""성산대교 중간지점"", ""상암동"", ""덕은동"", ""개화동"", ""하야동 2"", ""마곡 F2""]"
7b768b2566f7,2026-10-10,FPL001730,UAM0039,a4,4,4,1.0,VP009,성수,VP013,강남,20,G4,F1,G5,F2,20:41:37,20:52:44,21:00:34,21:08:12,21:18:12,666.56,470.0,458.62,1595.18,419.1,161.34,ready,20:52:27,486.8,9,"[""성수 F1"", ""성수대교 남단"", ""신사동"", ""신사동 2"", ""잠원동 2"", ""잠원동"", ""주흥교"", ""반포1동"", ""강남 F2""]"
7b768b2566f7,2026-10-10,FPL001731,UAM0089,a4,4,4,1.0,VP007,봉천,VP012,광화문,20,G4,F1,G3,F2,20:45:52,20:50:52,21:01:39,21:06:22,21:16:22,300.0,646.9,283.2,1230.1,291.8,0.0,ready,20:50:35,663.7,13,"[""봉천 F1"", ""봉천동"", ""지점 38"", ""상도1동 2"", ""상도1동"", ""상도터널"", ""이촌동 2"", ""한강로3가"", ""한강로2가"", ""한강로1가"", ""청파동1가"", ""남영동"", ""광화문 F2""]"
7b768b2566f7,2026-10-10,FPL001732,UAM0038,a4,4,4,1.0,VP010,연신내,VP017,수서,20,G5,F1,G4,F2,20:41:34,20:51:34,21:14:27,21:19:25,21:29:25,600.64,1373.12,297.28,2271.04,315.06,123.52,ready,20:51:18,1389.92,29,"[""연신내 F1"", ""지점 23"", ""향동동"", ""지점 24"", ""수색교"", ""지점 25"", ""상암동"", ""성산대교 중간지점"", ""선유도 17고지"", ""합정동"", ""서교동"", ""동교동"", ""20통"", ""대현동"", ""아현동"", ""충정로3가"", ""남영동"", ""회현동2가"", ""후암동"", ""지점 39"", ""약수동"", ""신사동"", ""성수대교 남단"", ""지점 2"", ""청담대교 중간지점"", ""지점 3"", ""잠실7동"", ""개포3동"", ""수서 F2""]"
7b768b2566f7,2026-10-10,FPL001733,UAM0003,a4,4,4,1.0,VP018,인천,VP001,여의도,20,G5,F1,G4,F2,20:41:28,20:53:30,21:17:48,21:24:59,21:34:59,722.04,1458.02,431.2,2611.26,407.96,229.72,ready,20:53:13,1474.82,19,"[""인천 F1"", ""운북동"", ""영종동"", ""지점 26"", ""지점 27"", ""지점 28"", ""간석3동"", ""지점 37"", ""지점 29"", ""지점 30"", ""지점 31"", ""지점 17"", ""구로동"", ""신정6동"", ""신도림동 2"", ""문래동5가"", ""신도림동"", ""영등포"", ""여의도 F2""]"
7b768b2566f7,2026-10-10,FPL001734,UAM0027,a4,4,4,1.0,VP006,미아,VP007,봉천,20,G3,F1,G4,F2,20:45:21,20:50:21,21:09:51,21:14:34,21:24:34,300.0,1170.46,283.2,1753.66,215.78,98.46,ready,20:50:04,1187.26,29,"[""미아 F1"", ""월계동"", ""월계3동"", ""공릉1동 2"", ""월릉교"", ""중화동"", ""중랑철교"", ""중랑천 제방길"", ""지점"", ""중곡1동"", ""송정동"", ""지점 12"", ""응봉동"", ""신사동"", ""신사동 2"", ""잠원동 2"", ""반포동"", ""이촌동"", ""동작동 2"", ""동작동"", ""방배4동"", ""사당1동 2"", ""사당1동"", ""방배2동"", ""남현동"", ""인헌동"", ""행운동"", ""봉천동"", ""봉천 F2""]"
7b768b2566f7,2026-10-10,FPL001735,UAM0036,a4,4,4,1.0,VP012,광화문,VP006,미아,20,G3,F1,G2,F2,20:46:06,20:51:06,21:09:30,21:14:28,21:24:28,300.0,1104.92,297.28,1702.2,198.02,198.52,ready,20:50:49,1121.72,19,"[""광화문 F1"", ""회현동2가"", ""후암동"", ""지점 39"", ""약수동"", ""신사동"", ""응봉동"", ""지점 12"", ""송정동"", ""중곡1동"", ""지점"", ""중랑천 제방길"", ""중랑철교"", ""중화동"", ""월릉교"", ""공릉1동 2"", ""월계3동"", ""월계동"", ""미아 F2""]"
7b768b2566f7,2026-10-10,FPL001736,UAM0092,a4,4,4,1.0,VP011,천호,VP003,상암,20,G1,F1,G2,F2,20:42:53,21:23:55,21:38:57,21:43:55,21:53:55,2462.0,902.6,297.28,3661.88,2119.76,0.0,ready,21:23:38,919.4,22,"[""천호 F1"", ""천호대교 중간지점"", ""지점 4"", ""잠실대교 중간지점"", ""자양2동"", ""청담대교 중간지점"", ""지점 2"", ""성수대교 남단"", ""신사동"", ""약수동"", ""지점 39"", ""후암동"", ""회현동2가"", ""남영동"", ""충정로3가"", ""아현동"", ""대현동"", ""20통"", ""동교동"", ""서교동"", ""합정동"", ""상암 F2""]"
7b768b2566f7,2026-10-10,FPL001737,UAM0061,a4,4,4,1.0,VP001,여의도,VP002,잠실,20,G4,F1,G5,F2,20:47:11,20:56:33,21:09:06,21:13:49,21:23:49,562.5,752.4,283.2,1598.1,485.7,0.0,ready,20:56:17,769.2,15,"[""여의도 F1"", ""지점 32"", ""여의동 2"", ""이촌2동"", ""이촌동 2"", ""이촌동"", ""반포동"", ""잠원동 2"", ""신사동 2"", ""신사동"", ""성수대교 남단"", ""지점 2"", ""청담대교 중간지점"", ""지점 3"", ""잠실 F2""]"
7b768b2566f7,2026-10-10,FPL001738,UAM0067,a4,4,4,1.0,VP009,성수,VP015,마곡,20,G2,F1,G8,F2,20:45:19,20:58:04,21:16:15,21:21:15,21:31:15,765.02,1090.8,299.98,2155.8,450.94,16.78,ready,20:57:47,1107.6,22,"[""성수 F1"", ""성수대교 남단"", ""신사동"", ""약수동"", ""지점 39"", ""후암동"", ""회현동2가"", ""남영동"", ""충정로3가"", ""아현동"", ""대현동"", ""20통"", ""동교동"", ""서교동"", ""합정동"", ""선유도 17고지"", ""성산대교 중간지점"", ""상암동"", ""덕은동"", ""개화동"", ""하야동 2"", ""마곡 F2""]"
7b768b2566f7,2026-10-10,FPL001739,UAM0097,a4,4,4,1.0,VP007,봉천,VP011,천호,20,G1,F1,G3,F2,20:45:35,20:56:13,21:36:16,21:47:28,21:57:28,637.72,2403.12,672.0,3712.84,323.64,1902.56,ready,20:55:56,2419.92,22,"[""봉천 F1"", ""봉천동"", ""행운동"", ""인헌동"", ""남현동"", ""방배2동"", ""방배동"", ""지점 19"", ""경부고속도로 양재천 다리"", ""양재동"", ""지점 10"", ""지점 8"", ""지점 7"", ""지점 6"", ""대치교"", ""잠실7동"", ""지점 3"", ""자양2동"", ""잠실대교 중간지점"", ""지점 4"", ""천호대교 중간지점"", ""천호 F2""]"
7b768b2566f7,2026-10-10,FPL001740,UAM0025,a4,4,4,1.0,VP013,강남,VP009,성수,20,G7,F1,G3,F2,20:57:21,21:11:37,21:19:15,21:23:58,21:33:58,855.52,458.1,283.2,1596.82,1242.32,0.0,ready,21:11:20,474.9,9,"[""강남 F1"", ""반포1동"", ""주흥교"", ""잠원동"", ""잠원동 2"", ""신사동 2"", ""신사동"", ""성수대교 남단"", ""성수 F2""]"
7b768b2566f7,2026-10-10,FPL001741,UAM0075,a4,4,4,1.0,VP006,미아,VP017,수서,20,G4,F1,G5,F2,20:46:35,20:55:41,21:10:07,21:14:50,21:24:50,546.16,865.48,283.2,1694.84,246.16,21.38,ready,20:55:25,882.28,17,"[""미아 F1"", ""월계동"", ""월계3동"", ""공릉1동 2"", ""월릉교"", ""중화동"", ""중랑철교"", ""중랑천 제방길"", ""지점"", ""중곡1동"", ""송정동"", ""건대입구"", ""청담대교 중간지점"", ""지점 3"", ""잠실7동"", ""개포3동"", ""수서 F2""]"
7b768b2566f7,2026-10-10,FPL001742,UAM0026,a4,4,4,1.0,VP001,여의도,VP002,잠실,20,G2,F1,G6,F2,20:48:02,21:01:54,21:14:26,21:19:10,21:29:10,831.62,752.4,283.2,1867.22,517.54,0.0,ready,21:01:37,769.2,15,"[""여의도 F1"", ""지점 32"", ""여의동 2"", ""이촌2동"", ""이촌동 2"", ""이촌동"", ""반포동"", ""잠원동 2"", ""신사동 2"", ""신사동"", ""성수대교 남단"", ""지점 2"", ""청담대교 중간지점"", ""지점 3"", ""잠실 F2""]"
7b768b2566f7,2026-10-10,FPL001743,UAM0049,a4,4,4,1.0,VP011,천호,VP016,망우,20,G2,F1,G3,F2,21:15:42,21:29:16,21:39:01,21:43:44,21:53:44,813.28,585.2,283.2,1681.68,2119.76,0.0,ready,21:28:59,602.0,11,"[""천호 F1"", ""천호대교 중간지점"", ""아차산 고가차도"", ""구의동"", ""능동"", ""중곡1동"", ""지점"", ""중랑천 제방길"", ""중랑철교"", ""중화동"", ""망우 F2""]"
7b768b2566f7,2026-10-10,FPL001744,UAM0063,a4,4,4,1.0,VP010,연신내,VP014,가산,20,G6,F1,G3,F2,20:51:09,20:56:55,21:10:01,21:14:58,21:24:58,345.52,785.8,297.28,1428.6,45.52,0.0,ready,20:56:38,802.6,14,"[""연신내 F1"", ""지점 23"", ""향동동"", ""지점 24"", ""수색교"", ""지점 25"", ""상암동"", ""지점 18"", ""양평동"", ""목1동"", ""신도림동 2"", ""신정6동"", ""구로동"", ""가산 F2""]"
7b768b2566f7,2026-10-10,FPL001745,UAM0033,a4,4,4,1.0,VP006,미아,VP017,수서,20,G1,F1,G6,F2,20:51:10,21:02:42,21:18:48,21:23:31,21:33:31,691.8,966.4,283.2,1941.4,377.72,122.3,ready,21:02:25,983.2,17,"[""미아 F1"", ""월계동"", ""월계3동"", ""공릉1동 2"", ""월릉교"", ""중화동"", ""중랑철교"", ""중랑천 제방길"", ""지점"", ""중곡1동"", ""송정동"", ""건대입구"", ""청담대교 중간지점"", ""지점 3"", ""잠실7동"", ""개포3동"", ""수서 F2""]"
7b768b2566f7,2026-10-10,FPL001746,UAM0085,a4,4,4,1.0,VP012,광화문,VP009,성수,20,G4,F1,G3,F2,20:51:26,20:56:26,21:03:55,21:08:38,21:18:38,300.0,448.4,283.2,1031.6,0,0.0,ready,20:56:09,465.2,8,"[""광화문 F1"", ""회현동2가"", ""후암동"", ""지점 39"", ""약수동"", ""신사동"", ""성수대교 남단"", ""성수 F2""]"
7b768b2566f7,2026-10-10,FPL001747,UAM0024,a4,4,4,1.0,VP009,성수,VP016,망우,20,G1,F1,G4,F2,20:59:03,21:04:17,21:19:30,21:24:13,21:34:13,314.08,912.58,283.2,1509.86,456.12,250.58,ready,21:04:00,929.38,11,"[""성수 F1"", ""지점 2"", ""청담대교 중간지점"", ""건대입구"", ""송정동"", ""중곡1동"", ""지점"", ""중랑천 제방길"", ""중랑철교"", ""중화동"", ""망우 F2""]"
7b768b2566f7,2026-10-10,FPL001748,UAM0095,a4,4,4,1.0,VP008,사당,VP011,천호,20,G4,F1,,F2,20:54:19,20:59:19,,,,300.0,,,,171.24,44313.1,arrival_unresolved,20:59:03,,17,"[""사당 F1"", ""방배동"", ""지점 19"", ""경부고속도로 양재천 다리"", ""양재동"", ""지점 10"", ""지점 8"", ""지점 7"", ""지점 6"", ""대치교"", ""잠실7동"", ""지점 3"", ""자양2동"", ""잠실대교 중간지점"", ""지점 4"", ""천호대교 중간지점"", ""천호 F2""]"
7b768b2566f7,2026-10-10,FPL001749,UAM0023,a4,4,4,1.0,VP013,강남,VP016,망우,20,G5,F1,G2,F2,20:57:35,21:16:57,21:30:21,21:35:18,21:45:18,1162.08,803.74,297.28,2263.1,1214.16,47.64,ready,21:16:40,820.54,16,"[""강남 F1"", ""반포1동"", ""주흥교"", ""잠원동"", ""잠원동 2"", ""신사동 2"", ""신사동"", ""응봉동"", ""지점 12"", ""송정동"", ""중곡1동"", ""지점"", ""중랑천 제방길"", ""중랑철교"", ""중화동"", ""망우 F2""]"
7b768b2566f7,2026-10-10,FPL001750,UAM0060,a4,4,4,1.0,VP001,여의도,VP013,강남,20,G3,F1,G7,F2,20:56:52,21:07:15,21:22:17,21:27:00,21:37:00,622.5,902.0,283.2,1807.7,605.7,271.2,ready,21:06:58,918.8,12,"[""여의도 F1"", ""지점 32"", ""여의동 2"", ""이촌2동"", ""이촌동 2"", ""이촌동"", ""반포동"", ""잠원동 2"", ""잠원동"", ""주흥교"", ""반포1동"", ""강남 F2""]"
7b768b2566f7,2026-10-10,FPL001751,UAM0008,a4,4,4,1.0,VP011,천호,VP006,미아,20,G8,F1,G4,F2,21:20:21,21:34:36,21:46:41,21:51:24,22:01:24,855.52,724.8,283.2,1863.52,2204.24,0.0,ready,21:34:19,741.6,15,"[""천호 F1"", ""천호대교 중간지점"", ""아차산 고가차도"", ""구의동"", ""능동"", ""중곡1동"", ""지점"", ""중랑천 제방길"", ""중랑철교"", ""중화동"", ""월릉교"", ""공릉1동 2"", ""월계3동"", ""월계동"", ""미아 F2""]"
7b768b2566f7,2026-10-10,FPL001752,UAM0056,a4,4,4,1.0,VP018,인천,VP009,성수,20,G7,F1,G4,F2,20:54:05,20:59:05,21:28:24,21:33:07,21:43:07,300.0,1759.2,283.2,2342.4,0,0.0,ready,20:58:48,1776.0,30,"[""인천 F1"", ""운북동"", ""영종동"", ""영종대교"", ""지점 22"", ""시천동 아라로"", ""목상동"", ""선주지동"", ""하야동"", ""하야동 2"", ""개화동"", ""덕은동"", ""상암동"", ""성산대교 중간지점"", ""선유도 17고지"", ""합정동"", ""서교동"", ""동교동"", ""20통"", ""대현동"", ""아현동"", ""충정로3가"", ""남영동"", ""회현동2가"", ""후암동"", ""지점 39"", ""약수동"", ""신사동"", ""성수대교 남단"", ""성수 F2""]"
7b768b2566f7,2026-10-10,FPL001753,UAM0064,a4,4,4,1.0,VP014,가산,VP001,여의도,20,G5,F1,G3,F2,20:58:45,21:03:45,21:13:27,21:19:38,21:29:38,300.0,581.9,371.2,1253.1,271.82,88.0,ready,21:03:28,598.7,8,"[""가산 F1"", ""구로동"", ""신정6동"", ""신도림동 2"", ""문래동5가"", ""신도림동"", ""영등포"", ""여의도 F2""]"
7b768b2566f7,2026-10-10,FPL001754,UAM0082,a4,4,4,1.0,VP016,망우,VP010,연신내,20,G3,F1,G5,F2,20:58:07,21:03:07,21:25:17,21:30:01,21:40:01,300.0,1330.7,283.2,1913.9,186.16,0.0,ready,21:02:50,1347.5,30,"[""망우 F1"", ""중랑철교"", ""중랑천 제방길"", ""지점"", ""중곡1동"", ""송정동"", ""지점 12"", ""응봉동"", ""신사동"", ""약수동"", ""지점 39"", ""후암동"", ""회현동2가"", ""남영동"", ""충정로3가"", ""아현동"", ""대현동"", ""20통"", ""동교동"", ""서교동"", ""합정동"", ""선유도 17고지"", ""성산대교 중간지점"", ""상암동"", ""지점 25"", ""수색교"", ""지점 24"", ""향동동"", ""지점 23"", ""연신내 F2""]"
7b768b2566f7,2026-10-10,FPL001755,UAM0068,a4,4,4,1.0,VP006,미아,VP016,망우,20,G2,F1,G3,F2,20:57:48,21:08:02,21:15:09,21:19:52,21:29:52,614.72,426.6,283.2,1324.52,437.72,0.0,ready,21:07:46,443.4,7,"[""미아 F1"", ""월계동"", ""월계3동"", ""공릉1동 2"", ""월릉교"", ""중화동"", ""망우 F2""]"
7b768b2566f7,2026-10-10,FPL001756,UAM0090,a4,4,4,1.0,VP007,봉천,VP014,가산,20,G3,F1,G4,F2,20:55:48,21:01:33,21:14:21,21:19:19,21:29:19,345.52,768.16,297.28,1410.96,45.52,226.86,ready,21:01:16,784.96,7,"[""봉천 F1"", ""신림동"", ""신림동 2"", ""신사동 3"", ""지점 9"", ""가산동"", ""가산 F2""]"
7b768b2566f7,2026-10-10,FPL001757,UAM0062,a4,4,4,1.0,VP015,마곡,VP007,봉천,20,G7,F1,G3,F2,21:03:52,21:08:52,21:26:34,21:31:18,21:41:18,300.0,1062.9,283.2,1646.1,476.32,183.6,ready,21:08:35,1079.7,12,"[""마곡 F1"", ""하야동 2"", ""개화동"", ""덕은동"", ""상암동"", ""성산대교 중간지점"", ""선유도 17고지"", ""지점 11"", ""영등포"", ""신림동 2"", ""신림동"", ""봉천 F2""]"
7b768b2566f7,2026-10-10,FPL001758,UAM0078,a4,4,4,1.0,VP012,광화문,VP013,강남,20,G1,F1,G6,F2,20:56:15,21:01:47,21:17:56,21:22:53,21:32:53,331.54,969.2,297.28,1598.02,17.46,428.6,ready,21:01:30,986.0,12,"[""광화문 F1"", ""회현동2가"", ""후암동"", ""지점 39"", ""약수동"", ""신사동"", ""신사동 2"", ""잠원동 2"", ""잠원동"", ""주흥교"", ""반포1동"", ""강남 F2""]"
7b768b2566f7,2026-10-10,FPL001759,UAM0013,a4,4,4,1.0,VP001,여의도,VP003,상암,20,G1,F1,G3,F2,20:57:21,21:12:35,21:20:10,21:24:53,21:34:53,914.58,454.7,283.2,1652.48,600.5,0.0,ready,21:12:19,471.5,5,"[""여의도 F1"", ""지점 11"", ""선유도 17고지"", ""합정동"", ""상암 F2""]"
7b768b2566f7,2026-10-10,FPL001760,UAM0083,a4,4,4,1.0,VP003,상암,VP014,가산,20,G3,F1,G1,F2,20:57:42,21:02:42,21:18:42,21:23:53,21:33:53,300.0,960.3,311.36,1571.66,0,261.8,ready,21:02:25,977.1,11,"[""상암 F1"", ""서교동"", ""합정동"", ""선유도 17고지"", ""지점 11"", ""양평동"", ""목1동"", ""신도림동 2"", ""신정6동"", ""구로동"", ""가산 F2""]"
7b768b2566f7,2026-10-10,FPL001761,UAM0058,a4,4,4,1.0,VP018,인천,VP007,봉천,20,G8,F1,G4,F2,21:00:11,21:05:11,21:30:55,21:35:38,21:45:38,300.0,1544.18,283.2,2127.38,105.52,178.78,ready,21:04:54,1560.98,18,"[""인천 F1"", ""운북동"", ""영종동"", ""지점 26"", ""지점 27"", ""지점 28"", ""간석3동"", ""지점 37"", ""지점 29"", ""지점 30"", ""지점 31"", ""지점 17"", ""가산동"", ""지점 9"", ""신사동 3"", ""신림동 2"", ""신림동"", ""봉천 F2""]"
7b768b2566f7,2026-10-10,FPL001762,UAM0059,a4,4,4,1.0,VP011,천호,VP015,마곡,20,G5,F1,G4,F2,21:20:35,21:39:57,22:01:33,22:06:44,22:16:44,1162.08,1295.8,311.36,2769.24,2176.08,0.0,ready,21:39:40,1312.6,28,"[""천호 F1"", ""천호대교 중간지점"", ""지점 4"", ""잠실대교 중간지점"", ""자양2동"", ""청담대교 중간지점"", ""지점 2"", ""성수대교 남단"", ""신사동"", ""약수동"", ""지점 39"", ""후암동"", ""회현동2가"", ""남영동"", ""충정로3가"", ""아현동"", ""대현동"", ""20통"", ""동교동"", ""서교동"", ""합정동"", ""선유도 17고지"", ""성산대교 중간지점"", ""상암동"", ""덕은동"", ""개화동"", ""하야동 2"", ""마곡 F2""]"
7b768b2566f7,2026-10-10,FPL001763,UAM0048,a4,4,4,1.0,VP014,가산,VP011,천호,20,G6,F1,,F2,20:59:05,21:09:06,,,,600.64,,,,331.82,43374.08,arrival_unresolved,21:08:49,,24,"[""가산 F1"", ""구로동"", ""신정6동"", ""신도림동 2"", ""문래동5가"", ""신도림동"", ""영등포"", ""지점 13"", ""지점 14"", ""이촌2동"", ""이촌동 2"", ""이촌동"", ""반포동"", ""잠원동 2"", ""신사동 2"", ""신사동"", ""성수대교 남단"", ""지점 2"", ""청담대교 중간지점"", ""자양2동"", ""잠실대교 중간지점"", ""지점 4"", ""천호대교 중간지점"", ""천호 F2""]"
7b768b2566f7,2026-10-10,FPL001764,UAM0040,a4,4,4,1.0,VP005,목동,VP018,인천,20,G7,F1,G5,F2,20:58:59,21:03:59,21:24:53,21:29:50,21:39:50,300.0,1254.2,297.28,1851.48,0,0.0,ready,21:03:42,1271.0,15,"[""목동 F1"", ""신정6동"", ""구로동"", ""지점 17"", ""지점 31"", ""지점 30"", ""지점 29"", ""지점 37"", ""간석3동"", ""지점 28"", ""지점 27"", ""지점 26"", ""영종동"", ""운북동"", ""인천 F2""]"
7b768b2566f7,2026-10-10,FPL001765,UAM0043,a4,4,4,1.0,VP016,망우,VP001,여의도,20,G4,F1,G2,F2,21:02:27,21:08:27,21:26:32,21:31:29,21:41:29,360.0,1084.18,297.28,1741.46,246.16,191.18,ready,21:08:11,1100.98,18,"[""망우 F1"", ""중랑철교"", ""중랑천 제방길"", ""지점"", ""중곡1동"", ""송정동"", ""지점 12"", ""응봉동"", ""신사동"", ""신사동 2"", ""잠원동 2"", ""반포동"", ""이촌동"", ""이촌동 2"", ""이촌2동"", ""여의동 2"", ""지점 32"", ""여의도 F2""]"
7b768b2566f7,2026-10-10,FPL001766,UAM0005,a4,4,4,1.0,VP009,성수,VP017,수서,21,G3,F1,G1,F2,21:00:03,21:09:38,21:23:09,21:28:20,21:38:20,574.32,811.1,311.36,1696.78,274.32,354.5,ready,21:09:21,827.9,7,"[""성수 F1"", ""지점 2"", ""청담대교 중간지점"", ""지점 3"", ""잠실7동"", ""개포3동"", ""수서 F2""]"
7b768b2566f7,2026-10-10,FPL001767,UAM0079,a4,4,4,1.0,VP015,마곡,VP014,가산,21,G8,F1,G6,F2,21:04:12,21:14:12,21:31:44,21:36:27,21:46:27,600.64,1051.84,283.2,1935.68,536.32,230.14,ready,21:13:55,1068.64,12,"[""마곡 F1"", ""하야동 2"", ""개화동"", ""덕은동"", ""상암동"", ""지점 18"", ""양평동"", ""목1동"", ""신도림동 2"", ""신정6동"", ""구로동"", ""가산 F2""]"
7b768b2566f7,2026-10-10,FPL001768,UAM0088,a4,4,4,1.0,VP012,광화문,VP007,봉천,21,G3,F1,G1,F2,21:00:22,21:07:08,21:17:53,21:22:50,21:32:50,405.62,645.6,297.28,1348.5,105.62,0.0,ready,21:06:51,662.4,13,"[""광화문 F1"", ""남영동"", ""청파동1가"", ""한강로1가"", ""한강로2가"", ""한강로3가"", ""이촌동 2"", ""상도터널"", ""상도1동"", ""상도1동 2"", ""지점 38"", ""봉천동"", ""봉천 F2""]"
7b768b2566f7,2026-10-10,FPL001769,UAM0044,a4,4,4,1.0,VP013,강남,VP012,광화문,21,G8,F1,G3,F2,21:09:42,21:22:18,21:31:16,21:35:59,21:45:59,756.22,537.8,283.2,1577.22,921.68,0.0,ready,21:22:01,554.6,12,"[""강남 F1"", ""반포1동"", ""주흥교"", ""잠원동"", ""잠원동 2"", ""신사동 2"", ""신사동"", ""약수동"", ""지점 39"", ""후암동"", ""회현동2가"", ""광화문 F2""]"
7b768b2566f7,2026-10-10,FPL001770,UAM0002,a4,4,4,1.0,VP001,여의도,VP015,마곡,21,G4,F1,G7,F2,21:05:36,21:17:56,21:29:35,21:34:19,21:44:19,740.18,699.4,283.2,1722.78,628.66,0.0,ready,21:17:39,716.2,9,"[""여의도 F1"", ""지점 11"", ""선유도 17고지"", ""성산대교 중간지점"", ""상암동"", ""덕은동"", ""개화동"", ""하야동 2"", ""마곡 F2""]"
7b768b2566f7,2026-10-10,FPL001771,UAM0091,a4,4,4,1.0,VP006,미아,VP017,수서,21,G3,F1,G5,F2,21:04:37,21:13:23,21:31:50,21:36:33,21:46:33,526.4,1107.04,283.2,1916.64,306.16,262.94,ready,21:13:06,1123.84,17,"[""미아 F1"", ""월계동"", ""월계3동"", ""공릉1동 2"", ""월릉교"", ""중화동"", ""중랑철교"", ""중랑천 제방길"", ""지점"", ""중곡1동"", ""송정동"", ""건대입구"", ""청담대교 중간지점"", ""지점 3"", ""잠실7동"", ""개포3동"", ""수서 F2""]"
7b768b2566f7,2026-10-10,FPL001772,UAM0093,a4,4,4,1.0,VP011,천호,VP009,성수,21,G6,F1,,F2,21:31:16,21:45:17,,,,841.44,,,,2176.08,41821.16,arrival_unresolved,21:45:01,,8,"[""천호 F1"", ""천호대교 중간지점"", ""지점 4"", ""잠실대교 중간지점"", ""자양2동"", ""청담대교 중간지점"", ""지점 2"", ""성수 F2""]"
7b768b2566f7,2026-10-10,FPL001773,UAM0032,a4,4,4,1.0,VP016,망우,VP018,인천,21,G1,F1,G6,F2,21:03:56,21:13:48,21:50:30,21:55:27,22:05:27,592.08,2201.94,297.28,3091.3,278.0,177.64,ready,21:13:31,2218.74,36,"[""망우 F1"", ""중랑철교"", ""중랑천 제방길"", ""지점"", ""중곡1동"", ""송정동"", ""지점 12"", ""응봉동"", ""신사동"", ""약수동"", ""지점 39"", ""후암동"", ""회현동2가"", ""남영동"", ""충정로3가"", ""아현동"", ""대현동"", ""20통"", ""동교동"", ""서교동"", ""합정동"", ""선유도 17고지"", ""성산대교 중간지점"", ""상암동"", ""덕은동"", ""개화동"", ""하야동 2"", ""하야동"", ""선주지동"", ""목상동"", ""시천동 아라로"", ""지점 22"", ""영종대교"", ""영종동"", ""운북동"", ""인천 F2""]"
7b768b2566f7,2026-10-10,FPL001774,UAM0001,a4,4,4,1.0,VP008,사당,VP014,가산,21,G3,F1,G5,F2,21:04:15,21:09:15,21:27:23,21:32:07,21:42:07,300.0,1088.1,283.2,1671.3,0,485.9,ready,21:08:58,1104.9,11,"[""사당 F1"", ""인헌동"", ""행운동"", ""봉천동"", ""은천동"", ""신림동"", ""신림동 2"", ""신사동 3"", ""지점 9"", ""가산동"", ""가산 F2""]"
7b768b2566f7,2026-10-10,FPL001775,UAM0094,a4,4,4,1.0,VP009,성수,VP016,망우,21,G4,F1,G1,F2,21:08:42,21:14:58,21:26:00,21:30:58,21:40:58,376.2,662.0,297.28,1335.48,334.32,0.0,ready,21:14:41,678.8,11,"[""성수 F1"", ""지점 2"", ""청담대교 중간지점"", ""건대입구"", ""송정동"", ""중곡1동"", ""지점"", ""중랑천 제방길"", ""중랑철교"", ""중화동"", ""망우 F2""]"
7b768b2566f7,2026-10-10,FPL001776,UAM0018,a4,4,4,1.0,VP015,마곡,VP013,강남,21,G5,F1,G5,F2,21:05:20,21:19:33,21:37:50,21:45:57,21:55:57,852.72,1097.42,486.42,2436.56,538.64,230.16,ready,21:19:16,1114.22,20,"[""마곡 F1"", ""하야동 2"", ""개화동"", ""덕은동"", ""상암동"", ""성산대교 중간지점"", ""선유도 17고지"", ""지점 5"", ""서강대교 중간지점"", ""지점 32"", ""여의동 2"", ""이촌2동"", ""이촌동 2"", ""이촌동"", ""반포동"", ""잠원동 2"", ""잠원동"", ""주흥교"", ""반포1동"", ""강남 F2""]"
7b768b2566f7,2026-10-10,FPL001777,UAM0006,a4,4,4,1.0,VP002,잠실,VP008,사당,21,G5,F1,G3,F2,21:06:14,21:11:14,21:20:11,21:24:54,21:34:54,300.0,536.9,283.2,1120.1,0,0.0,ready,21:10:58,553.7,12,"[""잠실 F1"", ""잠실7동"", ""대치교"", ""지점 6"", ""지점 7"", ""지점 8"", ""지점 10"", ""양재동"", ""경부고속도로 양재천 다리"", ""지점 19"", ""방배동"", ""사당 F2""]"
7b768b2566f7,2026-10-10,FPL001778,UAM0055,a4,4,4,1.0,VP001,여의도,VP018,인천,21,G2,F1,G7,F2,21:07:02,21:23:17,21:46:09,21:50:53,22:00:53,974.58,1372.7,283.2,2630.48,660.5,0.0,ready,21:23:00,1389.5,19,"[""여의도 F1"", ""영등포"", ""신도림동"", ""문래동5가"", ""신도림동 2"", ""신정6동"", ""구로동"", ""지점 17"", ""지점 31"", ""지점 30"", ""지점 29"", ""지점 37"", ""간석3동"", ""지점 28"", ""지점 27"", ""지점 26"", ""영종동"", ""운북동"", ""인천 F2""]"
7b768b2566f7,2026-10-10,FPL001779,UAM0031,a4,4,4,1.0,VP013,강남,VP017,수서,21,G6,F1,G4,F2,21:18:37,21:27:38,21:40:31,21:45:29,21:55:29,541.5,772.84,297.28,1611.62,893.52,129.74,ready,21:27:22,789.64,13,"[""강남 F1"", ""서초2동 2"", ""지점 21"", ""경부고속도로 양재천 다리"", ""양재동"", ""지점 10"", ""지점 8"", ""지점 7"", ""지점 6"", ""대치교"", ""잠실7동"", ""개포3동"", ""수서 F2""]"
7b768b2566f7,2026-10-10,FPL001780,UAM0021,a4,4,4,1.0,VP006,미아,VP015,마곡,21,G4,F1,G5,F2,21:14:18,21:19:18,21:44:55,21:49:52,21:59:52,300.0,1537.0,297.28,2134.28,400.4,0.0,ready,21:19:01,1553.8,33,"[""미아 F1"", ""월계동"", ""월계3동"", ""공릉1동 2"", ""월릉교"", ""중화동"", ""중랑철교"", ""중랑천 제방길"", ""지점"", ""중곡1동"", ""송정동"", ""지점 12"", ""응봉동"", ""신사동"", ""약수동"", ""지점 39"", ""후암동"", ""회현동2가"", ""남영동"", ""충정로3가"", ""아현동"", ""대현동"", ""20통"", ""동교동"", ""서교동"", ""합정동"", ""선유도 17고지"", ""성산대교 중간지점"", ""상암동"", ""덕은동"", ""개화동"", ""하야동 2"", ""마곡 F2""]"
7b768b2566f7,2026-10-10,FPL001781,UAM0042,a4,4,4,1.0,VP016,망우,VP011,천호,21,G2,F1,,F2,21:08:17,21:19:09,,,,652.08,,,,338.0,43327.8,arrival_unresolved,21:18:52,,10,"[""망우 F1"", ""중랑철교"", ""중랑천 제방길"", ""지점"", ""중곡1동"", ""능동"", ""구의동"", ""아차산 고가차도"", ""천호대교 중간지점"", ""천호 F2""]"
7b768b2566f7,2026-10-10,FPL001782,UAM0099,a4,4,4,1.0,VP008,사당,VP007,봉천,21,G4,F1,G2,F2,21:08:36,21:14:36,21:22:14,21:27:11,21:37:11,360.0,457.88,297.28,1115.16,60.0,140.98,ready,21:14:19,474.68,5,"[""사당 F1"", ""인헌동"", ""행운동"", ""봉천동"", ""봉천 F2""]"
7b768b2566f7,2026-10-10,FPL001783,UAM0015,a4,4,4,1.0,VP017,수서,VP003,상암,21,G5,F1,G4,F2,21:10:34,21:15:34,21:30:13,21:34:56,21:44:56,300.0,879.2,283.2,1462.4,115.9,0.0,ready,21:15:17,896.0,21,"[""수서 F1"", ""개포3동"", ""잠실7동"", ""지점 3"", ""청담대교 중간지점"", ""지점 2"", ""성수대교 남단"", ""신사동"", ""약수동"", ""지점 39"", ""후암동"", ""회현동2가"", ""남영동"", ""충정로3가"", ""아현동"", ""대현동"", ""20통"", ""동교동"", ""서교동"", ""합정동"", ""상암 F2""]"
7b768b2566f7,2026-10-10,FPL001784,UAM0070,a4,4,4,1.0,VP014,가산,VP005,목동,21,G3,F1,G7,F2,21:08:55,21:15:01,21:22:45,21:27:28,21:37:28,365.78,464.3,283.2,1113.28,51.7,0.0,ready,21:14:44,481.1,4,"[""가산 F1"", ""구로동"", ""신정6동"", ""목동 F2""]"
7b768b2566f7,2026-10-10,FPL001785,UAM0020,a4,4,4,1.0,VP009,성수,VP003,상암,21,G2,F1,G1,F2,21:08:59,21:20:19,21:34:33,21:39:31,21:49:31,680.24,854.54,297.28,1832.06,366.16,156.94,ready,21:20:02,871.34,16,"[""성수 F1"", ""성수대교 남단"", ""신사동"", ""약수동"", ""지점 39"", ""후암동"", ""회현동2가"", ""남영동"", ""충정로3가"", ""아현동"", ""대현동"", ""20통"", ""동교동"", ""서교동"", ""합정동"", ""상암 F2""]"
7b768b2566f7,2026-10-10,FPL001786,UAM0100,a4,4,4,1.0,VP011,천호,VP018,인천,21,G4,F1,G4,F2,21:20:49,21:50:38,22:26:59,22:32:10,22:42:10,1789.28,2181.04,311.36,4281.68,2147.92,213.04,ready,21:50:21,2197.84,36,"[""천호 F1"", ""천호대교 중간지점"", ""지점 4"", ""잠실대교 중간지점"", ""자양2동"", ""청담대교 중간지점"", ""지점 2"", ""성수대교 남단"", ""신사동"", ""약수동"", ""지점 39"", ""후암동"", ""회현동2가"", ""남영동"", ""충정로3가"", ""아현동"", ""대현동"", ""20통"", ""동교동"", ""서교동"", ""합정동"", ""선유도 17고지"", ""성산대교 중간지점"", ""상암동"", ""덕은동"", ""개화동"", ""하야동 2"", ""하야동"", ""선주지동"", ""목상동"", ""시천동 아라로"", ""지점 22"", ""영종대교"", ""영종동"", ""운북동"", ""인천 F2""]"
7b768b2566f7,2026-10-10,FPL001787,UAM0035,a4,4,4,1.0,VP015,마곡,VP011,천호,21,G6,F1,,F2,21:09:41,21:24:53,,,,912.72,,,,598.64,42222.76,arrival_unresolved,21:24:37,,28,"[""마곡 F1"", ""하야동 2"", ""개화동"", ""덕은동"", ""상암동"", ""성산대교 중간지점"", ""선유도 17고지"", ""합정동"", ""서교동"", ""동교동"", ""20통"", ""대현동"", ""아현동"", ""충정로3가"", ""남영동"", ""회현동2가"", ""후암동"", ""지점 39"", ""약수동"", ""신사동"", ""성수대교 남단"", ""지점 2"", ""청담대교 중간지점"", ""자양2동"", ""잠실대교 중간지점"", ""지점 4"", ""천호대교 중간지점"", ""천호 F2""]"
7b768b2566f7,2026-10-10,FPL001788,UAM0046,a4,4,4,1.0,VP018,인천,VP005,목동,21,G7,F1,G8,F2,21:10:07,21:15:07,21:36:06,21:40:49,21:50:49,300.0,1259.2,283.2,1842.4,0,0.0,ready,21:14:50,1276.0,15,"[""인천 F1"", ""운북동"", ""영종동"", ""지점 26"", ""지점 27"", ""지점 28"", ""간석3동"", ""지점 37"", ""지점 29"", ""지점 30"", ""지점 31"", ""지점 17"", ""구로동"", ""신정6동"", ""목동 F2""]"
7b768b2566f7,2026-10-10,FPL001789,UAM0009,a4,4,4,1.0,VP001,여의도,VP017,수서,21,G3,F1,,F2,21:11:09,21:28:37,,,,1048.66,,,,748.66,42465.8,arrival_unresolved,21:28:20,,17,"[""여의도 F1"", ""지점 32"", ""여의동 2"", ""이촌2동"", ""이촌동 2"", ""이촌동"", ""반포동"", ""잠원동 2"", ""신사동 2"", ""신사동"", ""성수대교 남단"", ""지점 2"", ""청담대교 중간지점"", ""지점 3"", ""잠실7동"", ""개포3동"", ""수서 F2""]"
7b768b2566f7,2026-10-10,FPL001790,UAM0029,a4,4,4,1.0,VP016,망우,VP003,상암,21,G3,F1,,F2,21:12:23,21:24:29,,,,726.16,,,,426.16,42588.36,arrival_unresolved,21:24:13,,22,"[""망우 F1"", ""중랑철교"", ""중랑천 제방길"", ""지점"", ""중곡1동"", ""송정동"", ""지점 12"", ""응봉동"", ""신사동"", ""약수동"", ""지점 39"", ""후암동"", ""회현동2가"", ""남영동"", ""충정로3가"", ""아현동"", ""대현동"", ""20통"", ""동교동"", ""서교동"", ""합정동"", ""상암 F2""]"
7b768b2566f7,2026-10-10,FPL001791,UAM0016,a4,4,4,1.0,VP013,강남,VP011,천호,21,G7,F1,,F2,21:22:44,21:32:59,,,,615.58,,,,921.68,42234.08,arrival_unresolved,21:32:42,,17,"[""강남 F1"", ""서초2동 2"", ""지점 21"", ""경부고속도로 양재천 다리"", ""양재동"", ""지점 10"", ""지점 8"", ""지점 7"", ""지점 6"", ""대치교"", ""잠실7동"", ""지점 3"", ""자양2동"", ""잠실대교 중간지점"", ""지점 4"", ""천호대교 중간지점"", ""천호 F2""]"
7b768b2566f7,2026-10-10,FPL001792,UAM0022,a4,4,4,1.0,VP008,사당,VP017,수서,21,G1,F1,G2,F2,21:13:11,21:19:57,21:36:11,21:41:22,21:51:22,405.92,974.14,311.36,1691.42,91.84,390.44,ready,21:19:40,990.94,13,"[""사당 F1"", ""방배동"", ""지점 19"", ""경부고속도로 양재천 다리"", ""양재동"", ""지점 10"", ""지점 8"", ""지점 7"", ""지점 6"", ""대치교"", ""잠실7동"", ""개포3동"", ""수서 F2""]"
7b768b2566f7,2026-10-10,FPL001793,UAM0012,a4,4,4,1.0,VP015,마곡,VP011,천호,21,G3,F1,,F2,21:14:15,21:30:14,,,,958.64,,,,630.48,41902.12,arrival_unresolved,21:29:57,,28,"[""마곡 F1"", ""하야동 2"", ""개화동"", ""덕은동"", ""상암동"", ""성산대교 중간지점"", ""선유도 17고지"", ""합정동"", ""서교동"", ""동교동"", ""20통"", ""대현동"", ""아현동"", ""충정로3가"", ""남영동"", ""회현동2가"", ""후암동"", ""지점 39"", ""약수동"", ""신사동"", ""성수대교 남단"", ""지점 2"", ""청담대교 중간지점"", ""자양2동"", ""잠실대교 중간지점"", ""지점 4"", ""천호대교 중간지점"", ""천호 F2""]"
7b768b2566f7,2026-10-10,FPL001794,UAM0073,a4,4,4,1.0,VP011,천호,VP009,성수,21,G3,F1,,F2,21:42:11,21:55:59,,,,827.36,,,,2147.92,41179.88,arrival_unresolved,21:55:42,,8,"[""천호 F1"", ""천호대교 중간지점"", ""지점 4"", ""잠실대교 중간지점"", ""자양2동"", ""청담대교 중간지점"", ""지점 2"", ""성수 F2""]"
7b768b2566f7,2026-10-10,FPL001795,UAM0080,a4,4,4,1.0,VP006,미아,VP014,가산,21,G1,F1,G4,F2,21:14:46,21:24:39,21:50:37,21:55:34,22:05:34,592.08,1558.56,297.28,2447.92,278.0,244.86,ready,21:24:22,1575.36,29,"[""미아 F1"", ""월계동"", ""월계3동"", ""공릉1동 2"", ""월릉교"", ""중화동"", ""중랑철교"", ""중랑천 제방길"", ""지점"", ""중곡1동"", ""송정동"", ""지점 12"", ""응봉동"", ""신사동"", ""신사동 2"", ""잠원동 2"", ""반포동"", ""이촌동"", ""이촌동 2"", ""이촌2동"", ""지점 14"", ""지점 13"", ""영등포"", ""신도림동"", ""문래동5가"", ""신도림동 2"", ""신정6동"", ""구로동"", ""가산 F2""]"
7b768b2566f7,2026-10-10,FPL001796,UAM0077,a4,4,4,1.0,VP017,수서,VP001,여의도,21,G6,F1,G3,F2,21:19:15,21:24:15,21:38:09,21:42:53,21:52:53,300.0,834.5,283.2,1417.7,226.28,0.0,ready,21:23:58,851.3,17,"[""수서 F1"", ""개포3동"", ""잠실7동"", ""지점 3"", ""청담대교 중간지점"", ""지점 2"", ""성수대교 남단"", ""신사동"", ""신사동 2"", ""잠원동 2"", ""반포동"", ""이촌동"", ""이촌동 2"", ""이촌2동"", ""여의동 2"", ""지점 32"", ""여의도 F2""]"
7b768b2566f7,2026-10-10,FPL001797,UAM0087,a4,4,4,1.0,VP014,가산,VP015,마곡,21,G5,F1,G6,F2,21:27:50,21:32:50,21:49:16,21:54:13,22:04:13,300.0,985.36,297.28,1582.64,734.34,155.26,ready,21:32:33,1002.16,12,"[""가산 F1"", ""구로동"", ""신정6동"", ""신도림동 2"", ""목1동"", ""양평동"", ""지점 18"", ""상암동"", ""덕은동"", ""개화동"", ""하야동 2"", ""마곡 F2""]"
7b768b2566f7,2026-10-10,FPL001798,UAM0076,a4,4,4,1.0,VP001,여의도,VP011,천호,21,G1,F1,,F2,21:15:46,21:33:58,,,,1092.26,,,,778.18,42111.46,arrival_unresolved,21:33:41,,18,"[""여의도 F1"", ""지점 32"", ""여의동 2"", ""이촌2동"", ""이촌동 2"", ""이촌동"", ""반포동"", ""잠원동 2"", ""신사동 2"", ""신사동"", ""성수대교 남단"", ""지점 2"", ""청담대교 중간지점"", ""자양2동"", ""잠실대교 중간지점"", ""지점 4"", ""천호대교 중간지점"", ""천호 F2""]"
7b768b2566f7,2026-10-10,FPL001799,UAM0089,a4,4,4,1.0,VP012,광화문,VP008,사당,21,G3,F1,G4,F2,21:22:30,21:27:30,21:39:10,21:43:53,21:53:53,300.0,699.9,283.2,1283.1,367.9,0.0,ready,21:27:13,716.7,15,"[""광화문 F1"", ""남영동"", ""청파동1가"", ""한강로1가"", ""한강로2가"", ""한강로3가"", ""이촌동 2"", ""상도터널"", ""상도1동"", ""상도1동 2"", ""지점 38"", ""봉천동"", ""행운동"", ""인헌동"", ""사당 F2""]"
7b768b2566f7,2026-10-10,FPL001800,UAM0019,a4,4,4,1.0,VP015,마곡,VP009,성수,21,G7,F1,,F2,21:21:19,21:35:35,,,,855.52,,,,746.8,41797.98,arrival_unresolved,21:35:18,,22,"[""마곡 F1"", ""하야동 2"", ""개화동"", ""덕은동"", ""상암동"", ""성산대교 중간지점"", ""선유도 17고지"", ""합정동"", ""서교동"", ""동교동"", ""20통"", ""대현동"", ""아현동"", ""충정로3가"", ""남영동"", ""회현동2가"", ""후암동"", ""지점 39"", ""약수동"", ""신사동"", ""성수대교 남단"", ""성수 F2""]"
7b768b2566f7,2026-10-10,FPL001801,UAM0039,a4,4,4,1.0,VP013,강남,VP009,성수,21,G5,F1,G2,F2,21:22:58,21:38:20,21:50:00,21:54:58,22:04:58,922.14,700.56,297.28,1919.98,893.52,242.46,ready,21:38:03,717.36,9,"[""강남 F1"", ""반포1동"", ""주흥교"", ""잠원동"", ""잠원동 2"", ""신사동 2"", ""신사동"", ""성수대교 남단"", ""성수 F2""]"
7b768b2566f7,2026-10-10,FPL001802,UAM0085,a4,4,4,1.0,VP009,성수,VP013,강남,21,G3,F1,G8,F2,21:18:38,21:25:40,21:33:30,21:45:23,21:55:23,421.72,470.0,712.98,1604.7,121.72,429.78,ready,21:25:23,486.8,9,"[""성수 F1"", ""성수대교 남단"", ""신사동"", ""신사동 2"", ""잠원동 2"", ""잠원동"", ""주흥교"", ""반포1동"", ""강남 F2""]"
7b768b2566f7,2026-10-10,FPL001803,UAM0066,a4,4,4,1.0,VP011,천호,VP015,마곡,21,G7,F1,G1,F2,21:47:04,22:01:19,22:22:55,22:28:21,22:38:21,855.52,1295.8,325.44,2476.76,2204.24,0.0,ready,22:01:03,1312.6,28,"[""천호 F1"", ""천호대교 중간지점"", ""지점 4"", ""잠실대교 중간지점"", ""자양2동"", ""청담대교 중간지점"", ""지점 2"", ""성수대교 남단"", ""신사동"", ""약수동"", ""지점 39"", ""후암동"", ""회현동2가"", ""남영동"", ""충정로3가"", ""아현동"", ""대현동"", ""20통"", ""동교동"", ""서교동"", ""합정동"", ""선유도 17고지"", ""성산대교 중간지점"", ""상암동"", ""덕은동"", ""개화동"", ""하야동 2"", ""마곡 F2""]"
7b768b2566f7,2026-10-10,FPL001804,UAM0084,a4,4,4,1.0,VP006,미아,VP011,천호,21,G3,F1,,F2,21:19:53,21:29:59,,,,606.16,,,,306.16,42492.44,arrival_unresolved,21:29:42,,15,"[""미아 F1"", ""월계동"", ""월계3동"", ""공릉1동 2"", ""월릉교"", ""중화동"", ""중랑철교"", ""중랑천 제방길"", ""지점"", ""중곡1동"", ""능동"", ""구의동"", ""아차산 고가차도"", ""천호대교 중간지점"", ""천호 F2""]"
7b768b2566f7,2026-10-10,FPL001805,UAM0086,a4,4,4,1.0,VP014,가산,VP017,수서,21,G6,F1,,F2,21:32:11,21:38:11,,,,360.0,,,,794.34,41737.3,arrival_unresolved,21:37:54,,24,"[""가산 F1"", ""가산동"", ""지점 9"", ""신사동 3"", ""신림동 2"", ""신림동"", ""은천동"", ""봉천동"", ""행운동"", ""인헌동"", ""남현동"", ""방배2동"", ""방배동"", ""지점 19"", ""경부고속도로 양재천 다리"", ""양재동"", ""지점 10"", ""지점 8"", ""지점 7"", ""지점 6"", ""대치교"", ""잠실7동"", ""개포3동"", ""수서 F2""]"
7b768b2566f7,2026-10-10,FPL001806,UAM0065,a4,4,4,1.0,VP013,강남,VP017,수서,21,G3,F1,,F2,21:20:06,21:43:40,,,,1414.86,,,,1086.7,41753.3,arrival_unresolved,21:43:24,,13,"[""강남 F1"", ""서초2동 2"", ""지점 21"", ""경부고속도로 양재천 다리"", ""양재동"", ""지점 10"", ""지점 8"", ""지점 7"", ""지점 6"", ""대치교"", ""잠실7동"", ""개포3동"", ""수서 F2""]"
7b768b2566f7,2026-10-10,FPL001807,UAM0037,a4,4,4,1.0,VP007,봉천,VP001,여의도,21,G3,F1,,F2,21:27:01,21:32:01,,,,300.0,,,,407.48,42572.28,arrival_unresolved,21:31:44,,5,"[""봉천 F1"", ""신림동"", ""신림동 2"", ""영등포"", ""여의도 F2""]"
7b768b2566f7,2026-10-10,FPL001808,UAM0050,a4,4,4,1.0,VP017,수서,VP015,마곡,21,G3,F1,G3,F2,21:28:10,21:33:24,21:54:37,21:59:48,22:09:48,314.08,1272.5,311.36,1897.94,446.8,0.0,ready,21:33:08,1289.3,27,"[""수서 F1"", ""개포3동"", ""잠실7동"", ""지점 3"", ""청담대교 중간지점"", ""지점 2"", ""성수대교 남단"", ""신사동"", ""약수동"", ""지점 39"", ""후암동"", ""회현동2가"", ""남영동"", ""충정로3가"", ""아현동"", ""대현동"", ""20통"", ""동교동"", ""서교동"", ""합정동"", ""선유도 17고지"", ""성산대교 중간지점"", ""상암동"", ""덕은동"", ""개화동"", ""하야동 2"", ""마곡 F2""]"
7b768b2566f7,2026-10-10,FPL001809,UAM0011,a4,4,4,1.0,VP012,광화문,VP014,가산,21,G4,F1,G3,F2,21:22:50,21:32:51,21:46:16,21:51:14,22:01:14,600.64,805.8,297.28,1703.72,306.16,0.0,ready,21:32:34,822.6,16,"[""광화문 F1"", ""남영동"", ""청파동1가"", ""한강로1가"", ""한강로2가"", ""한강로3가"", ""이촌2동"", ""지점 14"", ""지점 13"", ""영등포"", ""신도림동"", ""문래동5가"", ""신도림동 2"", ""신정6동"", ""구로동"", ""가산 F2""]"
7b768b2566f7,2026-10-10,FPL001810,UAM0061,a4,4,4,1.0,VP002,잠실,VP011,천호,21,G5,F1,,F2,21:23:49,21:28:49,,,,300.0,,,,0,42845.14,arrival_unresolved,21:28:32,,7,"[""잠실 F1"", ""지점 3"", ""자양2동"", ""잠실대교 중간지점"", ""지점 4"", ""천호대교 중간지점"", ""천호 F2""]"
7b768b2566f7,2026-10-10,FPL001811,UAM0017,a4,4,4,1.0,VP013,강남,VP001,여의도,21,G8,F1,,F2,21:28:59,21:49:01,,,,1201.92,,,,1203.02,41439.76,arrival_unresolved,21:48:44,,12,"[""강남 F1"", ""반포1동"", ""주흥교"", ""잠원동"", ""잠원동 2"", ""반포동"", ""이촌동"", ""이촌동 2"", ""이촌2동"", ""여의동 2"", ""지점 32"", ""여의도 F2""]"
7b768b2566f7,2026-10-10,FPL001812,UAM0036,a4,4,4,1.0,VP006,미아,VP009,성수,21,G2,F1,,F2,21:24:28,21:35:20,,,,652.08,,,,338.0,42109.1,arrival_unresolved,21:35:03,,15,"[""미아 F1"", ""월계동"", ""월계3동"", ""공릉1동 2"", ""월릉교"", ""중화동"", ""중랑철교"", ""중랑천 제방길"", ""지점"", ""중곡1동"", ""송정동"", ""건대입구"", ""청담대교 중간지점"", ""지점 2"", ""성수 F2""]"
7b768b2566f7,2026-10-10,FPL001813,UAM0027,a4,4,4,1.0,VP007,봉천,VP011,천호,21,G4,F1,,F2,21:31:22,21:37:22,,,,360.0,,,,467.48,41913.74,arrival_unresolved,21:37:05,,22,"[""봉천 F1"", ""봉천동"", ""행운동"", ""인헌동"", ""남현동"", ""방배2동"", ""방배동"", ""지점 19"", ""경부고속도로 양재천 다리"", ""양재동"", ""지점 10"", ""지점 8"", ""지점 7"", ""지점 6"", ""대치교"", ""잠실7동"", ""지점 3"", ""자양2동"", ""잠실대교 중간지점"", ""지점 4"", ""천호대교 중간지점"", ""천호 F2""]"
7b768b2566f7,2026-10-10,FPL001814,UAM0075,a4,4,4,1.0,VP017,수서,VP009,성수,21,G5,F1,,F2,21:32:17,21:38:45,,,,388.16,,,,534.96,42237.6,arrival_unresolved,21:38:28,,7,"[""수서 F1"", ""개포3동"", ""잠실7동"", ""지점 3"", ""청담대교 중간지점"", ""지점 2"", ""성수 F2""]"
7b768b2566f7,2026-10-10,FPL001815,UAM0063,a4,4,4,1.0,VP014,가산,VP007,봉천,21,G3,F1,,F2,21:28:04,21:43:31,,,,927.2,,,,799.28,41857.16,arrival_unresolved,21:43:15,,7,"[""가산 F1"", ""가산동"", ""지점 9"", ""신사동 3"", ""신림동 2"", ""신림동"", ""봉천 F2""]"
7b768b2566f7,2026-10-10,FPL001816,UAM0047,a4,4,4,1.0,VP011,천호,VP003,상암,21,G1,F1,,F2,21:25:38,22:06:40,,,,2462.0,,,,2119.76,40114.2,arrival_unresolved,22:06:23,,22,"[""천호 F1"", ""천호대교 중간지점"", ""지점 4"", ""잠실대교 중간지점"", ""자양2동"", ""청담대교 중간지점"", ""지점 2"", ""성수대교 남단"", ""신사동"", ""약수동"", ""지점 39"", ""후암동"", ""회현동2가"", ""남영동"", ""충정로3가"", ""아현동"", ""대현동"", ""20통"", ""동교동"", ""서교동"", ""합정동"", ""상암 F2""]"
7b768b2566f7,2026-10-10,FPL001817,UAM0030,a4,4,4,1.0,VP009,성수,VP007,봉천,21,G4,F1,,F2,21:25:41,21:31:00,,,,319.46,,,,19.46,42509.48,arrival_unresolved,21:30:43,,18,"[""성수 F1"", ""성수대교 남단"", ""신사동"", ""신사동 2"", ""잠원동 2"", ""반포동"", ""이촌동"", ""동작동 2"", ""동작동"", ""방배4동"", ""사당1동 2"", ""사당1동"", ""방배2동"", ""남현동"", ""인헌동"", ""행운동"", ""봉천동"", ""봉천 F2""]"
7b768b2566f7,2026-10-10,FPL001818,UAM0071,a4,4,4,1.0,VP018,인천,VP017,수서,21,G7,F1,,F2,21:29:41,21:34:41,,,,300.0,,,,211.94,41130.3,arrival_unresolved,21:34:24,,35,"[""인천 F1"", ""운북동"", ""영종동"", ""지점 26"", ""지점 27"", ""지점 28"", ""간석3동"", ""지점 37"", ""지점 29"", ""지점 30"", ""지점 31"", ""지점 17"", ""가산동"", ""지점 9"", ""신사동 3"", ""신림동 2"", ""신림동"", ""은천동"", ""봉천동"", ""행운동"", ""인헌동"", ""남현동"", ""방배2동"", ""방배동"", ""지점 19"", ""경부고속도로 양재천 다리"", ""양재동"", ""지점 10"", ""지점 8"", ""지점 7"", ""지점 6"", ""대치교"", ""잠실7동"", ""개포3동"", ""수서 F2""]"
7b768b2566f7,2026-10-10,FPL001819,UAM0057,a4,4,4,1.0,VP012,광화문,VP009,성수,21,G1,F1,G1,F2,21:28:19,21:38:11,21:45:40,21:50:37,22:00:37,592.08,448.4,297.28,1337.76,278.0,0.0,ready,21:37:54,465.2,8,"[""광화문 F1"", ""회현동2가"", ""후암동"", ""지점 39"", ""약수동"", ""신사동"", ""성수대교 남단"", ""성수 F2""]"
7b768b2566f7,2026-10-10,FPL001820,UAM0004,a4,4,4,1.0,VP013,강남,VP018,인천,21,G4,F1,G3,F2,21:28:47,21:54:22,22:22:38,22:27:50,22:37:50,1534.86,1696.8,311.36,3543.02,1206.7,0.0,ready,21:54:05,1713.6,29,"[""강남 F1"", ""서초2동 2"", ""지점 21"", ""경부고속도로 양재천 다리"", ""지점 19"", ""방배동"", ""방배2동"", ""남현동"", ""인헌동"", ""행운동"", ""봉천동"", ""은천동"", ""신림동"", ""신림동 2"", ""신사동 3"", ""지점 9"", ""가산동"", ""지점 17"", ""지점 31"", ""지점 30"", ""지점 29"", ""지점 37"", ""간석3동"", ""지점 28"", ""지점 27"", ""지점 26"", ""영종동"", ""운북동"", ""인천 F2""]"
7b768b2566f7,2026-10-10,FPL001821,UAM0026,a4,4,4,1.0,VP002,잠실,VP001,여의도,21,G6,F1,,F2,21:29:10,21:34:10,,,,300.0,,,,0,42212.7,arrival_unresolved,21:33:53,,15,"[""잠실 F1"", ""지점 3"", ""청담대교 중간지점"", ""지점 2"", ""성수대교 남단"", ""신사동"", ""신사동 2"", ""잠원동 2"", ""반포동"", ""이촌동"", ""이촌동 2"", ""이촌2동"", ""여의동 2"", ""지점 32"", ""여의도 F2""]"
7b768b2566f7,2026-10-10,FPL001822,UAM0090,a4,4,4,1.0,VP014,가산,VP009,성수,21,G4,F1,,F2,21:32:37,21:48:52,,,,975.36,,,,859.28,41205.42,arrival_unresolved,21:48:35,,18,"[""가산 F1"", ""구로동"", ""신정6동"", ""신도림동 2"", ""문래동5가"", ""신도림동"", ""영등포"", ""지점 13"", ""지점 14"", ""이촌2동"", ""이촌동 2"", ""이촌동"", ""반포동"", ""잠원동 2"", ""신사동 2"", ""신사동"", ""성수대교 남단"", ""성수 F2""]"
7b768b2566f7,2026-10-10,FPL001823,UAM0038,a4,4,4,1.0,VP017,수서,VP012,광화문,21,G4,F1,G4,F2,21:41:12,21:46:26,21:56:52,22:01:36,22:11:36,314.08,626.1,283.2,1223.38,707.44,0.0,ready,21:46:09,642.9,13,"[""수서 F1"", ""개포3동"", ""잠실7동"", ""지점 3"", ""청담대교 중간지점"", ""지점 2"", ""성수대교 남단"", ""신사동"", ""약수동"", ""지점 39"", ""후암동"", ""회현동2가"", ""광화문 F2""]"
7b768b2566f7,2026-10-10,FPL001824,UAM0064,a4,4,4,1.0,VP001,여의도,VP013,강남,21,G3,F1,G3,F2,21:31:19,21:39:19,21:49:49,21:55:01,22:05:01,479.54,630.8,311.36,1421.7,280.4,0.0,ready,21:39:02,647.6,12,"[""여의도 F1"", ""지점 32"", ""여의동 2"", ""이촌2동"", ""이촌동 2"", ""이촌동"", ""반포동"", ""잠원동 2"", ""잠원동"", ""주흥교"", ""반포1동"", ""강남 F2""]"
7b768b2566f7,2026-10-10,FPL001825,UAM0068,a4,4,4,1.0,VP016,망우,VP017,수서,21,G3,F1,,F2,21:35:08,21:40:08,,,,300.0,,,,316.22,41949.22,arrival_unresolved,21:39:52,,12,"[""망우 F1"", ""중랑철교"", ""중랑천 제방길"", ""지점"", ""중곡1동"", ""송정동"", ""건대입구"", ""청담대교 중간지점"", ""지점 3"", ""잠실7동"", ""개포3동"", ""수서 F2""]"
